O_ORDERKEY,O_ORDERDATE,O_TOTALPRICE,O_ORDERSTATUS,O_ORDERPRIORITY,CUSTOMER_NAME,MARKET_SEGMENT,NATION,REGION

4100452,1992-01-01,33168.53,F,5-LOW,Customer#000098851,FURNITURE,EGYPT,MIDDLE EAST
1673569,1992-01-01,268273.88,F,1-URGENT,Customer#000107912,HOUSEHOLD,MOZAMBIQUE,AFRICA
368004,1992-01-01,114584.07,F,2-HIGH,Customer#000115313,FURNITURE,CANADA,AMERICA
5714757,1992-01-01,144932.69,F,1-URGENT,Customer#000058784,AUTOMOBILE,INDONESIA,ASIA
3785735,1992-01-01,83361.75,F,5-LOW,Customer#000055097,AUTOMOBILE,INDONESIA,ASIA
628352,1992-01-01,306687.23,F,2-HIGH,Customer#000024943,BUILDING,IRAQ,MIDDLE EAST
4811553,1992-01-01,154736.63,F,1-URGENT,Customer#000096974,HOUSEHOLD,ALGERIA,AFRICA
3070311,1992-01-01,166878.79,F,4-NOT SPECIFIED,Customer#000138256,AUTOMOBILE,PERU,AMERICA
4554916,1992-01-01,268561.22,F,3-MEDIUM,Customer#000111454,BUILDING,GERMANY,EUROPE
3446912,1992-01-01,79733.77,F,1-URGENT,Customer#000118354,MACHINERY,KENYA,AFRICA
5276642,1992-01-01,108636.43,F,4-NOT SPECIFIED,Customer#000118778,FURNITURE,CANADA,AMERICA
1410629,1992-01-01,71742.20,F,2-HIGH,Customer#000061826,HOUSEHOLD,UNITED STATES,AMERICA
721220,1992-01-01,223915.66,F,4-NOT SPECIFIED,Customer#000009263,BUILDING,JAPAN,ASIA
1359333,1992-01-01,89855.20,F,5-LOW,Customer#000053218,AUTOMOBILE,IRAQ,MIDDLE EAST
4324771,1992-01-01,154357.68,F,1-URGENT,Customer#000142297,AUTOMOBILE,ALGERIA,AFRICA
3696455,1992-01-01,120461.63,F,4-NOT SPECIFIED,Customer#000055804,AUTOMOBILE,EGYPT,MIDDLE EAST
5121094,1992-01-01,185795.72,F,4-NOT SPECIFIED,Customer#000023882,FURNITURE,FRANCE,EUROPE
1604453,1992-01-01,42352.59,F,1-URGENT,Customer#000000890,BUILDING,EGYPT,MIDDLE EAST
1247234,1992-01-01,48177.60,F,1-URGENT,Customer#000103238,MACHINERY,ROMANIA,EUROPE
1401891,1992-01-01,61829.17,F,3-MEDIUM,Customer#000005509,MACHINERY,EGYPT,MIDDLE EAST
4031011,1992-01-01,49104.47,F,3-MEDIUM,Customer#000047971,BUILDING,KENYA,AFRICA
1837095,1992-01-01,64670.94,F,3-MEDIUM,Customer#000043300,AUTOMOBILE,GERMANY,EUROPE
5688898,1992-01-01,133438.21,F,5-LOW,Customer#000006422,HOUSEHOLD,BRAZIL,AMERICA
5165159,1992-01-01,163987.29,F,1-URGENT,Customer#000141004,HOUSEHOLD,IRAN,MIDDLE EAST
3518178,1992-01-01,33664.11,F,3-MEDIUM,Customer#000018968,HOUSEHOLD,GERMANY,EUROPE
441253,1992-01-01,182521.99,F,2-HIGH,Customer#000083678,AUTOMOBILE,ALGERIA,AFRICA
4667937,1992-01-01,63863.22,F,4-NOT SPECIFIED,Customer#000138505,MACHINERY,MOROCCO,AFRICA
5326274,1992-01-01,54695.19,F,1-URGENT,Customer#000099784,AUTOMOBILE,UNITED KINGDOM,EUROPE
5663939,1992-01-01,210956.69,F,2-HIGH,Customer#000049988,BUILDING,MOROCCO,AFRICA
5277504,1992-01-01,54221.28,F,2-HIGH,Customer#000038828,FURNITURE,CHINA,ASIA
3266373,1992-01-01,149745.24,F,4-NOT SPECIFIED,Customer#000068126,BUILDING,JAPAN,ASIA
4204423,1992-01-01,164002.21,F,1-URGENT,Customer#000047534,AUTOMOBILE,ALGERIA,AFRICA
4376420,1992-01-01,254440.84,F,4-NOT SPECIFIED,Customer#000009799,HOUSEHOLD,GERMANY,EUROPE
2643653,1992-01-01,88713.44,F,3-MEDIUM,Customer#000126457,BUILDING,CHINA,ASIA
2741217,1992-01-01,162804.34,F,5-LOW,Customer#000010252,FURNITURE,CHINA,ASIA
5073441,1992-01-01,373074.30,F,1-URGENT,Customer#000117568,BUILDING,UNITED STATES,AMERICA
2083685,1992-01-01,74430.49,F,2-HIGH,Customer#000095581,BUILDING,ETHIOPIA,AFRICA
1133666,1992-01-01,228354.84,F,1-URGENT,Customer#000122833,AUTOMOBILE,SAUDI ARABIA,MIDDLE EAST
1608033,1992-01-01,27580.78,F,4-NOT SPECIFIED,Customer#000091699,AUTOMOBILE,SAUDI ARABIA,MIDDLE EAST
4649571,1992-01-01,70615.62,F,2-HIGH,Customer#000138610,MACHINERY,MOROCCO,AFRICA
1719271,1992-01-01,60889.56,F,1-URGENT,Customer#000046345,BUILDING,ARGENTINA,AMERICA
3053511,1992-01-01,4663.66,F,4-NOT SPECIFIED,Customer#000011788,BUILDING,ROMANIA,EUROPE
5185474,1992-01-01,41299.00,F,3-MEDIUM,Customer#000034390,FURNITURE,MOROCCO,AFRICA
656230,1992-01-01,132230.78,F,3-MEDIUM,Customer#000134236,BUILDING,PERU,AMERICA
1006694,1992-01-01,72103.29,F,4-NOT SPECIFIED,Customer#000056521,BUILDING,ALGERIA,AFRICA
5287876,1992-01-01,59111.99,F,2-HIGH,Customer#000061312,BUILDING,CHINA,ASIA
4435329,1992-01-01,42314.46,F,2-HIGH,Customer#000024727,BUILDING,ROMANIA,EUROPE
1038022,1992-01-01,74167.19,F,4-NOT SPECIFIED,Customer#000067475,HOUSEHOLD,JAPAN,ASIA
3172390,1992-01-01,187398.07,F,5-LOW,Customer#000031013,FURNITURE,ETHIOPIA,AFRICA
4055584,1992-01-01,62959.75,F,1-URGENT,Customer#000065296,FURNITURE,ARGENTINA,AMERICA
2992996,1992-01-01,93559.29,F,1-URGENT,Customer#000113594,AUTOMOBILE,INDONESIA,ASIA
2977088,1992-01-01,173651.65,F,4-NOT SPECIFIED,Customer#000031831,HOUSEHOLD,IRAN,MIDDLE EAST
4953216,1992-01-01,161867.47,F,2-HIGH,Customer#000063443,AUTOMOBILE,EGYPT,MIDDLE EAST
2144770,1992-01-01,151534.01,F,4-NOT SPECIFIED,Customer#000073481,AUTOMOBILE,RUSSIA,EUROPE
2534624,1992-01-01,188523.28,F,2-HIGH,Customer#000137477,BUILDING,PERU,AMERICA
4697030,1992-01-01,165295.28,F,4-NOT SPECIFIED,Customer#000072215,FURNITURE,JAPAN,ASIA
4967591,1992-01-01,244459.88,F,3-MEDIUM,Customer#000047392,MACHINERY,ALGERIA,AFRICA
4764353,1992-01-01,283692.30,F,4-NOT SPECIFIED,Customer#000043373,AUTOMOBILE,INDONESIA,ASIA
2109282,1992-01-01,336524.54,F,2-HIGH,Customer#000117200,FURNITURE,MOZAMBIQUE,AFRICA
4224195,1992-01-01,1611.56,F,4-NOT SPECIFIED,Customer#000109165,AUTOMOBILE,UNITED STATES,AMERICA
5230983,1992-01-01,118659.19,F,2-HIGH,Customer#000017825,AUTOMOBILE,ETHIOPIA,AFRICA
176768,1992-01-01,378570.27,F,1-URGENT,Customer#000112850,HOUSEHOLD,KENYA,AFRICA
5782625,1992-01-01,159569.58,F,3-MEDIUM,Customer#000145031,HOUSEHOLD,SAUDI ARABIA,MIDDLE EAST
4505796,1992-01-01,134879.74,F,3-MEDIUM,Customer#000051283,MACHINERY,CHINA,ASIA
5419109,1992-01-01,254202.69,F,5-LOW,Customer#000091057,FURNITURE,ALGERIA,AFRICA
1913443,1992-01-01,341542.98,F,4-NOT SPECIFIED,Customer#000132799,AUTOMOBILE,MOROCCO,AFRICA
5969254,1992-01-01,101115.76,F,5-LOW,Customer#000098558,MACHINERY,IRAN,MIDDLE EAST
2284740,1992-01-01,138569.34,F,3-MEDIUM,Customer#000140584,MACHINERY,BRAZIL,AMERICA
2048934,1992-01-01,174743.54,F,4-NOT SPECIFIED,Customer#000098677,BUILDING,EGYPT,MIDDLE EAST
1974598,1992-01-01,166542.39,F,1-URGENT,Customer#000123511,HOUSEHOLD,CANADA,AMERICA
5775681,1992-01-01,136673.28,F,4-NOT SPECIFIED,Customer#000133768,MACHINERY,JORDAN,MIDDLE EAST
3163814,1992-01-01,135167.16,F,3-MEDIUM,Customer#000060544,MACHINERY,VIETNAM,ASIA
1285220,1992-01-01,336196.56,F,3-MEDIUM,Customer#000131153,MACHINERY,GERMANY,EUROPE
795073,1992-01-01,239786.72,F,1-URGENT,Customer#000083155,AUTOMOBILE,RUSSIA,EUROPE
5998247,1992-01-01,210703.01,F,1-URGENT,Customer#000014444,AUTOMOBILE,BRAZIL,AMERICA
4262209,1992-01-01,108443.93,F,4-NOT SPECIFIED,Customer#000092453,HOUSEHOLD,ALGERIA,AFRICA
1104708,1992-01-01,245667.49,F,3-MEDIUM,Customer#000048770,FURNITURE,RUSSIA,EUROPE
706371,1992-01-01,13231.12,F,1-URGENT,Customer#000073999,MACHINERY,MOROCCO,AFRICA
3626148,1992-01-01,199201.54,F,1-URGENT,Customer#000048725,MACHINERY,UNITED KINGDOM,EUROPE
1880321,1992-01-01,6898.30,F,1-URGENT,Customer#000016021,MACHINERY,JORDAN,MIDDLE EAST
3182115,1992-01-01,176247.51,F,2-HIGH,Customer#000074683,MACHINERY,EGYPT,MIDDLE EAST
3839363,1992-01-01,89432.32,F,3-MEDIUM,Customer#000090862,HOUSEHOLD,EGYPT,MIDDLE EAST
249668,1992-01-01,39757.18,F,2-HIGH,Customer#000115781,AUTOMOBILE,ETHIOPIA,AFRICA
727232,1992-01-01,105953.38,F,3-MEDIUM,Customer#000025193,HOUSEHOLD,RUSSIA,EUROPE
1123776,1992-01-01,22386.32,F,3-MEDIUM,Customer#000055729,MACHINERY,JAPAN,ASIA
5520036,1992-01-01,177395.28,F,5-LOW,Customer#000005674,MACHINERY,SAUDI ARABIA,MIDDLE EAST
463072,1992-01-01,369552.45,F,1-URGENT,Customer#000054256,HOUSEHOLD,GERMANY,EUROPE
5653190,1992-01-01,107722.87,F,4-NOT SPECIFIED,Customer#000017830,AUTOMOBILE,ARGENTINA,AMERICA
2069926,1992-01-01,83426.49,F,5-LOW,Customer#000029233,BUILDING,CHINA,ASIA
5566467,1992-01-01,215596.54,F,3-MEDIUM,Customer#000005240,HOUSEHOLD,UNITED KINGDOM,EUROPE
5660774,1992-01-01,107817.53,F,1-URGENT,Customer#000053731,HOUSEHOLD,RUSSIA,EUROPE
4606436,1992-01-01,116278.04,F,5-LOW,Customer#000043774,AUTOMOBILE,CANADA,AMERICA
5205888,1992-01-01,59350.55,F,3-MEDIUM,Customer#000125902,HOUSEHOLD,FRANCE,EUROPE
1399905,1992-01-01,171569.00,F,1-URGENT,Customer#000143111,FURNITURE,VIETNAM,ASIA
1377542,1992-01-01,387570.61,F,4-NOT SPECIFIED,Customer#000067691,MACHINERY,KENYA,AFRICA
175975,1992-01-01,285691.00,F,2-HIGH,Customer#000007511,HOUSEHOLD,EGYPT,MIDDLE EAST
4227367,1992-01-01,243428.91,F,3-MEDIUM,Customer#000017074,FURNITURE,UNITED STATES,AMERICA
5431079,1992-01-01,163143.97,F,1-URGENT,Customer#000081157,MACHINERY,CHINA,ASIA
4813991,1992-01-01,11780.20,F,5-LOW,Customer#000047009,HOUSEHOLD,SAUDI ARABIA,MIDDLE EAST
5613031,1992-01-01,70330.21,F,4-NOT SPECIFIED,Customer#000049306,BUILDING,VIETNAM,ASIA
5672545,1992-01-01,144768.27,F,5-LOW,Customer#000114925,BUILDING,UNITED KINGDOM,EUROPE
5497253,1992-01-01,134073.29,F,3-MEDIUM,Customer#000146203,MACHINERY,ROMANIA,EUROPE
3654977,1992-01-01,359017.57,F,4-NOT SPECIFIED,Customer#000104146,FURNITURE,GERMANY,EUROPE
5729347,1992-01-01,66694.33,F,5-LOW,Customer#000055819,MACHINERY,IRAN,MIDDLE EAST
4390050,1992-01-01,64785.58,F,5-LOW,Customer#000046304,BUILDING,UNITED STATES,AMERICA
2185830,1992-01-01,187083.34,F,1-URGENT,Customer#000061324,FURNITURE,IRAQ,MIDDLE EAST
4847269,1992-01-01,134017.51,F,4-NOT SPECIFIED,Customer#000145130,FURNITURE,UNITED KINGDOM,EUROPE
4848802,1992-01-01,260781.53,F,5-LOW,Customer#000053111,FURNITURE,RUSSIA,EUROPE
3608804,1992-01-01,116625.99,F,2-HIGH,Customer#000109663,BUILDING,MOROCCO,AFRICA
1832480,1992-01-01,58617.15,F,1-URGENT,Customer#000070841,BUILDING,JORDAN,MIDDLE EAST
5559747,1992-01-01,210745.87,F,3-MEDIUM,Customer#000040342,HOUSEHOLD,VIETNAM,ASIA
3584578,1992-01-01,241830.94,F,5-LOW,Customer#000051349,HOUSEHOLD,EGYPT,MIDDLE EAST
3454183,1992-01-01,215028.44,F,2-HIGH,Customer#000040573,AUTOMOBILE,FRANCE,EUROPE
639553,1992-01-01,170266.70,F,5-LOW,Customer#000109993,FURNITURE,ROMANIA,EUROPE
3537221,1992-01-01,182533.08,F,5-LOW,Customer#000073198,AUTOMOBILE,VIETNAM,ASIA
4844614,1992-01-01,332010.44,F,5-LOW,Customer#000061484,FURNITURE,UNITED STATES,AMERICA
3552900,1992-01-01,240868.93,F,2-HIGH,Customer#000060383,MACHINERY,JORDAN,MIDDLE EAST
1304070,1992-01-01,215548.64,F,2-HIGH,Customer#000007999,FURNITURE,CHINA,ASIA
1255365,1992-01-01,127306.02,F,4-NOT SPECIFIED,Customer#000107173,MACHINERY,CHINA,ASIA
2526177,1992-01-01,73562.25,F,5-LOW,Customer#000063160,BUILDING,INDONESIA,ASIA
2303527,1992-01-01,224225.71,F,4-NOT SPECIFIED,Customer#000027770,BUILDING,UNITED KINGDOM,EUROPE
913152,1992-01-01,264990.40,F,5-LOW,Customer#000087788,FURNITURE,CANADA,AMERICA
5781479,1992-01-01,13949.47,F,5-LOW,Customer#000065527,AUTOMOBILE,PERU,AMERICA
2543170,1992-01-01,193343.04,F,4-NOT SPECIFIED,Customer#000135391,BUILDING,ARGENTINA,AMERICA
302497,1992-01-01,290252.88,F,1-URGENT,Customer#000133474,AUTOMOBILE,BRAZIL,AMERICA
4513792,1992-01-01,256472.66,F,4-NOT SPECIFIED,Customer#000144545,AUTOMOBILE,ETHIOPIA,AFRICA
874625,1992-01-01,36341.42,F,4-NOT SPECIFIED,Customer#000102112,FURNITURE,ARGENTINA,AMERICA
1054181,1992-01-01,197231.04,F,5-LOW,Customer#000139421,FURNITURE,KENYA,AFRICA
5383875,1992-01-01,36154.62,F,4-NOT SPECIFIED,Customer#000048292,AUTOMOBILE,SAUDI ARABIA,MIDDLE EAST
1794374,1992-01-01,276503.67,F,5-LOW,Customer#000035326,AUTOMOBILE,VIETNAM,ASIA
5051174,1992-01-01,98298.58,F,5-LOW,Customer#000009581,HOUSEHOLD,GERMANY,EUROPE
5283303,1992-01-01,323197.59,F,5-LOW,Customer#000054475,HOUSEHOLD,IRAN,MIDDLE EAST
1875747,1992-01-01,218918.07,F,4-NOT SPECIFIED,Customer#000114898,MACHINERY,MOROCCO,AFRICA
161954,1992-01-01,185276.67,F,3-MEDIUM,Customer#000127711,AUTOMOBILE,GERMANY,EUROPE
1559970,1992-01-01,297242.75,F,4-NOT SPECIFIED,Customer#000060217,BUILDING,PERU,AMERICA
1211207,1992-01-01,141243.35,F,4-NOT SPECIFIED,Customer#000062329,MACHINERY,UNITED STATES,AMERICA
1110658,1992-01-01,83975.51,F,1-URGENT,Customer#000093866,AUTOMOBILE,ETHIOPIA,AFRICA
1069285,1992-01-01,175112.11,F,1-URGENT,Customer#000128716,FURNITURE,PERU,AMERICA
3440037,1992-01-01,108481.67,F,1-URGENT,Customer#000002504,BUILDING,FRANCE,EUROPE
4550146,1992-01-01,178496.00,F,4-NOT SPECIFIED,Customer#000128497,AUTOMOBILE,CANADA,AMERICA
3608005,1992-01-01,92809.66,F,2-HIGH,Customer#000125365,AUTOMOBILE,RUSSIA,EUROPE
4804226,1992-01-01,134070.93,F,5-LOW,Customer#000007403,HOUSEHOLD,KENYA,AFRICA
5885633,1992-01-01,191812.25,F,1-URGENT,Customer#000071485,MACHINERY,JORDAN,MIDDLE EAST
964006,1992-01-01,145524.76,F,3-MEDIUM,Customer#000009118,AUTOMOBILE,CANADA,AMERICA
821696,1992-01-01,121228.25,F,2-HIGH,Customer#000041077,AUTOMOBILE,FRANCE,EUROPE
4880773,1992-01-01,170410.46,F,4-NOT SPECIFIED,Customer#000015901,MACHINERY,MOROCCO,AFRICA
4868679,1992-01-01,236159.87,F,5-LOW,Customer#000102253,FURNITURE,CANADA,AMERICA
4522082,1992-01-01,270220.33,F,5-LOW,Customer#000033646,BUILDING,IRAN,MIDDLE EAST
4582561,1992-01-01,213904.02,F,4-NOT SPECIFIED,Customer#000036779,AUTOMOBILE,KENYA,AFRICA
560930,1992-01-01,258184.79,F,3-MEDIUM,Customer#000025048,FURNITURE,UNITED STATES,AMERICA
5863808,1992-01-01,260875.08,F,3-MEDIUM,Customer#000093251,BUILDING,UNITED KINGDOM,EUROPE
1215648,1992-01-01,136402.86,F,4-NOT SPECIFIED,Customer#000135569,MACHINERY,CANADA,AMERICA
3737891,1992-01-01,158735.30,F,3-MEDIUM,Customer#000013330,FURNITURE,IRAN,MIDDLE EAST
3240576,1992-01-01,214460.81,F,4-NOT SPECIFIED,Customer#000034246,BUILDING,CHINA,ASIA
857472,1992-01-01,343864.30,F,3-MEDIUM,Customer#000097922,AUTOMOBILE,CANADA,AMERICA
339300,1992-01-01,315182.87,F,4-NOT SPECIFIED,Customer#000044791,AUTOMOBILE,ETHIOPIA,AFRICA
1244838,1992-01-01,202577.28,F,4-NOT SPECIFIED,Customer#000058181,BUILDING,ROMANIA,EUROPE
4749669,1992-01-01,68207.98,F,4-NOT SPECIFIED,Customer#000088795,HOUSEHOLD,JORDAN,MIDDLE EAST
2505350,1992-01-01,128241.82,F,4-NOT SPECIFIED,Customer#000094019,FURNITURE,BRAZIL,AMERICA
2913059,1992-01-01,312585.95,F,1-URGENT,Customer#000078763,HOUSEHOLD,UNITED STATES,AMERICA
4681636,1992-01-01,122067.55,F,3-MEDIUM,Customer#000126137,BUILDING,CANADA,AMERICA
5104800,1992-01-01,208199.37,F,5-LOW,Customer#000105944,MACHINERY,VIETNAM,ASIA
3954465,1992-01-01,50896.00,F,3-MEDIUM,Customer#000083902,MACHINERY,SAUDI ARABIA,MIDDLE EAST
2569185,1992-01-01,52506.92,F,2-HIGH,Customer#000041092,HOUSEHOLD,ARGENTINA,AMERICA
5922213,1992-01-01,120033.79,F,3-MEDIUM,Customer#000088210,HOUSEHOLD,KENYA,AFRICA
1685828,1992-01-01,140888.13,F,1-URGENT,Customer#000053842,BUILDING,ETHIOPIA,AFRICA
3870533,1992-01-01,117573.13,F,4-NOT SPECIFIED,Customer#000038558,FURNITURE,VIETNAM,ASIA
5390343,1992-01-01,263930.64,F,5-LOW,Customer#000131869,FURNITURE,PERU,AMERICA
3042913,1992-01-01,134965.04,F,3-MEDIUM,Customer#000051220,BUILDING,MOROCCO,AFRICA
5825536,1992-01-01,104929.66,F,4-NOT SPECIFIED,Customer#000014428,FURNITURE,ROMANIA,EUROPE
2153317,1992-01-01,289367.20,F,4-NOT SPECIFIED,Customer#000010762,HOUSEHOLD,UNITED STATES,AMERICA
5551524,1992-01-01,252718.44,F,3-MEDIUM,Customer#000076079,BUILDING,JAPAN,ASIA
4443042,1992-01-01,127646.50,F,4-NOT SPECIFIED,Customer#000089728,BUILDING,UNITED STATES,AMERICA
5644391,1992-01-01,30414.09,F,2-HIGH,Customer#000100300,HOUSEHOLD,IRAN,MIDDLE EAST
4861346,1992-01-01,164391.91,F,3-MEDIUM,Customer#000120718,FURNITURE,IRAN,MIDDLE EAST
1070688,1992-01-01,20109.29,F,2-HIGH,Customer#000036031,FURNITURE,JORDAN,MIDDLE EAST
45697,1992-01-01,345167.47,F,4-NOT SPECIFIED,Customer#000109417,FURNITURE,FRANCE,EUROPE
5051553,1992-01-01,57066.85,F,2-HIGH,Customer#000081523,FURNITURE,FRANCE,EUROPE
1139266,1992-01-01,29148.58,F,4-NOT SPECIFIED,Customer#000017032,BUILDING,ARGENTINA,AMERICA
3421223,1992-01-01,106203.69,F,3-MEDIUM,Customer#000125926,MACHINERY,VIETNAM,ASIA
1782787,1992-01-01,225309.30,F,2-HIGH,Customer#000078266,MACHINERY,SAUDI ARABIA,MIDDLE EAST
5984835,1992-01-01,114833.87,F,5-LOW,Customer#000093515,MACHINERY,CHINA,ASIA
2033824,1992-01-01,60916.14,F,3-MEDIUM,Customer#000082363,FURNITURE,EGYPT,MIDDLE EAST
3558821,1992-01-01,28424.16,F,1-URGENT,Customer#000019513,BUILDING,CHINA,ASIA
1639335,1992-01-01,131756.60,F,2-HIGH,Customer#000132481,AUTOMOBILE,MOZAMBIQUE,AFRICA
515077,1992-01-01,289937.73,F,1-URGENT,Customer#000118834,HOUSEHOLD,VIETNAM,ASIA
621763,1992-01-01,47678.50,F,2-HIGH,Customer#000042481,FURNITURE,JAPAN,ASIA
3897508,1992-01-01,106700.78,F,2-HIGH,Customer#000081665,FURNITURE,RUSSIA,EUROPE
1049991,1992-01-01,176702.59,F,4-NOT SPECIFIED,Customer#000125006,HOUSEHOLD,ARGENTINA,AMERICA
2323621,1992-01-01,321537.56,F,3-MEDIUM,Customer#000063367,FURNITURE,ROMANIA,EUROPE
1059425,1992-01-01,104080.64,F,1-URGENT,Customer#000110114,FURNITURE,VIETNAM,ASIA
2843298,1992-01-01,31236.18,F,3-MEDIUM,Customer#000116423,MACHINERY,SAUDI ARABIA,MIDDLE EAST
5416230,1992-01-01,25396.14,F,2-HIGH,Customer#000147377,FURNITURE,INDONESIA,ASIA
37543,1992-01-01,178835.23,F,3-MEDIUM,Customer#000124229,AUTOMOBILE,EGYPT,MIDDLE EAST
5628998,1992-01-01,163647.60,F,4-NOT SPECIFIED,Customer#000049814,BUILDING,JAPAN,ASIA
5660483,1992-01-01,32779.35,F,3-MEDIUM,Customer#000003583,FURNITURE,IRAQ,MIDDLE EAST
2882052,1992-01-01,146383.78,F,2-HIGH,Customer#000092074,MACHINERY,VIETNAM,ASIA
3009031,1992-01-01,71486.58,F,4-NOT SPECIFIED,Customer#000101677,BUILDING,MOROCCO,AFRICA
3668544,1992-01-01,277817.36,F,4-NOT SPECIFIED,Customer#000088306,MACHINERY,ARGENTINA,AMERICA
27015,1992-01-01,41753.82,F,5-LOW,Customer#000010954,BUILDING,ARGENTINA,AMERICA
5468352,1992-01-01,110782.99,F,1-URGENT,Customer#000035152,MACHINERY,CANADA,AMERICA
5742180,1992-01-01,82743.88,F,4-NOT SPECIFIED,Customer#000016432,HOUSEHOLD,MOROCCO,AFRICA
904677,1992-01-01,131999.75,F,2-HIGH,Customer#000003043,MACHINERY,UNITED STATES,AMERICA
2746852,1992-01-01,176804.44,F,3-MEDIUM,Customer#000113309,AUTOMOBILE,IRAQ,MIDDLE EAST
2559431,1992-01-01,232252.58,F,3-MEDIUM,Customer#000088238,FURNITURE,IRAN,MIDDLE EAST
3907655,1992-01-01,79666.39,F,1-URGENT,Customer#000149806,HOUSEHOLD,BRAZIL,AMERICA
2712033,1992-01-01,87136.11,F,5-LOW,Customer#000057046,HOUSEHOLD,JAPAN,ASIA
5235042,1992-01-01,265760.19,F,5-LOW,Customer#000140920,BUILDING,IRAN,MIDDLE EAST
4227684,1992-01-01,91077.37,F,3-MEDIUM,Customer#000117512,BUILDING,CHINA,ASIA
1430276,1992-01-01,135707.63,F,4-NOT SPECIFIED,Customer#000044831,BUILDING,JAPAN,ASIA
4280615,1992-01-01,185167.91,F,1-URGENT,Customer#000009937,AUTOMOBILE,ALGERIA,AFRICA
2469159,1992-01-01,73871.65,F,4-NOT SPECIFIED,Customer#000132268,HOUSEHOLD,ETHIOPIA,AFRICA
1157222,1992-01-01,236288.52,F,1-URGENT,Customer#000018431,MACHINERY,JORDAN,MIDDLE EAST
3142627,1992-01-01,147497.49,F,1-URGENT,Customer#000030505,MACHINERY,INDONESIA,ASIA
5586306,1992-01-01,80531.02,F,1-URGENT,Customer#000147610,HOUSEHOLD,IRAN,MIDDLE EAST
1298054,1992-01-01,196577.07,F,3-MEDIUM,Customer#000125599,BUILDING,VIETNAM,ASIA
1132739,1992-01-01,264146.93,F,4-NOT SPECIFIED,Customer#000139438,HOUSEHOLD,INDIA,ASIA
1290816,1992-01-01,45694.30,F,1-URGENT,Customer#000097643,HOUSEHOLD,FRANCE,EUROPE
5493955,1992-01-01,278531.67,F,3-MEDIUM,Customer#000030973,BUILDING,ROMANIA,EUROPE
458982,1992-01-01,231687.66,F,1-URGENT,Customer#000102265,BUILDING,CANADA,AMERICA
2884131,1992-01-01,135012.69,F,5-LOW,Customer#000055306,FURNITURE,IRAQ,MIDDLE EAST
3363171,1992-01-01,23994.94,F,1-URGENT,Customer#000050245,AUTOMOBILE,ALGERIA,AFRICA
1929409,1992-01-01,96761.03,F,5-LOW,Customer#000136064,FURNITURE,UNITED STATES,AMERICA
2391552,1992-01-01,203035.46,F,2-HIGH,Customer#000013075,MACHINERY,KENYA,AFRICA
1585734,1992-01-01,71204.97,F,3-MEDIUM,Customer#000064717,FURNITURE,ROMANIA,EUROPE
2325219,1992-01-01,161218.43,F,2-HIGH,Customer#000097931,AUTOMOBILE,CHINA,ASIA
4998912,1992-01-01,197232.78,F,4-NOT SPECIFIED,Customer#000047822,BUILDING,IRAQ,MIDDLE EAST
3919623,1992-01-01,146704.15,F,2-HIGH,Customer#000074039,BUILDING,RUSSIA,EUROPE
414725,1992-01-01,26960.83,F,5-LOW,Customer#000034972,HOUSEHOLD,CANADA,AMERICA
2343683,1992-01-01,210016.79,F,5-LOW,Customer#000079987,AUTOMOBILE,INDIA,ASIA
3583684,1992-01-01,172242.95,F,1-URGENT,Customer#000079039,BUILDING,JORDAN,MIDDLE EAST
5757698,1992-01-01,162025.64,F,3-MEDIUM,Customer#000059842,FURNITURE,UNITED KINGDOM,EUROPE
4137536,1992-01-01,253988.65,F,3-MEDIUM,Customer#000092660,MACHINERY,RUSSIA,EUROPE
115585,1992-01-01,201582.36,F,3-MEDIUM,Customer#000143335,MACHINERY,JORDAN,MIDDLE EAST
4578720,1992-01-01,167494.85,F,4-NOT SPECIFIED,Customer#000036575,AUTOMOBILE,UNITED STATES,AMERICA
2913477,1992-01-01,17771.85,F,1-URGENT,Customer#000069802,AUTOMOBILE,MOROCCO,AFRICA
3265059,1992-01-01,237794.16,F,4-NOT SPECIFIED,Customer#000046442,MACHINERY,KENYA,AFRICA
1203046,1992-01-01,327499.09,F,2-HIGH,Customer#000053731,HOUSEHOLD,RUSSIA,EUROPE
1868227,1992-01-01,123230.04,F,5-LOW,Customer#000147094,MACHINERY,UNITED STATES,AMERICA
1186308,1992-01-01,464569.20,F,1-URGENT,Customer#000023122,AUTOMOBILE,JORDAN,MIDDLE EAST
4473894,1992-01-01,230056.00,F,3-MEDIUM,Customer#000007408,HOUSEHOLD,EGYPT,MIDDLE EAST
5465024,1992-01-01,261629.71,F,3-MEDIUM,Customer#000084970,HOUSEHOLD,INDONESIA,ASIA
4097248,1992-01-01,61306.20,F,2-HIGH,Customer#000010945,FURNITURE,IRAN,MIDDLE EAST
5081635,1992-01-01,110395.41,F,5-LOW,Customer#000117493,AUTOMOBILE,KENYA,AFRICA
690274,1992-01-01,151055.28,F,5-LOW,Customer#000114347,MACHINERY,RUSSIA,EUROPE
1275397,1992-01-01,107936.11,F,3-MEDIUM,Customer#000035923,BUILDING,PERU,AMERICA
3657665,1992-01-01,212204.65,F,1-URGENT,Customer#000010867,FURNITURE,INDIA,ASIA
4484070,1992-01-01,189588.22,F,3-MEDIUM,Customer#000070184,MACHINERY,ARGENTINA,AMERICA
834854,1992-01-01,173464.35,F,4-NOT SPECIFIED,Customer#000062452,FURNITURE,JORDAN,MIDDLE EAST
4342979,1992-01-01,46747.10,F,4-NOT SPECIFIED,Customer#000022921,BUILDING,JAPAN,ASIA
303079,1992-01-01,52634.48,F,2-HIGH,Customer#000042031,FURNITURE,UNITED KINGDOM,EUROPE
4698852,1992-01-01,95149.33,F,4-NOT SPECIFIED,Customer#000006812,HOUSEHOLD,JAPAN,ASIA
4406368,1992-01-01,239003.62,F,2-HIGH,Customer#000041951,FURNITURE,IRAN,MIDDLE EAST
3694500,1992-01-01,213890.85,F,1-URGENT,Customer#000114967,FURNITURE,ALGERIA,AFRICA
3589984,1992-01-01,23784.76,F,1-URGENT,Customer#000077564,AUTOMOBILE,IRAQ,MIDDLE EAST
2865025,1992-01-01,129627.92,F,3-MEDIUM,Customer#000017204,MACHINERY,IRAN,MIDDLE EAST
1945668,1992-01-01,35079.98,F,3-MEDIUM,Customer#000047384,FURNITURE,ROMANIA,EUROPE
1115494,1992-01-01,188778.48,F,3-MEDIUM,Customer#000147511,AUTOMOBILE,ALGERIA,AFRICA
2494370,1992-01-01,173113.29,F,4-NOT SPECIFIED,Customer#000024451,HOUSEHOLD,INDONESIA,ASIA
638595,1992-01-01,196726.23,F,5-LOW,Customer#000027112,HOUSEHOLD,ETHIOPIA,AFRICA
2787906,1992-01-01,258056.02,F,3-MEDIUM,Customer#000145744,HOUSEHOLD,BRAZIL,AMERICA
2974083,1992-01-01,293255.09,F,1-URGENT,Customer#000122671,BUILDING,ETHIOPIA,AFRICA
5285063,1992-01-01,55443.03,F,2-HIGH,Customer#000095732,BUILDING,ALGERIA,AFRICA
2388551,1992-01-01,108001.12,F,5-LOW,Customer#000019363,HOUSEHOLD,UNITED STATES,AMERICA
3891367,1992-01-01,51498.52,F,3-MEDIUM,Customer#000142885,MACHINERY,KENYA,AFRICA
1049856,1992-01-01,237577.53,F,1-URGENT,Customer#000008194,FURNITURE,ALGERIA,AFRICA
5765569,1992-01-01,125642.54,F,2-HIGH,Customer#000016228,AUTOMOBILE,INDIA,ASIA
5988388,1992-01-01,16459.17,F,5-LOW,Customer#000119038,FURNITURE,CHINA,ASIA
1373925,1992-01-01,293129.13,F,1-URGENT,Customer#000005828,HOUSEHOLD,CHINA,ASIA
5493121,1992-01-01,204765.19,F,4-NOT SPECIFIED,Customer#000081674,AUTOMOBILE,IRAQ,MIDDLE EAST
1758628,1992-01-01,156832.52,F,5-LOW,Customer#000034207,BUILDING,PERU,AMERICA
5929827,1992-01-01,24227.77,F,2-HIGH,Customer#000022634,HOUSEHOLD,RUSSIA,EUROPE
613377,1992-01-01,47319.62,F,5-LOW,Customer#000143623,FURNITURE,IRAN,MIDDLE EAST
2954913,1992-01-01,44787.38,F,5-LOW,Customer#000147742,AUTOMOBILE,JAPAN,ASIA
5010052,1992-01-01,88178.84,F,3-MEDIUM,Customer#000104875,FURNITURE,ROMANIA,EUROPE
5820484,1992-01-01,233365.63,F,3-MEDIUM,Customer#000084034,BUILDING,INDIA,ASIA
3741763,1992-01-01,257934.19,F,2-HIGH,Customer#000077041,FURNITURE,IRAQ,MIDDLE EAST
1866913,1992-01-01,146642.72,F,3-MEDIUM,Customer#000129595,FURNITURE,MOZAMBIQUE,AFRICA
3643973,1992-01-01,33808.66,F,4-NOT SPECIFIED,Customer#000007367,AUTOMOBILE,EGYPT,MIDDLE EAST
3066403,1992-01-01,197226.51,F,5-LOW,Customer#000006926,HOUSEHOLD,RUSSIA,EUROPE
703012,1992-01-01,168049.28,F,3-MEDIUM,Customer#000132998,HOUSEHOLD,FRANCE,EUROPE
2335747,1992-01-01,132505.51,F,2-HIGH,Customer#000102724,HOUSEHOLD,UNITED KINGDOM,EUROPE
964547,1992-01-01,73824.03,F,1-URGENT,Customer#000070876,BUILDING,CHINA,ASIA
3958784,1992-01-01,79037.17,F,2-HIGH,Customer#000029084,BUILDING,CHINA,ASIA
2104164,1992-01-01,141688.86,F,2-HIGH,Customer#000020818,HOUSEHOLD,RUSSIA,EUROPE
3273383,1992-01-01,136121.79,F,1-URGENT,Customer#000098428,FURNITURE,BRAZIL,AMERICA
4158663,1992-01-01,233504.55,F,5-LOW,Customer#000029293,HOUSEHOLD,UNITED STATES,AMERICA
3704996,1992-01-01,249650.40,F,5-LOW,Customer#000087386,BUILDING,ROMANIA,EUROPE
1791557,1992-01-01,113624.84,F,4-NOT SPECIFIED,Customer#000026509,BUILDING,ARGENTINA,AMERICA
3891972,1992-01-01,260515.07,F,3-MEDIUM,Customer#000009883,FURNITURE,GERMANY,EUROPE
3600130,1992-01-01,100892.66,F,3-MEDIUM,Customer#000005081,FURNITURE,KENYA,AFRICA
287971,1992-01-01,35642.11,F,4-NOT SPECIFIED,Customer#000142165,AUTOMOBILE,ARGENTINA,AMERICA
3239905,1992-01-01,35381.07,F,3-MEDIUM,Customer#000104737,AUTOMOBILE,RUSSIA,EUROPE
2533476,1992-01-01,85919.88,F,4-NOT SPECIFIED,Customer#000131984,FURNITURE,INDIA,ASIA
4396228,1992-01-01,38388.16,F,5-LOW,Customer#000098177,AUTOMOBILE,FRANCE,EUROPE
5002593,1992-01-01,239519.17,F,2-HIGH,Customer#000146399,MACHINERY,INDIA,ASIA
1161669,1992-01-01,182968.18,F,1-URGENT,Customer#000126736,MACHINERY,JAPAN,ASIA
1656837,1992-01-01,241887.41,F,3-MEDIUM,Customer#000063331,BUILDING,MOROCCO,AFRICA
4538915,1992-01-01,78096.27,F,5-LOW,Customer#000090889,AUTOMOBILE,JAPAN,ASIA
3595365,1992-01-01,142728.24,F,3-MEDIUM,Customer#000054697,MACHINERY,INDONESIA,ASIA
3701600,1992-01-01,70243.99,F,2-HIGH,Customer#000065726,AUTOMOBILE,MOZAMBIQUE,AFRICA
3271,1992-01-01,125535.15,F,1-URGENT,Customer#000033058,AUTOMOBILE,SAUDI ARABIA,MIDDLE EAST
1792544,1992-01-01,80128.61,F,3-MEDIUM,Customer#000070669,HOUSEHOLD,IRAQ,MIDDLE EAST
4587877,1992-01-01,192535.10,F,4-NOT SPECIFIED,Customer#000012869,BUILDING,UNITED STATES,AMERICA
5804165,1992-01-01,212063.19,F,5-LOW,Customer#000140185,HOUSEHOLD,BRAZIL,AMERICA
436836,1992-01-01,179236.17,F,3-MEDIUM,Customer#000063235,HOUSEHOLD,JORDAN,MIDDLE EAST
5861955,1992-01-01,152865.64,F,5-LOW,Customer#000046804,BUILDING,INDIA,ASIA
3507392,1992-01-01,200835.93,F,4-NOT SPECIFIED,Customer#000015715,HOUSEHOLD,JORDAN,MIDDLE EAST
1543525,1992-01-01,45055.67,F,1-URGENT,Customer#000141085,FURNITURE,INDONESIA,ASIA
4336832,1992-01-01,168342.34,F,3-MEDIUM,Customer#000091963,HOUSEHOLD,MOROCCO,AFRICA
5505478,1992-01-01,261720.75,F,2-HIGH,Customer#000099932,BUILDING,UNITED KINGDOM,EUROPE
990147,1992-01-01,7331.75,F,3-MEDIUM,Customer#000069892,HOUSEHOLD,PERU,AMERICA
334181,1992-01-01,112019.96,F,2-HIGH,Customer#000028667,FURNITURE,GERMANY,EUROPE
721893,1992-01-01,296618.82,F,4-NOT SPECIFIED,Customer#000041219,AUTOMOBILE,JORDAN,MIDDLE EAST
3582149,1992-01-01,39782.02,F,5-LOW,Customer#000068408,FURNITURE,INDONESIA,ASIA
2001892,1992-01-01,153692.02,F,3-MEDIUM,Customer#000143665,BUILDING,CHINA,ASIA
2319395,1992-01-01,40025.05,F,1-URGENT,Customer#000047839,AUTOMOBILE,FRANCE,EUROPE
3575970,1992-01-01,172469.21,F,1-URGENT,Customer#000113317,MACHINERY,INDONESIA,ASIA
1950566,1992-01-01,260186.82,F,1-URGENT,Customer#000062045,FURNITURE,UNITED STATES,AMERICA
2330151,1992-01-01,300534.87,F,4-NOT SPECIFIED,Customer#000054469,BUILDING,CANADA,AMERICA
5706884,1992-01-01,180781.76,F,2-HIGH,Customer#000144607,AUTOMOBILE,EGYPT,MIDDLE EAST
3546976,1992-01-01,168878.30,F,1-URGENT,Customer#000141070,FURNITURE,EGYPT,MIDDLE EAST
4382788,1992-01-01,31801.41,F,5-LOW,Customer#000042811,HOUSEHOLD,JORDAN,MIDDLE EAST
2208802,1992-01-01,140465.96,F,3-MEDIUM,Customer#000052795,HOUSEHOLD,CANADA,AMERICA
3153504,1992-01-01,296304.34,F,1-URGENT,Customer#000051662,MACHINERY,MOROCCO,AFRICA
3138151,1992-01-01,192220.94,F,5-LOW,Customer#000095708,BUILDING,ROMANIA,EUROPE
819428,1992-01-01,107705.60,F,5-LOW,Customer#000142003,MACHINERY,UNITED STATES,AMERICA
5559427,1992-01-01,84591.02,F,4-NOT SPECIFIED,Customer#000052960,MACHINERY,ALGERIA,AFRICA
4185536,1992-01-01,200006.14,F,1-URGENT,Customer#000053707,MACHINERY,UNITED KINGDOM,EUROPE
3066689,1992-01-01,43997.00,F,1-URGENT,Customer#000133165,BUILDING,MOROCCO,AFRICA
1314020,1992-01-01,188496.26,F,1-URGENT,Customer#000103994,HOUSEHOLD,JAPAN,ASIA
3925505,1992-01-01,113007.78,F,4-NOT SPECIFIED,Customer#000031471,MACHINERY,RUSSIA,EUROPE
3788131,1992-01-01,71076.87,F,3-MEDIUM,Customer#000085843,BUILDING,INDIA,ASIA
3812550,1992-01-01,56382.67,F,5-LOW,Customer#000014486,FURNITURE,RUSSIA,EUROPE
2593507,1992-01-01,129190.82,F,1-URGENT,Customer#000128183,HOUSEHOLD,UNITED KINGDOM,EUROPE
780903,1992-01-01,66953.00,F,4-NOT SPECIFIED,Customer#000006539,AUTOMOBILE,ROMANIA,EUROPE
5114023,1992-01-01,77553.17,F,3-MEDIUM,Customer#000070405,FURNITURE,MOROCCO,AFRICA
5520544,1992-01-01,94088.30,F,1-URGENT,Customer#000045382,HOUSEHOLD,GERMANY,EUROPE
4097125,1992-01-01,84400.18,F,4-NOT SPECIFIED,Customer#000078607,HOUSEHOLD,UNITED KINGDOM,EUROPE
3542944,1992-01-01,206152.14,F,4-NOT SPECIFIED,Customer#000135241,BUILDING,JORDAN,MIDDLE EAST
1498310,1992-01-01,64470.43,F,1-URGENT,Customer#000139370,AUTOMOBILE,RUSSIA,EUROPE
1874662,1992-01-01,25965.12,F,5-LOW,Customer#000078604,FURNITURE,ALGERIA,AFRICA
2860608,1992-01-01,264536.70,F,2-HIGH,Customer#000140722,FURNITURE,CANADA,AMERICA
5154438,1992-01-01,209197.66,F,5-LOW,Customer#000136930,MACHINERY,IRAN,MIDDLE EAST
3007013,1992-01-01,159664.32,F,4-NOT SPECIFIED,Customer#000115660,FURNITURE,FRANCE,EUROPE
4262469,1992-01-01,102571.14,F,2-HIGH,Customer#000091033,FURNITURE,IRAN,MIDDLE EAST
2785572,1992-01-01,194371.44,F,2-HIGH,Customer#000108134,AUTOMOBILE,IRAQ,MIDDLE EAST
2941507,1992-01-01,142937.20,F,3-MEDIUM,Customer#000049078,HOUSEHOLD,VIETNAM,ASIA
723777,1992-01-01,230902.03,F,2-HIGH,Customer#000112528,BUILDING,BRAZIL,AMERICA
3395076,1992-01-01,169127.76,F,5-LOW,Customer#000096577,FURNITURE,IRAN,MIDDLE EAST
391429,1992-01-01,265488.17,F,5-LOW,Customer#000129724,FURNITURE,FRANCE,EUROPE
642151,1992-01-01,217426.39,F,4-NOT SPECIFIED,Customer#000002128,BUILDING,EGYPT,MIDDLE EAST
466659,1992-01-01,99839.27,F,4-NOT SPECIFIED,Customer#000077882,MACHINERY,EGYPT,MIDDLE EAST
5246597,1992-01-01,89534.21,F,3-MEDIUM,Customer#000108589,BUILDING,RUSSIA,EUROPE
2184032,1992-01-01,247327.99,F,2-HIGH,Customer#000120376,MACHINERY,ROMANIA,EUROPE
630278,1992-01-01,12536.40,F,1-URGENT,Customer#000116089,MACHINERY,ROMANIA,EUROPE
1737829,1992-01-01,22830.87,F,5-LOW,Customer#000072994,HOUSEHOLD,EGYPT,MIDDLE EAST
1002753,1992-01-01,2330.74,F,2-HIGH,Customer#000061658,FURNITURE,UNITED KINGDOM,EUROPE
4109575,1992-01-01,283218.89,F,4-NOT SPECIFIED,Customer#000085601,MACHINERY,PERU,AMERICA
5373861,1992-01-01,140492.36,F,5-LOW,Customer#000133145,MACHINERY,BRAZIL,AMERICA
2908514,1992-01-01,179232.87,F,3-MEDIUM,Customer#000010084,FURNITURE,KENYA,AFRICA
5508097,1992-01-01,241986.36,F,3-MEDIUM,Customer#000080057,BUILDING,UNITED KINGDOM,EUROPE
4733415,1992-01-01,339292.99,F,1-URGENT,Customer#000041831,FURNITURE,INDIA,ASIA
2533701,1992-01-01,52236.33,F,2-HIGH,Customer#000027167,FURNITURE,INDIA,ASIA
1091458,1992-01-01,145938.45,F,5-LOW,Customer#000099907,HOUSEHOLD,UNITED STATES,AMERICA
2161799,1992-01-01,176982.57,F,5-LOW,Customer#000148319,AUTOMOBILE,IRAQ,MIDDLE EAST
23010,1992-01-01,97372.70,F,2-HIGH,Customer#000091141,FURNITURE,RUSSIA,EUROPE
343335,1992-01-01,229100.01,F,2-HIGH,Customer#000032153,FURNITURE,MOZAMBIQUE,AFRICA
682656,1992-01-01,190085.60,F,5-LOW,Customer#000083854,BUILDING,CHINA,ASIA
1353862,1992-01-01,170166.79,F,5-LOW,Customer#000114863,AUTOMOBILE,INDIA,ASIA
2088422,1992-01-01,130840.16,F,1-URGENT,Customer#000023728,FURNITURE,INDONESIA,ASIA
1614787,1992-01-01,60043.46,F,1-URGENT,Customer#000002545,AUTOMOBILE,ARGENTINA,AMERICA
2701954,1992-01-01,47324.07,F,2-HIGH,Customer#000110983,BUILDING,JORDAN,MIDDLE EAST
5102567,1992-01-01,50276.50,F,3-MEDIUM,Customer#000060661,BUILDING,EGYPT,MIDDLE EAST
5482118,1992-01-01,280967.37,F,2-HIGH,Customer#000043577,HOUSEHOLD,IRAN,MIDDLE EAST
2784001,1992-01-01,67492.32,F,1-URGENT,Customer#000073736,AUTOMOBILE,MOROCCO,AFRICA
2156225,1992-01-01,204651.72,F,4-NOT SPECIFIED,Customer#000129004,HOUSEHOLD,INDONESIA,ASIA
2194401,1992-01-01,116168.71,F,1-URGENT,Customer#000139330,HOUSEHOLD,ALGERIA,AFRICA
4771680,1992-01-01,174515.12,F,2-HIGH,Customer#000087050,AUTOMOBILE,SAUDI ARABIA,MIDDLE EAST
5806789,1992-01-01,1324.24,F,2-HIGH,Customer#000113264,MACHINERY,SAUDI ARABIA,MIDDLE EAST
4065797,1992-01-01,185629.64,F,4-NOT SPECIFIED,Customer#000026155,AUTOMOBILE,CHINA,ASIA
346916,1992-01-01,323679.59,F,1-URGENT,Customer#000063947,HOUSEHOLD,IRAN,MIDDLE EAST
5485507,1992-01-01,267353.56,F,2-HIGH,Customer#000083875,FURNITURE,UNITED STATES,AMERICA
4817442,1992-01-01,109324.71,F,2-HIGH,Customer#000102211,HOUSEHOLD,ALGERIA,AFRICA
3804260,1992-01-01,223626.39,F,4-NOT SPECIFIED,Customer#000099475,MACHINERY,CANADA,AMERICA
1983334,1992-01-01,14118.06,F,2-HIGH,Customer#000091987,AUTOMOBILE,PERU,AMERICA
803488,1992-01-01,156133.65,F,5-LOW,Customer#000004153,BUILDING,FRANCE,EUROPE
3088161,1992-01-01,180628.53,F,2-HIGH,Customer#000000862,MACHINERY,BRAZIL,AMERICA
4010469,1992-01-01,207632.82,F,2-HIGH,Customer#000049385,MACHINERY,ETHIOPIA,AFRICA
5261152,1992-01-01,91907.08,F,2-HIGH,Customer#000048871,AUTOMOBILE,VIETNAM,ASIA
3703075,1992-01-01,33264.74,F,2-HIGH,Customer#000105134,FURNITURE,UNITED KINGDOM,EUROPE
1727298,1992-01-01,96892.59,F,5-LOW,Customer#000099502,AUTOMOBILE,FRANCE,EUROPE
433446,1992-01-01,107616.40,F,2-HIGH,Customer#000126361,FURNITURE,MOZAMBIQUE,AFRICA
360261,1992-01-01,11780.17,F,5-LOW,Customer#000093742,HOUSEHOLD,IRAN,MIDDLE EAST
1517600,1992-01-01,157068.58,F,1-URGENT,Customer#000058531,BUILDING,IRAQ,MIDDLE EAST
5062656,1992-01-01,260890.04,F,2-HIGH,Customer#000043118,MACHINERY,SAUDI ARABIA,MIDDLE EAST
1942917,1992-01-01,39336.96,F,4-NOT SPECIFIED,Customer#000107302,MACHINERY,VIETNAM,ASIA
3765445,1992-01-01,238916.06,F,2-HIGH,Customer#000080530,MACHINERY,RUSSIA,EUROPE
2270529,1992-01-01,143698.31,F,5-LOW,Customer#000064627,AUTOMOBILE,MOROCCO,AFRICA
1352897,1992-01-01,201886.25,F,4-NOT SPECIFIED,Customer#000112750,MACHINERY,RUSSIA,EUROPE
1706016,1992-01-01,14937.25,F,1-URGENT,Customer#000066221,MACHINERY,MOROCCO,AFRICA
4211585,1992-01-01,132119.32,F,5-LOW,Customer#000123943,AUTOMOBILE,RUSSIA,EUROPE
699493,1992-01-01,235854.29,F,3-MEDIUM,Customer#000036206,FURNITURE,EGYPT,MIDDLE EAST
434722,1992-01-01,136930.67,F,4-NOT SPECIFIED,Customer#000009376,FURNITURE,CHINA,ASIA
4103971,1992-01-01,220448.79,F,4-NOT SPECIFIED,Customer#000037201,AUTOMOBILE,ETHIOPIA,AFRICA
1586021,1992-01-01,13632.45,F,3-MEDIUM,Customer#000140308,AUTOMOBILE,INDONESIA,ASIA
1680997,1992-01-01,212392.54,F,2-HIGH,Customer#000073945,HOUSEHOLD,ALGERIA,AFRICA
5365731,1992-01-01,275030.27,F,1-URGENT,Customer#000071998,HOUSEHOLD,MOROCCO,AFRICA
3097249,1992-01-01,235841.80,F,5-LOW,Customer#000024119,FURNITURE,JAPAN,ASIA
1552449,1992-01-01,61511.76,F,1-URGENT,Customer#000019397,FURNITURE,IRAN,MIDDLE EAST
5896037,1992-01-01,53614.78,F,4-NOT SPECIFIED,Customer#000012416,HOUSEHOLD,IRAQ,MIDDLE EAST
5038981,1992-01-01,190405.46,F,4-NOT SPECIFIED,Customer#000107743,FURNITURE,FRANCE,EUROPE
20742,1992-01-01,121343.42,F,4-NOT SPECIFIED,Customer#000136801,HOUSEHOLD,INDONESIA,ASIA
5316032,1992-01-01,286605.67,F,4-NOT SPECIFIED,Customer#000081797,AUTOMOBILE,ROMANIA,EUROPE
862278,1992-01-01,216512.21,F,1-URGENT,Customer#000026126,MACHINERY,INDONESIA,ASIA
5332163,1992-01-01,80994.06,F,5-LOW,Customer#000112225,FURNITURE,RUSSIA,EUROPE
3375654,1992-01-01,169680.73,F,3-MEDIUM,Customer#000095947,MACHINERY,VIETNAM,ASIA
5615043,1992-01-01,162460.00,F,3-MEDIUM,Customer#000065350,FURNITURE,EGYPT,MIDDLE EAST
4996835,1992-01-01,158406.57,F,3-MEDIUM,Customer#000026359,MACHINERY,SAUDI ARABIA,MIDDLE EAST
446144,1992-01-01,268102.97,F,2-HIGH,Customer#000025181,FURNITURE,FRANCE,EUROPE
5693284,1992-01-01,246302.56,F,3-MEDIUM,Customer#000126898,HOUSEHOLD,ARGENTINA,AMERICA
4480455,1992-01-01,334336.45,F,3-MEDIUM,Customer#000129628,FURNITURE,MOZAMBIQUE,AFRICA
3370945,1992-01-01,175271.47,F,3-MEDIUM,Customer#000010411,MACHINERY,UNITED STATES,AMERICA
871712,1992-01-01,72339.95,F,2-HIGH,Customer#000056122,FURNITURE,RUSSIA,EUROPE
5235271,1992-01-01,43631.69,F,1-URGENT,Customer#000107785,AUTOMOBILE,IRAN,MIDDLE EAST
5603490,1992-01-01,178986.81,F,4-NOT SPECIFIED,Customer#000020630,AUTOMOBILE,BRAZIL,AMERICA
4548353,1992-01-01,135588.12,F,1-URGENT,Customer#000089450,BUILDING,ALGERIA,AFRICA
1752322,1992-01-01,80771.87,F,3-MEDIUM,Customer#000002797,FURNITURE,MOROCCO,AFRICA
4455718,1992-01-01,110551.59,F,2-HIGH,Customer#000054103,BUILDING,ROMANIA,EUROPE
1787520,1992-01-01,191674.24,F,5-LOW,Customer#000008737,AUTOMOBILE,IRAN,MIDDLE EAST
3301026,1992-01-01,119140.39,F,2-HIGH,Customer#000058285,MACHINERY,IRAN,MIDDLE EAST
3333572,1992-01-01,313102.24,F,2-HIGH,Customer#000079115,HOUSEHOLD,SAUDI ARABIA,MIDDLE EAST
1073059,1992-01-01,172776.18,F,5-LOW,Customer#000120637,BUILDING,ALGERIA,AFRICA
1572673,1992-01-01,29416.54,F,4-NOT SPECIFIED,Customer#000012238,MACHINERY,GERMANY,EUROPE
1508679,1992-01-01,276121.21,F,4-NOT SPECIFIED,Customer#000077716,FURNITURE,MOZAMBIQUE,AFRICA
3666020,1992-01-01,142497.30,F,3-MEDIUM,Customer#000130769,MACHINERY,ROMANIA,EUROPE
1629218,1992-01-01,271625.17,F,1-URGENT,Customer#000121828,AUTOMOBILE,PERU,AMERICA
685120,1992-01-01,148191.14,F,1-URGENT,Customer#000110767,HOUSEHOLD,SAUDI ARABIA,MIDDLE EAST
717701,1992-01-01,161872.35,F,1-URGENT,Customer#000127393,HOUSEHOLD,FRANCE,EUROPE
1203332,1992-01-01,408062.30,F,3-MEDIUM,Customer#000044632,BUILDING,ROMANIA,EUROPE
5898340,1992-01-01,46813.33,F,4-NOT SPECIFIED,Customer#000107990,FURNITURE,KENYA,AFRICA
5677125,1992-01-01,66453.49,F,4-NOT SPECIFIED,Customer#000033623,AUTOMOBILE,PERU,AMERICA
1081793,1992-01-01,128393.22,F,1-URGENT,Customer#000085418,AUTOMOBILE,IRAN,MIDDLE EAST
2835846,1992-01-01,222793.62,F,4-NOT SPECIFIED,Customer#000048085,BUILDING,INDIA,ASIA
5902817,1992-01-01,376873.69,F,3-MEDIUM,Customer#000104884,AUTOMOBILE,JAPAN,ASIA
2132197,1992-01-01,69656.95,F,1-URGENT,Customer#000099581,BUILDING,EGYPT,MIDDLE EAST
1111877,1992-01-01,164101.04,F,4-NOT SPECIFIED,Customer#000015592,MACHINERY,CANADA,AMERICA
189441,1992-01-01,212328.04,F,4-NOT SPECIFIED,Customer#000026461,MACHINERY,UNITED STATES,AMERICA
4905731,1992-01-01,81406.27,F,1-URGENT,Customer#000047077,AUTOMOBILE,GERMANY,EUROPE
4083873,1992-01-01,240727.58,F,2-HIGH,Customer#000113807,BUILDING,CHINA,ASIA
5188999,1992-01-01,194147.57,F,1-URGENT,Customer#000060707,BUILDING,JORDAN,MIDDLE EAST
1190181,1992-01-01,80627.07,F,5-LOW,Customer#000067618,BUILDING,ROMANIA,EUROPE
2179398,1992-01-01,141188.57,F,5-LOW,Customer#000124102,FURNITURE,MOROCCO,AFRICA
2587813,1992-01-01,87348.72,F,3-MEDIUM,Customer#000100618,BUILDING,FRANCE,EUROPE
4363238,1992-01-01,273235.91,F,5-LOW,Customer#000094199,HOUSEHOLD,ETHIOPIA,AFRICA
2275169,1992-01-01,50329.68,F,5-LOW,Customer#000076708,HOUSEHOLD,UNITED KINGDOM,EUROPE
2307681,1992-01-01,40784.50,F,2-HIGH,Customer#000112862,FURNITURE,ALGERIA,AFRICA
1249954,1992-01-01,167380.96,F,2-HIGH,Customer#000037417,BUILDING,BRAZIL,AMERICA
3973414,1992-01-01,207435.15,F,2-HIGH,Customer#000013060,FURNITURE,INDIA,ASIA
159266,1992-01-01,125324.77,F,4-NOT SPECIFIED,Customer#000099056,BUILDING,CHINA,ASIA
4772902,1992-01-01,179817.36,F,5-LOW,Customer#000140249,MACHINERY,GERMANY,EUROPE
497314,1992-01-01,85023.38,F,3-MEDIUM,Customer#000088357,BUILDING,PERU,AMERICA
27137,1992-01-01,280493.03,F,2-HIGH,Customer#000054109,BUILDING,VIETNAM,ASIA
4859008,1992-01-01,185434.61,F,4-NOT SPECIFIED,Customer#000009316,BUILDING,ARGENTINA,AMERICA
2843905,1992-01-01,145760.44,F,2-HIGH,Customer#000105820,FURNITURE,SAUDI ARABIA,MIDDLE EAST
179335,1992-01-01,76488.63,F,3-MEDIUM,Customer#000082357,AUTOMOBILE,KENYA,AFRICA
3450533,1992-01-01,82796.23,F,1-URGENT,Customer#000070288,MACHINERY,KENYA,AFRICA
1984517,1992-01-01,9244.60,F,2-HIGH,Customer#000121093,BUILDING,JORDAN,MIDDLE EAST
923360,1992-01-01,215169.41,F,2-HIGH,Customer#000128519,FURNITURE,CANADA,AMERICA
470693,1992-01-01,274059.72,F,3-MEDIUM,Customer#000122989,BUILDING,CANADA,AMERICA
3214433,1992-01-01,220404.16,F,2-HIGH,Customer#000006439,MACHINERY,JORDAN,MIDDLE EAST
4677542,1992-01-01,108096.61,F,5-LOW,Customer#000017023,BUILDING,FRANCE,EUROPE
2510022,1992-01-01,154103.26,F,3-MEDIUM,Customer#000071050,HOUSEHOLD,CANADA,AMERICA
5607,1992-01-01,37356.47,F,4-NOT SPECIFIED,Customer#000091021,FURNITURE,UNITED KINGDOM,EUROPE
4522406,1992-01-01,47887.08,F,1-URGENT,Customer#000131644,MACHINERY,ALGERIA,AFRICA
88199,1992-01-01,268020.49,F,3-MEDIUM,Customer#000036158,MACHINERY,JORDAN,MIDDLE EAST
2237796,1992-01-01,94509.39,F,3-MEDIUM,Customer#000123055,HOUSEHOLD,ALGERIA,AFRICA
5292964,1992-01-01,29434.99,F,2-HIGH,Customer#000055019,MACHINERY,IRAN,MIDDLE EAST
3522915,1992-01-01,149944.14,F,4-NOT SPECIFIED,Customer#000050818,HOUSEHOLD,JORDAN,MIDDLE EAST
2144260,1992-01-01,236472.16,F,2-HIGH,Customer#000055639,AUTOMOBILE,CHINA,ASIA
2653089,1992-01-01,304548.16,F,5-LOW,Customer#000145315,FURNITURE,CHINA,ASIA
2171652,1992-01-01,182103.91,F,3-MEDIUM,Customer#000138470,AUTOMOBILE,CANADA,AMERICA
5772962,1992-01-01,172489.40,F,1-URGENT,Customer#000055256,AUTOMOBILE,EGYPT,MIDDLE EAST
952960,1992-01-01,15099.98,F,3-MEDIUM,Customer#000034949,BUILDING,GERMANY,EUROPE
2074976,1992-01-01,148794.54,F,2-HIGH,Customer#000042650,BUILDING,MOROCCO,AFRICA
4444707,1992-01-01,87677.34,F,3-MEDIUM,Customer#000052241,HOUSEHOLD,PERU,AMERICA
5449283,1992-01-01,140742.90,F,1-URGENT,Customer#000102184,AUTOMOBILE,ALGERIA,AFRICA
4384101,1992-01-01,212459.41,F,1-URGENT,Customer#000002920,FURNITURE,CHINA,ASIA
126753,1992-01-01,207936.02,F,3-MEDIUM,Customer#000136505,FURNITURE,VIETNAM,ASIA
571586,1992-01-01,220239.15,F,1-URGENT,Customer#000037652,BUILDING,INDIA,ASIA
2518852,1992-01-01,180487.49,F,2-HIGH,Customer#000111289,HOUSEHOLD,INDONESIA,ASIA
3557312,1992-01-01,106898.06,F,3-MEDIUM,Customer#000135091,BUILDING,MOZAMBIQUE,AFRICA
2583776,1992-01-01,278218.30,F,2-HIGH,Customer#000026359,MACHINERY,SAUDI ARABIA,MIDDLE EAST
1540774,1992-01-01,56960.96,F,5-LOW,Customer#000042073,FURNITURE,EGYPT,MIDDLE EAST
4664516,1992-01-01,167882.97,F,5-LOW,Customer#000110314,BUILDING,ARGENTINA,AMERICA
494854,1992-01-01,237829.43,F,2-HIGH,Customer#000027956,BUILDING,IRAN,MIDDLE EAST
902276,1992-01-01,81562.82,F,5-LOW,Customer#000021508,MACHINERY,VIETNAM,ASIA
300416,1992-01-01,106810.28,F,4-NOT SPECIFIED,Customer#000107147,BUILDING,IRAN,MIDDLE EAST
3753186,1992-01-01,162340.67,F,5-LOW,Customer#000029704,FURNITURE,UNITED STATES,AMERICA
228804,1992-01-01,138224.86,F,1-URGENT,Customer#000096325,MACHINERY,ALGERIA,AFRICA
575495,1992-01-01,207667.80,F,3-MEDIUM,Customer#000005365,AUTOMOBILE,ALGERIA,AFRICA
1701152,1992-01-01,84040.06,F,1-URGENT,Customer#000147571,FURNITURE,KENYA,AFRICA
5750435,1992-01-01,149460.74,F,4-NOT SPECIFIED,Customer#000003964,AUTOMOBILE,GERMANY,EUROPE
4373953,1992-01-01,97714.02,F,4-NOT SPECIFIED,Customer#000019285,FURNITURE,ALGERIA,AFRICA
4283297,1992-01-01,306336.68,F,4-NOT SPECIFIED,Customer#000081457,BUILDING,IRAQ,MIDDLE EAST
636423,1992-01-01,260557.63,F,5-LOW,Customer#000094549,HOUSEHOLD,MOROCCO,AFRICA
5689668,1992-01-01,31559.36,F,3-MEDIUM,Customer#000073948,FURNITURE,JAPAN,ASIA
1555776,1992-01-01,42682.34,F,3-MEDIUM,Customer#000120415,BUILDING,INDONESIA,ASIA
779654,1992-01-01,90639.41,F,5-LOW,Customer#000032492,AUTOMOBILE,CHINA,ASIA
2167527,1992-01-01,208791.46,F,3-MEDIUM,Customer#000064205,AUTOMOBILE,JORDAN,MIDDLE EAST
4415174,1992-01-01,43942.24,F,2-HIGH,Customer#000059128,MACHINERY,FRANCE,EUROPE
5487392,1992-01-01,119332.15,F,3-MEDIUM,Customer#000060970,FURNITURE,CHINA,ASIA
3741124,1992-01-01,154808.05,F,1-URGENT,Customer#000012580,MACHINERY,IRAQ,MIDDLE EAST
623553,1992-01-01,54119.02,F,5-LOW,Customer#000119389,MACHINERY,PERU,AMERICA
4145538,1992-01-01,140906.26,F,1-URGENT,Customer#000128546,MACHINERY,UNITED STATES,AMERICA
4446240,1992-01-01,56357.01,F,3-MEDIUM,Customer#000135205,MACHINERY,SAUDI ARABIA,MIDDLE EAST
3469025,1992-01-01,35418.25,F,1-URGENT,Customer#000114799,FURNITURE,IRAQ,MIDDLE EAST
5640354,1992-01-01,108851.04,F,4-NOT SPECIFIED,Customer#000058582,AUTOMOBILE,MOROCCO,AFRICA
2987362,1992-01-01,194865.63,F,3-MEDIUM,Customer#000091114,MACHINERY,KENYA,AFRICA
2840000,1992-01-01,132310.27,F,1-URGENT,Customer#000080092,MACHINERY,MOZAMBIQUE,AFRICA
3238823,1992-01-01,98200.69,F,4-NOT SPECIFIED,Customer#000036068,FURNITURE,JORDAN,MIDDLE EAST
1681090,1992-01-01,159944.52,F,3-MEDIUM,Customer#000148286,BUILDING,JAPAN,ASIA
2961568,1992-01-01,47996.97,F,5-LOW,Customer#000001822,AUTOMOBILE,KENYA,AFRICA
2168096,1992-01-01,50034.16,F,1-URGENT,Customer#000103219,BUILDING,MOROCCO,AFRICA
5996838,1992-01-01,26777.88,F,3-MEDIUM,Customer#000004156,BUILDING,ETHIOPIA,AFRICA
190656,1992-01-01,154110.00,F,5-LOW,Customer#000023695,BUILDING,MOROCCO,AFRICA
5440359,1992-01-01,200269.59,F,4-NOT SPECIFIED,Customer#000058420,AUTOMOBILE,MOROCCO,AFRICA
59718,1992-01-01,83608.04,F,5-LOW,Customer#000024749,MACHINERY,SAUDI ARABIA,MIDDLE EAST
1545379,1992-01-01,12583.29,F,3-MEDIUM,Customer#000122560,HOUSEHOLD,SAUDI ARABIA,MIDDLE EAST
3903875,1992-01-01,8486.48,F,2-HIGH,Customer#000067906,FURNITURE,GERMANY,EUROPE
3483748,1992-01-01,113763.28,F,3-MEDIUM,Customer#000018712,MACHINERY,JAPAN,ASIA
1340194,1992-01-01,196972.09,F,2-HIGH,Customer#000130349,HOUSEHOLD,INDONESIA,ASIA
3930276,1992-01-01,181059.50,F,2-HIGH,Customer#000135022,BUILDING,SAUDI ARABIA,MIDDLE EAST
4118048,1992-01-01,13403.10,F,2-HIGH,Customer#000148366,AUTOMOBILE,UNITED KINGDOM,EUROPE
2674662,1992-01-01,157995.57,F,3-MEDIUM,Customer#000067993,FURNITURE,PERU,AMERICA
1643075,1992-01-01,109749.82,F,5-LOW,Customer#000104261,BUILDING,ARGENTINA,AMERICA
1362790,1992-01-01,291864.97,F,2-HIGH,Customer#000066571,MACHINERY,INDIA,ASIA
3492899,1992-01-01,66581.91,F,2-HIGH,Customer#000126112,HOUSEHOLD,JAPAN,ASIA
1059108,1992-01-01,42599.23,F,3-MEDIUM,Customer#000061309,FURNITURE,SAUDI ARABIA,MIDDLE EAST
1591622,1992-01-01,89469.92,F,2-HIGH,Customer#000140200,AUTOMOBILE,EGYPT,MIDDLE EAST
3902531,1992-01-01,85187.84,F,5-LOW,Customer#000071147,FURNITURE,INDONESIA,ASIA
1876097,1992-01-01,46162.13,F,3-MEDIUM,Customer#000048646,HOUSEHOLD,JORDAN,MIDDLE EAST
3850144,1992-01-01,280364.53,F,5-LOW,Customer#000110240,FURNITURE,MOZAMBIQUE,AFRICA
4685093,1992-01-01,129843.61,F,1-URGENT,Customer#000092030,FURNITURE,UNITED STATES,AMERICA
1950726,1992-01-01,112520.79,F,3-MEDIUM,Customer#000037852,HOUSEHOLD,ROMANIA,EUROPE
828739,1992-01-01,172096.20,F,5-LOW,Customer#000093590,AUTOMOBILE,FRANCE,EUROPE
5495776,1992-01-01,77313.15,F,5-LOW,Customer#000068894,BUILDING,VIETNAM,ASIA
4637220,1992-01-01,84228.61,F,4-NOT SPECIFIED,Customer#000004951,AUTOMOBILE,SAUDI ARABIA,MIDDLE EAST
5404962,1992-01-01,169980.87,F,1-URGENT,Customer#000081559,AUTOMOBILE,INDONESIA,ASIA
3133382,1992-01-01,347775.59,F,3-MEDIUM,Customer#000111745,HOUSEHOLD,INDONESIA,ASIA
2690343,1992-01-01,65665.92,F,1-URGENT,Customer#000087661,MACHINERY,MOROCCO,AFRICA
2862565,1992-01-01,246312.91,F,5-LOW,Customer#000024268,BUILDING,PERU,AMERICA
5854464,1992-01-01,246673.86,F,1-URGENT,Customer#000041117,HOUSEHOLD,KENYA,AFRICA
2259587,1992-01-01,300219.36,F,2-HIGH,Customer#000067436,FURNITURE,IRAQ,MIDDLE EAST
842980,1992-01-01,59771.72,F,2-HIGH,Customer#000072862,FURNITURE,ARGENTINA,AMERICA
1332613,1992-01-01,222502.44,F,3-MEDIUM,Customer#000084082,HOUSEHOLD,CANADA,AMERICA
1243424,1992-01-01,85403.45,F,4-NOT SPECIFIED,Customer#000007090,HOUSEHOLD,UNITED KINGDOM,EUROPE
359170,1992-01-01,97238.93,F,3-MEDIUM,Customer#000107341,MACHINERY,MOZAMBIQUE,AFRICA
4521603,1992-01-01,226284.83,F,4-NOT SPECIFIED,Customer#000089240,BUILDING,EGYPT,MIDDLE EAST
2138215,1992-01-01,56734.06,F,3-MEDIUM,Customer#000116467,HOUSEHOLD,UNITED STATES,AMERICA
5439651,1992-01-01,43176.40,F,2-HIGH,Customer#000136829,MACHINERY,INDONESIA,ASIA
4920806,1992-01-01,36654.76,F,4-NOT SPECIFIED,Customer#000131281,FURNITURE,FRANCE,EUROPE
201414,1992-01-01,170608.18,F,1-URGENT,Customer#000011642,MACHINERY,ALGERIA,AFRICA
3001924,1992-01-01,195817.37,F,1-URGENT,Customer#000020680,FURNITURE,MOROCCO,AFRICA
183488,1992-01-01,227766.65,F,3-MEDIUM,Customer#000116027,HOUSEHOLD,JAPAN,ASIA
5267971,1992-01-01,27020.28,F,2-HIGH,Customer#000144784,MACHINERY,BRAZIL,AMERICA
2583427,1992-01-01,48690.01,F,2-HIGH,Customer#000138523,HOUSEHOLD,ETHIOPIA,AFRICA
1885254,1992-01-01,172326.82,F,4-NOT SPECIFIED,Customer#000065795,HOUSEHOLD,EGYPT,MIDDLE EAST
4107620,1992-01-01,161541.74,F,5-LOW,Customer#000096916,AUTOMOBILE,ALGERIA,AFRICA
2720386,1992-01-01,140982.72,F,3-MEDIUM,Customer#000099313,MACHINERY,UNITED KINGDOM,EUROPE
5764199,1992-01-01,292945.38,F,4-NOT SPECIFIED,Customer#000070421,FURNITURE,INDONESIA,ASIA
4512386,1992-01-01,167602.46,F,3-MEDIUM,Customer#000087475,MACHINERY,ROMANIA,EUROPE
5976226,1992-01-01,54525.78,F,4-NOT SPECIFIED,Customer#000081875,AUTOMOBILE,ETHIOPIA,AFRICA
3523809,1992-01-01,101496.82,F,5-LOW,Customer#000137345,AUTOMOBILE,CHINA,ASIA
855717,1992-01-01,92246.70,F,4-NOT SPECIFIED,Customer#000088390,HOUSEHOLD,FRANCE,EUROPE
3293793,1992-01-01,185594.20,F,1-URGENT,Customer#000115790,MACHINERY,CANADA,AMERICA
5670564,1992-01-01,314577.51,F,3-MEDIUM,Customer#000057106,BUILDING,RUSSIA,EUROPE
1332388,1992-01-01,184396.76,F,1-URGENT,Customer#000092455,HOUSEHOLD,IRAQ,MIDDLE EAST
5802566,1992-01-01,297181.52,F,3-MEDIUM,Customer#000119017,FURNITURE,IRAQ,MIDDLE EAST
5880514,1992-01-01,99057.67,F,5-LOW,Customer#000028687,BUILDING,FRANCE,EUROPE
1939168,1992-01-01,85510.94,F,5-LOW,Customer#000012454,FURNITURE,IRAQ,MIDDLE EAST
4969154,1992-01-01,157283.75,F,4-NOT SPECIFIED,Customer#000142660,FURNITURE,MOROCCO,AFRICA
2074886,1992-01-01,81336.55,F,5-LOW,Customer#000071314,MACHINERY,CANADA,AMERICA
1920001,1992-01-01,217538.16,F,3-MEDIUM,Customer#000070319,FURNITURE,ALGERIA,AFRICA
1902082,1992-01-01,110361.99,F,5-LOW,Customer#000057539,BUILDING,CANADA,AMERICA
3501697,1992-01-01,101663.69,F,2-HIGH,Customer#000064714,MACHINERY,JAPAN,ASIA
5044099,1992-01-01,38614.98,F,1-URGENT,Customer#000033901,MACHINERY,CHINA,ASIA
2746625,1992-01-01,66473.32,F,2-HIGH,Customer#000074618,HOUSEHOLD,JAPAN,ASIA
1159971,1992-01-01,5699.11,F,3-MEDIUM,Customer#000046559,HOUSEHOLD,ARGENTINA,AMERICA
4651429,1992-01-01,156352.27,F,2-HIGH,Customer#000119633,FURNITURE,BRAZIL,AMERICA
5557568,1992-01-01,166669.32,F,3-MEDIUM,Customer#000050473,FURNITURE,ROMANIA,EUROPE
2005603,1992-01-01,170324.88,F,2-HIGH,Customer#000069730,HOUSEHOLD,IRAN,MIDDLE EAST
2160263,1992-01-01,84403.58,F,2-HIGH,Customer#000052165,AUTOMOBILE,IRAN,MIDDLE EAST
5364544,1992-01-01,148300.55,F,3-MEDIUM,Customer#000032726,HOUSEHOLD,EGYPT,MIDDLE EAST
234946,1992-01-01,180067.61,F,1-URGENT,Customer#000034885,HOUSEHOLD,VIETNAM,ASIA
2319618,1992-01-01,247462.69,F,4-NOT SPECIFIED,Customer#000120152,HOUSEHOLD,SAUDI ARABIA,MIDDLE EAST
5353702,1992-01-01,252049.38,F,4-NOT SPECIFIED,Customer#000016504,HOUSEHOLD,GERMANY,EUROPE
646854,1992-01-01,236192.35,F,2-HIGH,Customer#000134503,HOUSEHOLD,UNITED KINGDOM,EUROPE
5290823,1992-01-01,81266.11,F,4-NOT SPECIFIED,Customer#000136816,FURNITURE,UNITED KINGDOM,EUROPE
5431845,1992-01-01,31747.89,F,1-URGENT,Customer#000030760,FURNITURE,INDONESIA,ASIA
5018977,1992-01-01,73105.67,F,2-HIGH,Customer#000104149,BUILDING,ARGENTINA,AMERICA
5137190,1992-01-01,121792.87,F,1-URGENT,Customer#000078592,HOUSEHOLD,CANADA,AMERICA
3272003,1992-01-01,206702.83,F,4-NOT SPECIFIED,Customer#000060442,HOUSEHOLD,KENYA,AFRICA
2185443,1992-01-01,27247.93,F,5-LOW,Customer#000028924,HOUSEHOLD,MOROCCO,AFRICA
743810,1992-01-01,161971.14,F,1-URGENT,Customer#000096827,HOUSEHOLD,RUSSIA,EUROPE
787490,1992-01-01,174307.97,F,2-HIGH,Customer#000075227,HOUSEHOLD,BRAZIL,AMERICA
4812032,1992-01-01,170597.05,F,1-URGENT,Customer#000020968,FURNITURE,RUSSIA,EUROPE
4692097,1992-01-01,50887.13,F,3-MEDIUM,Customer#000123323,MACHINERY,PERU,AMERICA
1955750,1992-01-01,208464.23,F,5-LOW,Customer#000080039,HOUSEHOLD,MOZAMBIQUE,AFRICA
2069187,1992-01-01,156696.08,F,2-HIGH,Customer#000079772,BUILDING,ALGERIA,AFRICA
139655,1992-01-01,118709.27,F,5-LOW,Customer#000025249,HOUSEHOLD,FRANCE,EUROPE
4373831,1992-01-01,167093.77,F,2-HIGH,Customer#000103855,FURNITURE,ARGENTINA,AMERICA
4596678,1992-01-01,141364.90,F,1-URGENT,Customer#000034325,HOUSEHOLD,CANADA,AMERICA
2704001,1992-01-01,282306.71,F,3-MEDIUM,Customer#000080539,BUILDING,CHINA,ASIA
2206016,1992-01-01,115889.13,F,1-URGENT,Customer#000048397,FURNITURE,RUSSIA,EUROPE
1731587,1992-01-01,30371.85,F,5-LOW,Customer#000110485,MACHINERY,CANADA,AMERICA
2700708,1992-01-01,74048.79,F,3-MEDIUM,Customer#000012358,HOUSEHOLD,ALGERIA,AFRICA
5572069,1992-01-01,149651.37,F,3-MEDIUM,Customer#000061795,HOUSEHOLD,ROMANIA,EUROPE
383079,1992-01-01,173495.51,F,3-MEDIUM,Customer#000079501,MACHINERY,GERMANY,EUROPE
4426117,1992-01-01,166289.44,F,5-LOW,Customer#000019082,MACHINERY,IRAQ,MIDDLE EAST
1185794,1992-01-01,360243.53,F,5-LOW,Customer#000063079,AUTOMOBILE,JAPAN,ASIA
2660642,1992-01-02,123683.14,F,3-MEDIUM,Customer#000070570,AUTOMOBILE,JAPAN,ASIA
2955237,1992-01-02,159103.19,F,2-HIGH,Customer#000121900,MACHINERY,ETHIOPIA,AFRICA
1249249,1992-01-02,10753.91,F,4-NOT SPECIFIED,Customer#000113698,HOUSEHOLD,UNITED STATES,AMERICA
3745504,1992-01-02,155814.27,F,4-NOT SPECIFIED,Customer#000120866,MACHINERY,CHINA,ASIA
3244643,1992-01-02,78711.78,F,5-LOW,Customer#000078022,BUILDING,CHINA,ASIA
5944704,1992-01-02,39183.91,F,5-LOW,Customer#000050933,AUTOMOBILE,IRAQ,MIDDLE EAST
697187,1992-01-02,13858.53,F,1-URGENT,Customer#000070003,HOUSEHOLD,MOROCCO,AFRICA
5273570,1992-01-02,37402.74,F,2-HIGH,Customer#000061657,HOUSEHOLD,ALGERIA,AFRICA
1182946,1992-01-02,42128.88,F,5-LOW,Customer#000060281,MACHINERY,MOZAMBIQUE,AFRICA
1567815,1992-01-02,168790.41,F,1-URGENT,Customer#000093401,FURNITURE,IRAN,MIDDLE EAST
4894887,1992-01-02,167905.47,F,1-URGENT,Customer#000109697,MACHINERY,CANADA,AMERICA
5790310,1992-01-02,171825.42,F,3-MEDIUM,Customer#000022132,MACHINERY,INDONESIA,ASIA
4976866,1992-01-02,59280.72,F,1-URGENT,Customer#000106192,BUILDING,CANADA,AMERICA
2399008,1992-01-02,133254.44,F,5-LOW,Customer#000069880,BUILDING,MOROCCO,AFRICA
766435,1992-01-02,256582.27,F,4-NOT SPECIFIED,Customer#000014230,BUILDING,CHINA,ASIA
5661956,1992-01-02,172544.92,F,4-NOT SPECIFIED,Customer#000139063,FURNITURE,ETHIOPIA,AFRICA
5746720,1992-01-02,153689.19,F,5-LOW,Customer#000047860,BUILDING,IRAN,MIDDLE EAST
2744324,1992-01-02,177031.65,F,1-URGENT,Customer#000116008,BUILDING,JORDAN,MIDDLE EAST
4279556,1992-01-02,182798.33,F,2-HIGH,Customer#000106783,HOUSEHOLD,RUSSIA,EUROPE
308578,1992-01-02,42744.09,F,3-MEDIUM,Customer#000053107,HOUSEHOLD,IRAN,MIDDLE EAST
1028868,1992-01-02,172117.92,F,4-NOT SPECIFIED,Customer#000115178,MACHINERY,CANADA,AMERICA
3772576,1992-01-02,125617.15,F,2-HIGH,Customer#000119143,FURNITURE,RUSSIA,EUROPE
4333989,1992-01-02,132476.99,F,2-HIGH,Customer#000040400,HOUSEHOLD,ETHIOPIA,AFRICA
5651073,1992-01-02,295419.06,F,3-MEDIUM,Customer#000020338,BUILDING,UNITED STATES,AMERICA
4365029,1992-01-02,153665.73,F,2-HIGH,Customer#000044867,AUTOMOBILE,ARGENTINA,AMERICA
4265988,1992-01-02,100702.84,F,5-LOW,Customer#000060983,MACHINERY,JAPAN,ASIA
3763494,1992-01-02,206373.22,F,5-LOW,Customer#000100510,BUILDING,UNITED STATES,AMERICA
1389671,1992-01-02,123013.83,F,5-LOW,Customer#000008626,FURNITURE,MOROCCO,AFRICA
4650720,1992-01-02,271929.89,F,4-NOT SPECIFIED,Customer#000127654,MACHINERY,KENYA,AFRICA
600929,1992-01-02,247454.10,F,2-HIGH,Customer#000056899,MACHINERY,VIETNAM,ASIA
5545253,1992-01-02,201096.61,F,1-URGENT,Customer#000148066,MACHINERY,GERMANY,EUROPE
3787936,1992-01-02,190081.28,F,4-NOT SPECIFIED,Customer#000003097,FURNITURE,ALGERIA,AFRICA
4315202,1992-01-02,175376.42,F,2-HIGH,Customer#000048799,BUILDING,UNITED STATES,AMERICA
1663138,1992-01-02,282014.86,F,1-URGENT,Customer#000047056,MACHINERY,FRANCE,EUROPE
168197,1992-01-02,73845.13,F,4-NOT SPECIFIED,Customer#000069067,FURNITURE,CANADA,AMERICA
787203,1992-01-02,41581.68,F,2-HIGH,Customer#000018451,MACHINERY,EGYPT,MIDDLE EAST
710022,1992-01-02,211736.48,F,5-LOW,Customer#000090452,BUILDING,UNITED KINGDOM,EUROPE
455718,1992-01-02,124187.02,F,5-LOW,Customer#000009218,FURNITURE,IRAN,MIDDLE EAST
5581281,1992-01-02,148467.17,F,3-MEDIUM,Customer#000122662,HOUSEHOLD,RUSSIA,EUROPE
1876353,1992-01-02,174299.63,F,1-URGENT,Customer#000056308,HOUSEHOLD,CHINA,ASIA
5272832,1992-01-02,40788.23,F,2-HIGH,Customer#000054919,FURNITURE,ROMANIA,EUROPE
4505602,1992-01-02,60948.27,F,3-MEDIUM,Customer#000089161,BUILDING,ROMANIA,EUROPE
4552448,1992-01-02,15978.89,F,4-NOT SPECIFIED,Customer#000068869,MACHINERY,CHINA,ASIA
4423809,1992-01-02,100771.44,F,4-NOT SPECIFIED,Customer#000038768,BUILDING,MOROCCO,AFRICA
4674343,1992-01-02,12117.39,F,3-MEDIUM,Customer#000120835,BUILDING,IRAN,MIDDLE EAST
4789221,1992-01-02,189323.76,F,2-HIGH,Customer#000043873,FURNITURE,IRAQ,MIDDLE EAST
5885667,1992-01-02,162678.91,F,3-MEDIUM,Customer#000025537,AUTOMOBILE,GERMANY,EUROPE
4247588,1992-01-02,210192.30,F,5-LOW,Customer#000115285,MACHINERY,INDIA,ASIA
4487302,1992-01-02,248916.70,F,4-NOT SPECIFIED,Customer#000141902,AUTOMOBILE,FRANCE,EUROPE
4286211,1992-01-02,85899.71,F,2-HIGH,Customer#000091553,HOUSEHOLD,MOROCCO,AFRICA
4591877,1992-01-02,60954.67,F,5-LOW,Customer#000065476,MACHINERY,MOROCCO,AFRICA
4341538,1992-01-02,49133.88,F,1-URGENT,Customer#000067771,BUILDING,IRAN,MIDDLE EAST
128710,1992-01-02,170298.22,F,5-LOW,Customer#000045985,BUILDING,PERU,AMERICA
4306241,1992-01-02,321972.17,F,4-NOT SPECIFIED,Customer#000014509,HOUSEHOLD,BRAZIL,AMERICA
3181095,1992-01-02,11665.76,F,5-LOW,Customer#000038767,HOUSEHOLD,UNITED STATES,AMERICA
2045927,1992-01-02,87221.46,F,5-LOW,Customer#000097672,FURNITURE,EGYPT,MIDDLE EAST
4132514,1992-01-02,82678.30,F,3-MEDIUM,Customer#000107167,MACHINERY,MOROCCO,AFRICA
4243554,1992-01-02,176388.92,F,4-NOT SPECIFIED,Customer#000061618,AUTOMOBILE,EGYPT,MIDDLE EAST
3557474,1992-01-02,190940.06,F,2-HIGH,Customer#000040114,BUILDING,MOZAMBIQUE,AFRICA
5024833,1992-01-02,106238.82,F,5-LOW,Customer#000096103,AUTOMOBILE,UNITED STATES,AMERICA
3566848,1992-01-02,173816.93,F,2-HIGH,Customer#000019111,AUTOMOBILE,ARGENTINA,AMERICA
5969889,1992-01-02,317303.56,F,5-LOW,Customer#000092818,AUTOMOBILE,IRAQ,MIDDLE EAST
5952294,1992-01-02,231208.71,F,2-HIGH,Customer#000111724,HOUSEHOLD,CHINA,ASIA
5108551,1992-01-02,143292.83,F,4-NOT SPECIFIED,Customer#000034948,BUILDING,PERU,AMERICA
1804929,1992-01-02,262125.96,F,3-MEDIUM,Customer#000092981,BUILDING,ALGERIA,AFRICA
577444,1992-01-02,75621.29,F,5-LOW,Customer#000046040,AUTOMOBILE,BRAZIL,AMERICA
562400,1992-01-02,258386.54,F,4-NOT SPECIFIED,Customer#000115366,MACHINERY,ETHIOPIA,AFRICA
895559,1992-01-02,289297.34,F,1-URGENT,Customer#000024184,FURNITURE,INDIA,ASIA
229026,1992-01-02,110601.60,F,2-HIGH,Customer#000101674,MACHINERY,CHINA,ASIA
456614,1992-01-02,277279.33,F,3-MEDIUM,Customer#000132706,MACHINERY,FRANCE,EUROPE
5758404,1992-01-02,228048.64,F,3-MEDIUM,Customer#000142648,FURNITURE,JAPAN,ASIA
1031425,1992-01-02,158210.67,F,3-MEDIUM,Customer#000058888,AUTOMOBILE,GERMANY,EUROPE
135392,1992-01-02,163401.95,F,5-LOW,Customer#000008236,HOUSEHOLD,GERMANY,EUROPE
2178627,1992-01-02,275059.03,F,3-MEDIUM,Customer#000139091,MACHINERY,MOZAMBIQUE,AFRICA
4877187,1992-01-02,67675.95,F,3-MEDIUM,Customer#000102608,AUTOMOBILE,UNITED KINGDOM,EUROPE
249894,1992-01-02,238792.22,F,2-HIGH,Customer#000031567,HOUSEHOLD,CANADA,AMERICA
1933409,1992-01-02,240077.53,F,5-LOW,Customer#000056528,AUTOMOBILE,MOZAMBIQUE,AFRICA
2989920,1992-01-02,144974.92,F,3-MEDIUM,Customer#000069271,MACHINERY,FRANCE,EUROPE
2489158,1992-01-02,3888.51,F,1-URGENT,Customer#000106318,HOUSEHOLD,UNITED STATES,AMERICA
709316,1992-01-02,99698.09,F,3-MEDIUM,Customer#000111170,AUTOMOBILE,MOROCCO,AFRICA
4451425,1992-01-02,153934.12,F,2-HIGH,Customer#000031519,BUILDING,IRAQ,MIDDLE EAST
5906087,1992-01-02,405608.69,F,3-MEDIUM,Customer#000028190,AUTOMOBILE,IRAN,MIDDLE EAST
2154018,1992-01-02,75582.65,F,2-HIGH,Customer#000038324,BUILDING,JORDAN,MIDDLE EAST
4815110,1992-01-02,27662.10,F,3-MEDIUM,Customer#000064943,AUTOMOBILE,PERU,AMERICA
5387461,1992-01-02,128264.25,F,2-HIGH,Customer#000145718,FURNITURE,MOZAMBIQUE,AFRICA
3712,1992-01-02,181175.40,F,2-HIGH,Customer#000063805,FURNITURE,UNITED KINGDOM,EUROPE
1578112,1992-01-02,213802.50,F,4-NOT SPECIFIED,Customer#000062999,HOUSEHOLD,JAPAN,ASIA
3921090,1992-01-02,197099.03,F,5-LOW,Customer#000099653,HOUSEHOLD,JORDAN,MIDDLE EAST
1372421,1992-01-02,106666.69,F,1-URGENT,Customer#000090725,BUILDING,SAUDI ARABIA,MIDDLE EAST
2198113,1992-01-02,36995.21,F,3-MEDIUM,Customer#000027004,FURNITURE,MOROCCO,AFRICA
5853253,1992-01-02,17034.27,F,4-NOT SPECIFIED,Customer#000029018,HOUSEHOLD,INDIA,ASIA
401377,1992-01-02,91656.00,F,3-MEDIUM,Customer#000056336,AUTOMOBILE,RUSSIA,EUROPE
2073281,1992-01-02,63374.22,F,2-HIGH,Customer#000052060,HOUSEHOLD,ARGENTINA,AMERICA
4252323,1992-01-02,305546.84,F,4-NOT SPECIFIED,Customer#000010474,MACHINERY,ETHIOPIA,AFRICA
336066,1992-01-02,146532.05,F,1-URGENT,Customer#000121522,HOUSEHOLD,KENYA,AFRICA
4410724,1992-01-02,129052.08,F,4-NOT SPECIFIED,Customer#000002938,AUTOMOBILE,VIETNAM,ASIA
3790407,1992-01-02,67105.11,F,5-LOW,Customer#000133022,AUTOMOBILE,GERMANY,EUROPE
2555524,1992-01-02,95394.26,F,5-LOW,Customer#000045208,BUILDING,ARGENTINA,AMERICA
697952,1992-01-02,220557.19,F,4-NOT SPECIFIED,Customer#000108520,FURNITURE,IRAQ,MIDDLE EAST
5222406,1992-01-02,276540.61,F,3-MEDIUM,Customer#000092800,HOUSEHOLD,IRAN,MIDDLE EAST
672162,1992-01-02,270642.18,F,1-URGENT,Customer#000135749,AUTOMOBILE,KENYA,AFRICA
1853766,1992-01-02,39613.53,F,4-NOT SPECIFIED,Customer#000147181,AUTOMOBILE,ETHIOPIA,AFRICA
3108835,1992-01-02,136278.51,F,1-URGENT,Customer#000143231,MACHINERY,KENYA,AFRICA
296005,1992-01-02,56320.04,F,1-URGENT,Customer#000005998,FURNITURE,IRAQ,MIDDLE EAST
4592802,1992-01-02,252895.49,F,5-LOW,Customer#000036925,FURNITURE,CHINA,ASIA
4242503,1992-01-02,297490.40,F,4-NOT SPECIFIED,Customer#000030925,FURNITURE,IRAN,MIDDLE EAST
2095905,1992-01-02,192709.65,F,4-NOT SPECIFIED,Customer#000112000,AUTOMOBILE,PERU,AMERICA
2693059,1992-01-02,190798.26,F,5-LOW,Customer#000126985,FURNITURE,BRAZIL,AMERICA
5229696,1992-01-02,98634.12,F,3-MEDIUM,Customer#000033631,FURNITURE,JORDAN,MIDDLE EAST
4061508,1992-01-02,91912.40,F,2-HIGH,Customer#000017656,HOUSEHOLD,VIETNAM,ASIA
4717573,1992-01-02,29835.99,F,2-HIGH,Customer#000009218,FURNITURE,IRAN,MIDDLE EAST
4714020,1992-01-02,244839.52,F,5-LOW,Customer#000134596,AUTOMOBILE,INDIA,ASIA
5069382,1992-01-02,117427.70,F,1-URGENT,Customer#000082268,FURNITURE,IRAN,MIDDLE EAST
1302822,1992-01-02,141445.68,F,2-HIGH,Customer#000018016,BUILDING,UNITED STATES,AMERICA
2005027,1992-01-02,84119.81,F,5-LOW,Customer#000113905,BUILDING,GERMANY,EUROPE
4901761,1992-01-02,13893.96,F,3-MEDIUM,Customer#000143761,FURNITURE,RUSSIA,EUROPE
2610531,1992-01-02,243338.05,F,5-LOW,Customer#000011294,BUILDING,JORDAN,MIDDLE EAST
255876,1992-01-02,114271.07,F,5-LOW,Customer#000077167,MACHINERY,ETHIOPIA,AFRICA
5196579,1992-01-02,65251.30,F,4-NOT SPECIFIED,Customer#000113962,HOUSEHOLD,INDIA,ASIA
3710725,1992-01-02,191298.31,F,1-URGENT,Customer#000033907,FURNITURE,SAUDI ARABIA,MIDDLE EAST
2273829,1992-01-02,31981.62,F,3-MEDIUM,Customer#000051232,MACHINERY,IRAQ,MIDDLE EAST
2536679,1992-01-02,63922.93,F,3-MEDIUM,Customer#000135743,MACHINERY,ETHIOPIA,AFRICA
4367906,1992-01-02,263699.87,F,2-HIGH,Customer#000137611,AUTOMOBILE,BRAZIL,AMERICA
1315264,1992-01-02,179266.45,F,3-MEDIUM,Customer#000138737,HOUSEHOLD,UNITED KINGDOM,EUROPE
1403268,1992-01-02,147384.35,F,3-MEDIUM,Customer#000109880,MACHINERY,FRANCE,EUROPE
2255367,1992-01-02,63476.95,F,2-HIGH,Customer#000036109,HOUSEHOLD,MOZAMBIQUE,AFRICA
3359937,1992-01-02,169239.26,F,5-LOW,Customer#000065270,BUILDING,VIETNAM,ASIA
3536899,1992-01-02,150848.78,F,3-MEDIUM,Customer#000026915,FURNITURE,ALGERIA,AFRICA
4001984,1992-01-02,118366.84,F,4-NOT SPECIFIED,Customer#000035527,HOUSEHOLD,CHINA,ASIA
4872102,1992-01-02,130885.96,F,5-LOW,Customer#000039949,HOUSEHOLD,ARGENTINA,AMERICA
3648737,1992-01-02,196201.97,F,1-URGENT,Customer#000104866,MACHINERY,MOZAMBIQUE,AFRICA
2623457,1992-01-02,121671.22,F,4-NOT SPECIFIED,Customer#000029024,MACHINERY,GERMANY,EUROPE
2489763,1992-01-02,75216.38,F,2-HIGH,Customer#000112814,HOUSEHOLD,BRAZIL,AMERICA
1306948,1992-01-02,98298.94,F,5-LOW,Customer#000145555,MACHINERY,MOROCCO,AFRICA
4942209,1992-01-02,67606.17,F,1-URGENT,Customer#000125401,HOUSEHOLD,ETHIOPIA,AFRICA
5450722,1992-01-02,27023.40,F,4-NOT SPECIFIED,Customer#000045671,BUILDING,CHINA,ASIA
349347,1992-01-02,54242.95,F,5-LOW,Customer#000005342,AUTOMOBILE,INDIA,ASIA
1825351,1992-01-02,236690.86,F,5-LOW,Customer#000033911,FURNITURE,MOROCCO,AFRICA
3953510,1992-01-02,91635.44,F,3-MEDIUM,Customer#000049936,AUTOMOBILE,KENYA,AFRICA
5034112,1992-01-02,96283.52,F,2-HIGH,Customer#000016279,MACHINERY,CANADA,AMERICA
2258596,1992-01-02,352596.80,F,5-LOW,Customer#000122044,BUILDING,IRAN,MIDDLE EAST
1141924,1992-01-02,173598.79,F,2-HIGH,Customer#000000700,MACHINERY,ALGERIA,AFRICA
599778,1992-01-02,252499.91,F,5-LOW,Customer#000056375,AUTOMOBILE,PERU,AMERICA
1214470,1992-01-02,130880.72,F,2-HIGH,Customer#000076960,MACHINERY,UNITED KINGDOM,EUROPE
728002,1992-01-02,241880.56,F,4-NOT SPECIFIED,Customer#000119114,MACHINERY,JORDAN,MIDDLE EAST
3811399,1992-01-02,35169.71,F,4-NOT SPECIFIED,Customer#000042388,MACHINERY,UNITED KINGDOM,EUROPE
3006883,1992-01-02,167803.12,F,5-LOW,Customer#000085805,BUILDING,JAPAN,ASIA
5769060,1992-01-02,2809.42,F,3-MEDIUM,Customer#000033319,FURNITURE,SAUDI ARABIA,MIDDLE EAST
1259264,1992-01-02,217415.93,F,2-HIGH,Customer#000031741,FURNITURE,IRAN,MIDDLE EAST
5601955,1992-01-02,241297.04,F,1-URGENT,Customer#000118789,HOUSEHOLD,ALGERIA,AFRICA
252960,1992-01-02,70179.79,F,1-URGENT,Customer#000098113,AUTOMOBILE,PERU,AMERICA
5380064,1992-01-02,54884.71,F,2-HIGH,Customer#000047038,AUTOMOBILE,KENYA,AFRICA
1100608,1992-01-02,44371.64,F,2-HIGH,Customer#000111392,MACHINERY,UNITED STATES,AMERICA
5742592,1992-01-02,157877.95,F,1-URGENT,Customer#000104347,AUTOMOBILE,FRANCE,EUROPE
3227847,1992-01-02,166872.36,F,4-NOT SPECIFIED,Customer#000060668,BUILDING,EGYPT,MIDDLE EAST
3605798,1992-01-02,30252.06,F,5-LOW,Customer#000052966,FURNITURE,INDONESIA,ASIA
633378,1992-01-02,256721.75,F,2-HIGH,Customer#000103447,AUTOMOBILE,INDIA,ASIA
910370,1992-01-02,28296.39,F,3-MEDIUM,Customer#000124939,HOUSEHOLD,IRAN,MIDDLE EAST
3265410,1992-01-02,57303.81,F,2-HIGH,Customer#000114764,BUILDING,UNITED STATES,AMERICA
3012612,1992-01-02,144803.77,F,2-HIGH,Customer#000009619,AUTOMOBILE,UNITED KINGDOM,EUROPE
3181124,1992-01-02,39139.38,F,4-NOT SPECIFIED,Customer#000096916,AUTOMOBILE,ALGERIA,AFRICA
4893094,1992-01-02,178132.66,F,4-NOT SPECIFIED,Customer#000108404,FURNITURE,RUSSIA,EUROPE
3373925,1992-01-02,251786.17,F,5-LOW,Customer#000036604,MACHINERY,BRAZIL,AMERICA
2259426,1992-01-02,296217.49,F,5-LOW,Customer#000073979,FURNITURE,FRANCE,EUROPE
754851,1992-01-02,218899.85,F,5-LOW,Customer#000030232,MACHINERY,ARGENTINA,AMERICA
5317635,1992-01-02,63546.81,F,2-HIGH,Customer#000035746,FURNITURE,GERMANY,EUROPE
3030433,1992-01-02,19340.57,F,4-NOT SPECIFIED,Customer#000143927,AUTOMOBILE,IRAN,MIDDLE EAST
3297383,1992-01-02,279935.21,F,2-HIGH,Customer#000117712,MACHINERY,PERU,AMERICA
1963654,1992-01-02,112425.73,F,3-MEDIUM,Customer#000094303,HOUSEHOLD,IRAN,MIDDLE EAST
5007137,1992-01-02,220933.08,F,3-MEDIUM,Customer#000143125,MACHINERY,GERMANY,EUROPE
3178247,1992-01-02,259919.08,F,4-NOT SPECIFIED,Customer#000008719,BUILDING,GERMANY,EUROPE
1412295,1992-01-02,63014.75,F,2-HIGH,Customer#000061603,MACHINERY,BRAZIL,AMERICA
3309095,1992-01-02,339406.60,F,3-MEDIUM,Customer#000107435,AUTOMOBILE,ETHIOPIA,AFRICA
1149701,1992-01-02,127922.67,F,2-HIGH,Customer#000064256,HOUSEHOLD,MOROCCO,AFRICA
1331301,1992-01-02,286630.91,F,2-HIGH,Customer#000040348,AUTOMOBILE,ALGERIA,AFRICA
2472002,1992-01-02,70952.73,F,4-NOT SPECIFIED,Customer#000043613,BUILDING,INDONESIA,ASIA
4575650,1992-01-02,11278.20,F,1-URGENT,Customer#000083501,AUTOMOBILE,BRAZIL,AMERICA
3139,1992-01-02,54456.91,F,3-MEDIUM,Customer#000016475,AUTOMOBILE,INDONESIA,ASIA
2436774,1992-01-02,25867.69,F,5-LOW,Customer#000079957,BUILDING,ALGERIA,AFRICA
3439458,1992-01-02,197655.40,F,4-NOT SPECIFIED,Customer#000141658,MACHINERY,RUSSIA,EUROPE
4382369,1992-01-02,61296.97,F,2-HIGH,Customer#000044206,HOUSEHOLD,MOZAMBIQUE,AFRICA
3132932,1992-01-02,100532.27,F,3-MEDIUM,Customer#000002717,AUTOMOBILE,RUSSIA,EUROPE
338048,1992-01-02,321220.84,F,2-HIGH,Customer#000096185,AUTOMOBILE,SAUDI ARABIA,MIDDLE EAST
462309,1992-01-02,49796.62,F,5-LOW,Customer#000108307,HOUSEHOLD,PERU,AMERICA
5139205,1992-01-02,222669.88,F,3-MEDIUM,Customer#000060688,HOUSEHOLD,UNITED KINGDOM,EUROPE
4133185,1992-01-02,53232.08,F,4-NOT SPECIFIED,Customer#000058825,AUTOMOBILE,UNITED STATES,AMERICA
859649,1992-01-02,81949.52,F,4-NOT SPECIFIED,Customer#000059029,HOUSEHOLD,ROMANIA,EUROPE
332675,1992-01-02,40875.03,F,1-URGENT,Customer#000043543,HOUSEHOLD,GERMANY,EUROPE
3695334,1992-01-02,30132.92,F,5-LOW,Customer#000098902,MACHINERY,ARGENTINA,AMERICA
5113444,1992-01-02,195994.44,F,1-URGENT,Customer#000109894,AUTOMOBILE,INDONESIA,ASIA
4595748,1992-01-02,244508.84,F,5-LOW,Customer#000002830,FURNITURE,BRAZIL,AMERICA
804131,1992-01-02,156333.87,F,2-HIGH,Customer#000048791,MACHINERY,UNITED STATES,AMERICA
3331683,1992-01-02,6947.53,F,2-HIGH,Customer#000020156,AUTOMOBILE,EGYPT,MIDDLE EAST
1257893,1992-01-02,54649.32,F,3-MEDIUM,Customer#000061711,BUILDING,JORDAN,MIDDLE EAST
5108965,1992-01-02,21054.52,F,4-NOT SPECIFIED,Customer#000128660,MACHINERY,EGYPT,MIDDLE EAST
645123,1992-01-02,138509.84,F,1-URGENT,Customer#000022651,AUTOMOBILE,CANADA,AMERICA
2772228,1992-01-02,256747.30,F,2-HIGH,Customer#000079801,HOUSEHOLD,MOZAMBIQUE,AFRICA
2593604,1992-01-02,193094.36,F,3-MEDIUM,Customer#000135802,HOUSEHOLD,INDONESIA,ASIA
2624130,1992-01-02,302358.60,F,4-NOT SPECIFIED,Customer#000059575,FURNITURE,ROMANIA,EUROPE
3014246,1992-01-02,281372.65,F,3-MEDIUM,Customer#000096653,FURNITURE,BRAZIL,AMERICA
2791013,1992-01-02,225314.37,F,3-MEDIUM,Customer#000064255,FURNITURE,MOZAMBIQUE,AFRICA
5697281,1992-01-02,16670.48,F,3-MEDIUM,Customer#000014083,MACHINERY,CHINA,ASIA
3211074,1992-01-02,58404.53,F,3-MEDIUM,Customer#000077080,BUILDING,ARGENTINA,AMERICA
4839073,1992-01-02,52748.56,F,1-URGENT,Customer#000110713,MACHINERY,KENYA,AFRICA
1894753,1992-01-02,97911.34,F,5-LOW,Customer#000096058,AUTOMOBILE,BRAZIL,AMERICA
4895046,1992-01-02,299512.52,F,3-MEDIUM,Customer#000026753,FURNITURE,RUSSIA,EUROPE
5053857,1992-01-02,123688.40,F,1-URGENT,Customer#000148232,AUTOMOBILE,MOZAMBIQUE,AFRICA
3390784,1992-01-02,52494.65,F,3-MEDIUM,Customer#000117499,MACHINERY,IRAQ,MIDDLE EAST
2143009,1992-01-02,123421.69,F,1-URGENT,Customer#000084403,FURNITURE,INDONESIA,ASIA
3336422,1992-01-02,38260.88,F,3-MEDIUM,Customer#000012833,AUTOMOBILE,ETHIOPIA,AFRICA
3764004,1992-01-02,82785.16,F,2-HIGH,Customer#000086335,MACHINERY,ALGERIA,AFRICA
3828325,1992-01-02,116078.45,F,4-NOT SPECIFIED,Customer#000029789,AUTOMOBILE,RUSSIA,EUROPE
4157955,1992-01-02,5392.25,F,2-HIGH,Customer#000145046,BUILDING,JAPAN,ASIA
1244839,1992-01-02,183213.80,F,3-MEDIUM,Customer#000131479,AUTOMOBILE,IRAN,MIDDLE EAST
261251,1992-01-02,48525.92,F,4-NOT SPECIFIED,Customer#000079408,MACHINERY,VIETNAM,ASIA
570021,1992-01-02,110869.72,F,1-URGENT,Customer#000063976,HOUSEHOLD,MOZAMBIQUE,AFRICA
5389696,1992-01-02,30459.73,F,4-NOT SPECIFIED,Customer#000070531,AUTOMOBILE,JAPAN,ASIA
5471590,1992-01-02,200300.91,F,2-HIGH,Customer#000145178,AUTOMOBILE,ETHIOPIA,AFRICA
258630,1992-01-02,179828.43,F,3-MEDIUM,Customer#000108716,MACHINERY,IRAN,MIDDLE EAST
2703559,1992-01-02,55616.19,F,4-NOT SPECIFIED,Customer#000063052,BUILDING,CANADA,AMERICA
2699108,1992-01-02,173314.45,F,4-NOT SPECIFIED,Customer#000143582,BUILDING,IRAQ,MIDDLE EAST
3410084,1992-01-02,47613.05,F,2-HIGH,Customer#000073141,HOUSEHOLD,KENYA,AFRICA
4168800,1992-01-02,139535.12,F,1-URGENT,Customer#000092279,AUTOMOBILE,JAPAN,ASIA
2333856,1992-01-02,51659.40,F,2-HIGH,Customer#000117106,MACHINERY,CHINA,ASIA
3953797,1992-01-02,53032.01,F,4-NOT SPECIFIED,Customer#000123101,AUTOMOBILE,JORDAN,MIDDLE EAST
4919429,1992-01-02,290985.07,F,5-LOW,Customer#000107242,HOUSEHOLD,ROMANIA,EUROPE
5854402,1992-01-02,148858.17,F,3-MEDIUM,Customer#000082840,AUTOMOBILE,JORDAN,MIDDLE EAST
130852,1992-01-02,332894.41,F,3-MEDIUM,Customer#000116437,BUILDING,JORDAN,MIDDLE EAST
3616160,1992-01-02,338568.89,F,4-NOT SPECIFIED,Customer#000103969,BUILDING,PERU,AMERICA
3558465,1992-01-02,252508.77,F,5-LOW,Customer#000133033,HOUSEHOLD,KENYA,AFRICA
1730147,1992-01-02,48167.15,F,3-MEDIUM,Customer#000056776,BUILDING,IRAN,MIDDLE EAST
4792835,1992-01-02,143902.48,F,2-HIGH,Customer#000043363,MACHINERY,MOROCCO,AFRICA
497505,1992-01-02,329627.07,F,5-LOW,Customer#000116491,HOUSEHOLD,CANADA,AMERICA
416871,1992-01-02,193234.99,F,4-NOT SPECIFIED,Customer#000112139,FURNITURE,MOZAMBIQUE,AFRICA
90690,1992-01-02,260568.04,F,2-HIGH,Customer#000063439,HOUSEHOLD,CANADA,AMERICA
598849,1992-01-02,258664.10,F,5-LOW,Customer#000067396,AUTOMOBILE,SAUDI ARABIA,MIDDLE EAST
388037,1992-01-02,199997.96,F,3-MEDIUM,Customer#000087964,AUTOMOBILE,INDONESIA,ASIA
169063,1992-01-02,63267.51,F,1-URGENT,Customer#000130375,MACHINERY,VIETNAM,ASIA
361057,1992-01-02,301843.79,F,1-URGENT,Customer#000109268,AUTOMOBILE,ROMANIA,EUROPE
3448130,1992-01-02,289418.01,F,5-LOW,Customer#000041287,FURNITURE,JORDAN,MIDDLE EAST
4096100,1992-01-02,191158.82,F,1-URGENT,Customer#000127072,HOUSEHOLD,PERU,AMERICA
331045,1992-01-02,76220.60,F,4-NOT SPECIFIED,Customer#000117241,AUTOMOBILE,SAUDI ARABIA,MIDDLE EAST
348931,1992-01-02,38720.02,F,4-NOT SPECIFIED,Customer#000133750,BUILDING,IRAQ,MIDDLE EAST
398274,1992-01-02,143417.49,F,3-MEDIUM,Customer#000010184,BUILDING,UNITED STATES,AMERICA
3740897,1992-01-02,110183.34,F,5-LOW,Customer#000119035,HOUSEHOLD,RUSSIA,EUROPE
466528,1992-01-02,38542.72,F,4-NOT SPECIFIED,Customer#000124282,HOUSEHOLD,VIETNAM,ASIA
3444614,1992-01-02,221494.58,F,4-NOT SPECIFIED,Customer#000137089,FURNITURE,ROMANIA,EUROPE
1612642,1992-01-02,67174.37,F,3-MEDIUM,Customer#000024977,BUILDING,FRANCE,EUROPE
3031426,1992-01-02,298456.39,F,2-HIGH,Customer#000014309,FURNITURE,KENYA,AFRICA
3805444,1992-01-02,43285.39,F,2-HIGH,Customer#000068932,BUILDING,CHINA,ASIA
1044803,1992-01-02,184748.61,F,5-LOW,Customer#000080233,MACHINERY,ARGENTINA,AMERICA
3888327,1992-01-02,66456.98,F,5-LOW,Customer#000018982,BUILDING,IRAQ,MIDDLE EAST
468739,1992-01-02,308348.72,F,3-MEDIUM,Customer#000121607,FURNITURE,GERMANY,EUROPE
2805793,1992-01-02,177448.23,F,2-HIGH,Customer#000136094,BUILDING,ARGENTINA,AMERICA
5609986,1992-01-02,50811.45,F,1-URGENT,Customer#000019922,MACHINERY,EGYPT,MIDDLE EAST
3800580,1992-01-02,53637.37,F,5-LOW,Customer#000141125,BUILDING,GERMANY,EUROPE
2793477,1992-01-02,180897.80,F,2-HIGH,Customer#000055750,MACHINERY,GERMANY,EUROPE
5094885,1992-01-02,184747.53,F,5-LOW,Customer#000044746,FURNITURE,VIETNAM,ASIA
4087746,1992-01-02,10923.68,F,5-LOW,Customer#000078313,AUTOMOBILE,JORDAN,MIDDLE EAST
1834631,1992-01-02,179703.20,F,2-HIGH,Customer#000145088,HOUSEHOLD,INDONESIA,ASIA
1525282,1992-01-02,270546.41,F,1-URGENT,Customer#000108728,MACHINERY,INDIA,ASIA
1121574,1992-01-02,152427.33,F,5-LOW,Customer#000001018,FURNITURE,CHINA,ASIA
1868997,1992-01-02,86452.67,F,4-NOT SPECIFIED,Customer#000129910,AUTOMOBILE,JORDAN,MIDDLE EAST
1958018,1992-01-02,264181.58,F,2-HIGH,Customer#000023065,MACHINERY,CANADA,AMERICA
3544100,1992-01-02,147526.54,F,3-MEDIUM,Customer#000058946,HOUSEHOLD,INDONESIA,ASIA
2040519,1992-01-02,108911.01,F,1-URGENT,Customer#000094069,FURNITURE,ETHIOPIA,AFRICA
4791527,1992-01-02,231316.70,F,3-MEDIUM,Customer#000038134,BUILDING,KENYA,AFRICA
1844384,1992-01-02,253166.51,F,3-MEDIUM,Customer#000086669,FURNITURE,JAPAN,ASIA
1887301,1992-01-02,221315.04,F,3-MEDIUM,Customer#000097481,FURNITURE,CANADA,AMERICA
1816899,1992-01-02,231316.48,F,3-MEDIUM,Customer#000106958,FURNITURE,JORDAN,MIDDLE EAST
2657030,1992-01-02,66218.38,F,2-HIGH,Customer#000090034,BUILDING,ARGENTINA,AMERICA
5311936,1992-01-02,14978.79,F,3-MEDIUM,Customer#000019631,FURNITURE,RUSSIA,EUROPE
1077926,1992-01-02,203388.60,F,2-HIGH,Customer#000149110,AUTOMOBILE,ARGENTINA,AMERICA
4163300,1992-01-02,115318.08,F,5-LOW,Customer#000133850,BUILDING,MOROCCO,AFRICA
3987111,1992-01-02,78703.45,F,2-HIGH,Customer#000000364,HOUSEHOLD,UNITED KINGDOM,EUROPE
1545986,1992-01-02,157411.17,F,5-LOW,Customer#000127915,FURNITURE,EGYPT,MIDDLE EAST
2156833,1992-01-02,130227.51,F,4-NOT SPECIFIED,Customer#000078892,AUTOMOBILE,JORDAN,MIDDLE EAST
5589860,1992-01-02,36374.69,F,2-HIGH,Customer#000115907,HOUSEHOLD,IRAN,MIDDLE EAST
4103042,1992-01-02,216544.65,F,3-MEDIUM,Customer#000033775,AUTOMOBILE,ALGERIA,AFRICA
370820,1992-01-02,37680.94,F,2-HIGH,Customer#000097555,MACHINERY,ROMANIA,EUROPE
3806081,1992-01-02,44996.00,F,3-MEDIUM,Customer#000128986,FURNITURE,CANADA,AMERICA
4180417,1992-01-02,128738.91,F,3-MEDIUM,Customer#000036661,BUILDING,INDIA,ASIA
1350337,1992-01-02,215807.13,F,3-MEDIUM,Customer#000050347,HOUSEHOLD,ARGENTINA,AMERICA
2277761,1992-01-02,181046.98,F,2-HIGH,Customer#000066358,BUILDING,SAUDI ARABIA,MIDDLE EAST
3774887,1992-01-02,235315.60,F,1-URGENT,Customer#000100675,FURNITURE,MOZAMBIQUE,AFRICA
3550595,1992-01-02,245188.44,F,2-HIGH,Customer#000073364,AUTOMOBILE,INDIA,ASIA
3408676,1992-01-02,2923.88,F,4-NOT SPECIFIED,Customer#000149929,FURNITURE,UNITED KINGDOM,EUROPE
5371975,1992-01-02,275142.46,F,3-MEDIUM,Customer#000067736,FURNITURE,IRAQ,MIDDLE EAST
5471556,1992-01-02,128435.14,F,5-LOW,Customer#000005038,HOUSEHOLD,CHINA,ASIA
5048580,1992-01-02,250440.80,F,5-LOW,Customer#000007942,AUTOMOBILE,RUSSIA,EUROPE
5912327,1992-01-02,70394.90,F,4-NOT SPECIFIED,Customer#000074878,BUILDING,JAPAN,ASIA
5304356,1992-01-02,68365.10,F,1-URGENT,Customer#000032824,BUILDING,INDIA,ASIA
5389447,1992-01-02,112140.28,F,3-MEDIUM,Customer#000091912,MACHINERY,MOZAMBIQUE,AFRICA
1702119,1992-01-02,25237.34,F,1-URGENT,Customer#000057782,AUTOMOBILE,KENYA,AFRICA
3795425,1992-01-02,279541.25,F,5-LOW,Customer#000045016,HOUSEHOLD,ALGERIA,AFRICA
4255586,1992-01-02,196857.72,F,3-MEDIUM,Customer#000092083,AUTOMOBILE,BRAZIL,AMERICA
5850279,1992-01-02,54647.41,F,4-NOT SPECIFIED,Customer#000080338,BUILDING,JAPAN,ASIA
1219303,1992-01-02,326462.61,F,4-NOT SPECIFIED,Customer#000098884,FURNITURE,INDONESIA,ASIA
4639847,1992-01-02,71153.94,F,1-URGENT,Customer#000026318,AUTOMOBILE,VIETNAM,ASIA
405825,1992-01-02,98588.71,F,3-MEDIUM,Customer#000045805,HOUSEHOLD,IRAQ,MIDDLE EAST
4495745,1992-01-02,11528.30,F,4-NOT SPECIFIED,Customer#000110092,HOUSEHOLD,ROMANIA,EUROPE
2490882,1992-01-02,341005.32,F,1-URGENT,Customer#000091108,BUILDING,ALGERIA,AFRICA
5525158,1992-01-02,110961.07,F,5-LOW,Customer#000031147,HOUSEHOLD,VIETNAM,ASIA
5900192,1992-01-02,127356.22,F,4-NOT SPECIFIED,Customer#000004477,BUILDING,CANADA,AMERICA
5373221,1992-01-02,175439.38,F,5-LOW,Customer#000137215,HOUSEHOLD,VIETNAM,ASIA
5549219,1992-01-02,148023.60,F,1-URGENT,Customer#000101980,AUTOMOBILE,INDIA,ASIA
5910631,1992-01-02,147660.31,F,1-URGENT,Customer#000135190,FURNITURE,UNITED KINGDOM,EUROPE
69378,1992-01-02,154876.47,F,1-URGENT,Customer#000036602,MACHINERY,IRAQ,MIDDLE EAST
5237217,1992-01-02,211523.38,F,4-NOT SPECIFIED,Customer#000046066,HOUSEHOLD,BRAZIL,AMERICA
69476,1992-01-02,88966.58,F,5-LOW,Customer#000111821,AUTOMOBILE,CANADA,AMERICA
4808774,1992-01-02,66835.62,F,5-LOW,Customer#000065239,BUILDING,PERU,AMERICA
3012037,1992-01-02,7314.35,F,1-URGENT,Customer#000019823,FURNITURE,ARGENTINA,AMERICA
4317861,1992-01-02,238160.15,F,1-URGENT,Customer#000118024,HOUSEHOLD,JORDAN,MIDDLE EAST
3567046,1992-01-02,46661.18,F,5-LOW,Customer#000028859,BUILDING,VIETNAM,ASIA
4606917,1992-01-02,71012.32,F,5-LOW,Customer#000051986,FURNITURE,JORDAN,MIDDLE EAST
4559650,1992-01-02,272484.90,F,4-NOT SPECIFIED,Customer#000016474,AUTOMOBILE,ARGENTINA,AMERICA
5105952,1992-01-02,73051.50,F,2-HIGH,Customer#000066715,FURNITURE,ETHIOPIA,AFRICA
3317763,1992-01-02,77865.71,F,2-HIGH,Customer#000046838,MACHINERY,MOROCCO,AFRICA
5636515,1992-01-02,35861.38,F,3-MEDIUM,Customer#000129157,AUTOMOBILE,GERMANY,EUROPE
4466241,1992-01-02,169282.16,F,5-LOW,Customer#000129598,HOUSEHOLD,CHINA,ASIA
4894215,1992-01-02,167623.75,F,2-HIGH,Customer#000118490,MACHINERY,CHINA,ASIA
3240967,1992-01-02,315918.96,F,4-NOT SPECIFIED,Customer#000140974,MACHINERY,INDIA,ASIA
1100099,1992-01-02,89127.18,F,4-NOT SPECIFIED,Customer#000130184,MACHINERY,KENYA,AFRICA
448963,1992-01-02,287690.70,F,5-LOW,Customer#000105227,AUTOMOBILE,VIETNAM,ASIA
3690406,1992-01-02,67497.52,F,5-LOW,Customer#000020095,FURNITURE,JAPAN,ASIA
2183046,1992-01-02,173216.20,F,3-MEDIUM,Customer#000129305,MACHINERY,IRAN,MIDDLE EAST
2779648,1992-01-02,140660.91,F,5-LOW,Customer#000092776,AUTOMOBILE,INDONESIA,ASIA
2292135,1992-01-02,29959.61,F,1-URGENT,Customer#000132929,AUTOMOBILE,ROMANIA,EUROPE
4135204,1992-01-02,170515.25,F,5-LOW,Customer#000148573,AUTOMOBILE,GERMANY,EUROPE
4729315,1992-01-02,218209.79,F,4-NOT SPECIFIED,Customer#000089285,AUTOMOBILE,MOROCCO,AFRICA
2794663,1992-01-02,155415.63,F,2-HIGH,Customer#000033809,BUILDING,EGYPT,MIDDLE EAST
5142851,1992-01-02,150079.90,F,1-URGENT,Customer#000084374,HOUSEHOLD,VIETNAM,ASIA
2129766,1992-01-02,113714.83,F,2-HIGH,Customer#000030695,HOUSEHOLD,MOZAMBIQUE,AFRICA
522242,1992-01-02,84998.74,F,1-URGENT,Customer#000126334,MACHINERY,CHINA,ASIA
2366981,1992-01-02,30605.73,F,3-MEDIUM,Customer#000013070,HOUSEHOLD,ARGENTINA,AMERICA
3398243,1992-01-02,288719.47,F,4-NOT SPECIFIED,Customer#000147826,FURNITURE,RUSSIA,EUROPE
362566,1992-01-02,104247.95,F,4-NOT SPECIFIED,Customer#000016732,FURNITURE,FRANCE,EUROPE
2947460,1992-01-02,248348.48,F,5-LOW,Customer#000133417,AUTOMOBILE,IRAN,MIDDLE EAST
2654949,1992-01-02,141387.59,F,5-LOW,Customer#000102899,AUTOMOBILE,MOZAMBIQUE,AFRICA
3213094,1992-01-02,7827.49,F,5-LOW,Customer#000060457,AUTOMOBILE,JORDAN,MIDDLE EAST
3136679,1992-01-02,136262.26,F,5-LOW,Customer#000149600,HOUSEHOLD,ROMANIA,EUROPE
1853026,1992-01-02,281035.31,F,3-MEDIUM,Customer#000111394,BUILDING,EGYPT,MIDDLE EAST
1336739,1992-01-02,131482.71,F,2-HIGH,Customer#000110566,AUTOMOBILE,RUSSIA,EUROPE
2831207,1992-01-02,222542.23,F,4-NOT SPECIFIED,Customer#000017626,BUILDING,MOROCCO,AFRICA
3544929,1992-01-02,46029.00,F,4-NOT SPECIFIED,Customer#000010859,BUILDING,ALGERIA,AFRICA
2789249,1992-01-02,325429.35,F,2-HIGH,Customer#000082832,AUTOMOBILE,VIETNAM,ASIA
4932578,1992-01-02,23122.92,F,5-LOW,Customer#000066614,MACHINERY,MOZAMBIQUE,AFRICA
2068736,1992-01-02,122547.15,F,4-NOT SPECIFIED,Customer#000066118,FURNITURE,ARGENTINA,AMERICA
1248,1992-01-02,262081.09,F,1-URGENT,Customer#000047026,AUTOMOBILE,BRAZIL,AMERICA
3405095,1992-01-02,277917.34,F,1-URGENT,Customer#000108175,FURNITURE,CHINA,ASIA
2221313,1992-01-02,46964.54,F,2-HIGH,Customer#000044588,FURNITURE,BRAZIL,AMERICA
2198534,1992-01-02,75447.41,F,2-HIGH,Customer#000055732,AUTOMOBILE,IRAQ,MIDDLE EAST
5852771,1992-01-02,297584.85,F,1-URGENT,Customer#000083671,HOUSEHOLD,CANADA,AMERICA
5616578,1992-01-02,206303.32,F,4-NOT SPECIFIED,Customer#000091109,HOUSEHOLD,JORDAN,MIDDLE EAST
5238087,1992-01-02,116141.64,F,4-NOT SPECIFIED,Customer#000109234,MACHINERY,SAUDI ARABIA,MIDDLE EAST
152805,1992-01-02,131991.62,F,3-MEDIUM,Customer#000027481,HOUSEHOLD,JORDAN,MIDDLE EAST
4188099,1992-01-02,357090.40,F,2-HIGH,Customer#000093377,FURNITURE,EGYPT,MIDDLE EAST
4667046,1992-01-02,302171.62,F,1-URGENT,Customer#000069955,AUTOMOBILE,ETHIOPIA,AFRICA
2995779,1992-01-02,46760.17,F,1-URGENT,Customer#000087638,FURNITURE,ALGERIA,AFRICA
3434210,1992-01-02,24539.21,F,3-MEDIUM,Customer#000047147,MACHINERY,INDONESIA,ASIA
4954501,1992-01-02,34076.16,F,2-HIGH,Customer#000024061,AUTOMOBILE,INDONESIA,ASIA
5024578,1992-01-02,281933.43,F,3-MEDIUM,Customer#000019433,MACHINERY,ETHIOPIA,AFRICA
271808,1992-01-02,48534.40,F,3-MEDIUM,Customer#000016891,AUTOMOBILE,UNITED KINGDOM,EUROPE
4976960,1992-01-02,188815.68,F,1-URGENT,Customer#000128138,MACHINERY,BRAZIL,AMERICA
5657152,1992-01-02,19466.79,F,2-HIGH,Customer#000105148,MACHINERY,VIETNAM,ASIA
5993633,1992-01-02,47083.80,F,5-LOW,Customer#000037798,HOUSEHOLD,CHINA,ASIA
5177634,1992-01-02,102194.05,F,4-NOT SPECIFIED,Customer#000091516,AUTOMOBILE,CHINA,ASIA
5686017,1992-01-02,88173.80,F,5-LOW,Customer#000072679,AUTOMOBILE,ALGERIA,AFRICA
2059137,1992-01-02,73398.79,F,2-HIGH,Customer#000105185,FURNITURE,GERMANY,EUROPE
1241030,1992-01-02,309889.51,F,5-LOW,Customer#000055376,MACHINERY,JAPAN,ASIA
5166914,1992-01-02,283791.51,F,2-HIGH,Customer#000104174,FURNITURE,JAPAN,ASIA
2370082,1992-01-02,147782.73,F,3-MEDIUM,Customer#000081604,BUILDING,CANADA,AMERICA
5878951,1992-01-02,109436.94,F,1-URGENT,Customer#000121960,MACHINERY,JAPAN,ASIA
5679651,1992-01-02,56255.84,F,5-LOW,Customer#000084814,HOUSEHOLD,INDONESIA,ASIA
1600103,1992-01-02,202888.60,F,3-MEDIUM,Customer#000141073,FURNITURE,UNITED KINGDOM,EUROPE
454244,1992-01-02,166265.03,F,3-MEDIUM,Customer#000019261,AUTOMOBILE,UNITED STATES,AMERICA
5038178,1992-01-02,126817.98,F,3-MEDIUM,Customer#000100822,MACHINERY,ARGENTINA,AMERICA
3721860,1992-01-02,159464.28,F,1-URGENT,Customer#000006196,BUILDING,MOROCCO,AFRICA
3449383,1992-01-02,223153.20,F,4-NOT SPECIFIED,Customer#000128665,HOUSEHOLD,BRAZIL,AMERICA
5700646,1992-01-02,200127.29,F,5-LOW,Customer#000109105,HOUSEHOLD,CHINA,ASIA
4305312,1992-01-02,211112.64,F,3-MEDIUM,Customer#000084781,AUTOMOBILE,FRANCE,EUROPE
5326436,1992-01-02,32946.28,F,1-URGENT,Customer#000078268,BUILDING,FRANCE,EUROPE
5309959,1992-01-02,198994.76,F,5-LOW,Customer#000125660,HOUSEHOLD,RUSSIA,EUROPE
4936485,1992-01-02,190893.14,F,3-MEDIUM,Customer#000040864,MACHINERY,EGYPT,MIDDLE EAST
5587045,1992-01-02,143521.47,F,1-URGENT,Customer#000100163,BUILDING,BRAZIL,AMERICA
1279367,1992-01-02,27295.21,F,5-LOW,Customer#000046817,FURNITURE,EGYPT,MIDDLE EAST
5303110,1992-01-02,165095.99,F,3-MEDIUM,Customer#000105184,BUILDING,MOZAMBIQUE,AFRICA
5892353,1992-01-02,107537.03,F,5-LOW,Customer#000031865,MACHINERY,VIETNAM,ASIA
5339879,1992-01-02,102825.15,F,2-HIGH,Customer#000104605,MACHINERY,BRAZIL,AMERICA
1178438,1992-01-02,338463.46,F,5-LOW,Customer#000016739,FURNITURE,KENYA,AFRICA
4811617,1992-01-02,258837.01,F,2-HIGH,Customer#000143050,AUTOMOBILE,BRAZIL,AMERICA
631968,1992-01-02,238394.75,F,3-MEDIUM,Customer#000000817,MACHINERY,ALGERIA,AFRICA
5745127,1992-01-02,169274.25,F,3-MEDIUM,Customer#000045173,MACHINERY,RUSSIA,EUROPE
156868,1992-01-02,171382.03,F,4-NOT SPECIFIED,Customer#000122170,BUILDING,BRAZIL,AMERICA
2102785,1992-01-02,173343.08,F,5-LOW,Customer#000000856,FURNITURE,MOROCCO,AFRICA
3770631,1992-01-02,113642.57,F,5-LOW,Customer#000121826,FURNITURE,UNITED STATES,AMERICA
1431041,1992-01-02,69367.61,F,4-NOT SPECIFIED,Customer#000127174,FURNITURE,ROMANIA,EUROPE
4133440,1992-01-02,25221.25,F,3-MEDIUM,Customer#000008662,FURNITURE,MOZAMBIQUE,AFRICA
5611041,1992-01-02,50560.47,F,1-URGENT,Customer#000096704,BUILDING,RUSSIA,EUROPE
3904805,1992-01-02,184370.13,F,4-NOT SPECIFIED,Customer#000060214,BUILDING,UNITED STATES,AMERICA
1536577,1992-01-02,285910.60,F,1-URGENT,Customer#000045911,MACHINERY,IRAQ,MIDDLE EAST
4084416,1992-01-02,239104.58,F,1-URGENT,Customer#000035092,HOUSEHOLD,GERMANY,EUROPE
3631073,1992-01-02,122581.24,F,3-MEDIUM,Customer#000020317,HOUSEHOLD,CHINA,ASIA
3922278,1992-01-02,161719.87,F,5-LOW,Customer#000128233,AUTOMOBILE,UNITED STATES,AMERICA
3923106,1992-01-02,234565.81,F,3-MEDIUM,Customer#000067378,FURNITURE,CANADA,AMERICA
4144544,1992-01-02,13421.21,F,1-URGENT,Customer#000073585,HOUSEHOLD,INDONESIA,ASIA
1597504,1992-01-02,41243.95,F,1-URGENT,Customer#000039884,FURNITURE,JORDAN,MIDDLE EAST
1365568,1992-01-02,222798.96,F,3-MEDIUM,Customer#000065836,BUILDING,UNITED STATES,AMERICA
1306528,1992-01-02,50668.84,F,2-HIGH,Customer#000096233,MACHINERY,INDIA,ASIA
1834759,1992-01-02,69001.35,F,3-MEDIUM,Customer#000057448,BUILDING,CHINA,ASIA
3802051,1992-01-02,5717.25,F,2-HIGH,Customer#000139711,MACHINERY,BRAZIL,AMERICA
3979746,1992-01-02,11474.75,F,4-NOT SPECIFIED,Customer#000019861,BUILDING,RUSSIA,EUROPE
3512577,1992-01-02,130609.79,F,5-LOW,Customer#000017371,AUTOMOBILE,UNITED KINGDOM,EUROPE
678147,1992-01-02,82884.89,F,2-HIGH,Customer#000133687,HOUSEHOLD,ALGERIA,AFRICA
3725509,1992-01-02,290448.25,F,2-HIGH,Customer#000047918,FURNITURE,INDIA,ASIA
3766880,1992-01-02,58169.99,F,5-LOW,Customer#000127106,HOUSEHOLD,FRANCE,EUROPE
597891,1992-01-02,162911.77,F,1-URGENT,Customer#000124064,AUTOMOBILE,INDIA,ASIA
3752260,1992-01-02,162596.25,F,4-NOT SPECIFIED,Customer#000103340,HOUSEHOLD,KENYA,AFRICA
4190563,1992-01-02,290688.16,F,2-HIGH,Customer#000057713,MACHINERY,EGYPT,MIDDLE EAST
4139459,1992-01-02,58189.93,F,3-MEDIUM,Customer#000083788,HOUSEHOLD,ROMANIA,EUROPE
5566273,1992-01-02,189449.49,F,3-MEDIUM,Customer#000086752,MACHINERY,ETHIOPIA,AFRICA
5616162,1992-01-02,188299.42,F,5-LOW,Customer#000101597,AUTOMOBILE,IRAQ,MIDDLE EAST
5611012,1992-01-02,51930.50,F,2-HIGH,Customer#000098587,BUILDING,CHINA,ASIA
5068131,1992-01-02,154601.35,F,4-NOT SPECIFIED,Customer#000034450,AUTOMOBILE,INDIA,ASIA
5459843,1992-01-02,261238.55,F,2-HIGH,Customer#000031880,FURNITURE,CHINA,ASIA
4829860,1992-01-02,227750.98,F,3-MEDIUM,Customer#000068578,MACHINERY,CANADA,AMERICA
648710,1992-01-02,163863.48,F,4-NOT SPECIFIED,Customer#000073657,FURNITURE,JORDAN,MIDDLE EAST
1651044,1992-01-02,126109.95,F,4-NOT SPECIFIED,Customer#000144733,AUTOMOBILE,CHINA,ASIA
3773058,1992-01-02,33524.90,F,3-MEDIUM,Customer#000057799,AUTOMOBILE,ROMANIA,EUROPE
1265153,1992-01-02,175242.30,F,5-LOW,Customer#000013843,HOUSEHOLD,KENYA,AFRICA
2304999,1992-01-02,252753.78,F,2-HIGH,Customer#000076963,AUTOMOBILE,ARGENTINA,AMERICA
5622017,1992-01-02,155187.92,F,5-LOW,Customer#000061264,MACHINERY,FRANCE,EUROPE
4972581,1992-01-02,185480.06,F,1-URGENT,Customer#000039568,BUILDING,IRAN,MIDDLE EAST
3907942,1992-01-02,213389.62,F,1-URGENT,Customer#000015382,AUTOMOBILE,EGYPT,MIDDLE EAST
1480390,1992-01-02,269333.68,F,3-MEDIUM,Customer#000069355,MACHINERY,FRANCE,EUROPE
1496384,1992-01-02,193354.04,F,5-LOW,Customer#000057871,FURNITURE,UNITED KINGDOM,EUROPE
4959905,1992-01-02,14245.29,F,1-URGENT,Customer#000025786,HOUSEHOLD,UNITED KINGDOM,EUROPE
1290020,1992-01-02,34341.42,F,2-HIGH,Customer#000057563,HOUSEHOLD,KENYA,AFRICA
404832,1992-01-02,99902.18,F,2-HIGH,Customer#000065773,MACHINERY,MOZAMBIQUE,AFRICA
3078659,1992-01-02,178722.59,F,4-NOT SPECIFIED,Customer#000064955,AUTOMOBILE,UNITED KINGDOM,EUROPE
3406183,1992-01-02,73820.42,F,1-URGENT,Customer#000008842,BUILDING,CHINA,ASIA
1433765,1992-01-02,341060.53,F,2-HIGH,Customer#000009350,BUILDING,INDIA,ASIA
4688839,1992-01-02,62525.40,F,4-NOT SPECIFIED,Customer#000102673,BUILDING,CHINA,ASIA
4636704,1992-01-02,80622.38,F,5-LOW,Customer#000014407,BUILDING,INDIA,ASIA
1276033,1992-01-02,124984.33,F,4-NOT SPECIFIED,Customer#000029479,FURNITURE,MOROCCO,AFRICA
1269798,1992-01-02,242938.88,F,2-HIGH,Customer#000115370,FURNITURE,IRAQ,MIDDLE EAST
5741383,1992-01-02,148148.81,F,1-URGENT,Customer#000023911,FURNITURE,FRANCE,EUROPE
5714917,1992-01-02,155570.47,F,1-URGENT,Customer#000125381,HOUSEHOLD,GERMANY,EUROPE
128610,1992-01-02,41231.40,F,1-URGENT,Customer#000126635,MACHINERY,PERU,AMERICA
1970662,1992-01-02,367787.16,F,3-MEDIUM,Customer#000064540,FURNITURE,IRAQ,MIDDLE EAST
1057669,1992-01-02,169026.32,F,5-LOW,Customer#000130229,FURNITURE,FRANCE,EUROPE
108992,1992-01-02,204123.65,F,2-HIGH,Customer#000149030,MACHINERY,INDIA,ASIA
5867072,1992-01-02,269097.62,F,3-MEDIUM,Customer#000059977,MACHINERY,ALGERIA,AFRICA
2787014,1992-01-02,429685.09,F,2-HIGH,Customer#000118874,MACHINERY,ETHIOPIA,AFRICA
4639559,1992-01-02,89317.17,F,4-NOT SPECIFIED,Customer#000010954,BUILDING,ARGENTINA,AMERICA
4656805,1992-01-02,266810.51,F,3-MEDIUM,Customer#000017272,AUTOMOBILE,ARGENTINA,AMERICA
3626433,1992-01-02,168643.57,F,5-LOW,Customer#000107441,FURNITURE,GERMANY,EUROPE
961383,1992-01-02,63337.68,F,1-URGENT,Customer#000024259,BUILDING,INDIA,ASIA
1206979,1992-01-02,124027.90,F,1-URGENT,Customer#000081047,FURNITURE,ETHIOPIA,AFRICA
1968706,1992-01-02,99653.98,F,1-URGENT,Customer#000072289,BUILDING,BRAZIL,AMERICA
4625537,1992-01-02,99553.78,F,3-MEDIUM,Customer#000148042,AUTOMOBILE,CHINA,ASIA
3719712,1992-01-02,163908.37,F,4-NOT SPECIFIED,Customer#000001564,BUILDING,ETHIOPIA,AFRICA
981669,1992-01-02,145494.00,F,5-LOW,Customer#000046441,FURNITURE,MOROCCO,AFRICA
5476132,1992-01-02,43633.87,F,1-URGENT,Customer#000007954,AUTOMOBILE,FRANCE,EUROPE
1236739,1992-01-02,17141.15,F,1-URGENT,Customer#000123938,MACHINERY,INDONESIA,ASIA
1969735,1992-01-02,196198.98,F,2-HIGH,Customer#000132158,HOUSEHOLD,RUSSIA,EUROPE
1905383,1992-01-02,116364.49,F,4-NOT SPECIFIED,Customer#000015701,AUTOMOBILE,CANADA,AMERICA
1116259,1992-01-02,236454.11,F,4-NOT SPECIFIED,Customer#000100603,FURNITURE,UNITED STATES,AMERICA
1311714,1992-01-02,48334.62,F,1-URGENT,Customer#000143665,BUILDING,CHINA,ASIA
4931653,1992-01-02,312485.24,F,2-HIGH,Customer#000090758,AUTOMOBILE,SAUDI ARABIA,MIDDLE EAST
3056321,1992-01-02,381320.98,F,2-HIGH,Customer#000037663,HOUSEHOLD,UNITED KINGDOM,EUROPE
4425249,1992-01-02,201882.65,F,3-MEDIUM,Customer#000130298,BUILDING,UNITED KINGDOM,EUROPE
1225508,1992-01-02,51475.01,F,5-LOW,Customer#000058855,MACHINERY,IRAN,MIDDLE EAST
1859941,1992-01-02,8363.05,F,4-NOT SPECIFIED,Customer#000027878,AUTOMOBILE,PERU,AMERICA
5348130,1992-01-02,184267.52,F,4-NOT SPECIFIED,Customer#000134446,AUTOMOBILE,IRAN,MIDDLE EAST
4285639,1992-01-02,50674.46,F,4-NOT SPECIFIED,Customer#000148220,AUTOMOBILE,PERU,AMERICA
3938691,1992-01-02,153936.38,F,1-URGENT,Customer#000087479,AUTOMOBILE,EGYPT,MIDDLE EAST
708640,1992-01-02,40362.83,F,2-HIGH,Customer#000097585,MACHINERY,UNITED KINGDOM,EUROPE
894499,1992-01-02,169641.83,F,4-NOT SPECIFIED,Customer#000039697,AUTOMOBILE,ROMANIA,EUROPE
866532,1992-01-02,323467.44,F,3-MEDIUM,Customer#000128861,HOUSEHOLD,VIETNAM,ASIA
1047045,1992-01-02,40889.18,F,4-NOT SPECIFIED,Customer#000006154,AUTOMOBILE,IRAN,MIDDLE EAST
4153956,1992-01-02,177745.00,F,4-NOT SPECIFIED,Customer#000129010,AUTOMOBILE,GERMANY,EUROPE
2305767,1992-01-02,303273.00,F,1-URGENT,Customer#000147310,FURNITURE,IRAQ,MIDDLE EAST
3989923,1992-01-02,286806.99,F,2-HIGH,Customer#000143443,MACHINERY,ETHIOPIA,AFRICA
3814753,1992-01-02,244214.83,F,4-NOT SPECIFIED,Customer#000137644,BUILDING,SAUDI ARABIA,MIDDLE EAST
3962272,1992-01-02,263839.63,F,4-NOT SPECIFIED,Customer#000091385,AUTOMOBILE,VIETNAM,ASIA
3618148,1992-01-02,305390.56,F,2-HIGH,Customer#000075523,MACHINERY,JAPAN,ASIA
4088354,1992-01-02,60268.13,F,5-LOW,Customer#000011915,HOUSEHOLD,BRAZIL,AMERICA
1391588,1992-01-02,73659.74,F,1-URGENT,Customer#000083779,FURNITURE,MOZAMBIQUE,AFRICA
717345,1992-01-02,176546.78,F,4-NOT SPECIFIED,Customer#000078700,HOUSEHOLD,PERU,AMERICA
1668001,1992-01-02,226978.17,F,1-URGENT,Customer#000049693,FURNITURE,EGYPT,MIDDLE EAST
1211873,1992-01-02,55566.43,F,4-NOT SPECIFIED,Customer#000016547,MACHINERY,ETHIOPIA,AFRICA
1417734,1992-01-02,137296.28,F,5-LOW,Customer#000115865,FURNITURE,SAUDI ARABIA,MIDDLE EAST
53988,1992-01-02,98645.01,F,3-MEDIUM,Customer#000058816,MACHINERY,CANADA,AMERICA
3710756,1992-01-02,367409.92,F,1-URGENT,Customer#000045394,AUTOMOBILE,MOROCCO,AFRICA
1214947,1992-01-02,146966.20,F,5-LOW,Customer#000080765,FURNITURE,UNITED STATES,AMERICA
1339457,1992-01-02,59906.92,F,5-LOW,Customer#000021496,BUILDING,EGYPT,MIDDLE EAST
1343686,1992-01-02,15075.59,F,2-HIGH,Customer#000095756,HOUSEHOLD,IRAN,MIDDLE EAST
1595430,1992-01-02,69508.40,F,3-MEDIUM,Customer#000069289,AUTOMOBILE,FRANCE,EUROPE
3985991,1992-01-02,68772.66,F,4-NOT SPECIFIED,Customer#000091868,HOUSEHOLD,ARGENTINA,AMERICA
1596450,1992-01-02,107159.37,F,2-HIGH,Customer#000098407,FURNITURE,UNITED KINGDOM,EUROPE
2797028,1992-01-02,90093.44,F,3-MEDIUM,Customer#000099142,MACHINERY,EGYPT,MIDDLE EAST
4222085,1992-01-02,179798.51,F,1-URGENT,Customer#000137320,MACHINERY,CANADA,AMERICA
5530916,1992-01-02,19595.05,F,1-URGENT,Customer#000106183,AUTOMOBILE,ALGERIA,AFRICA
165571,1992-01-02,272428.67,F,4-NOT SPECIFIED,Customer#000040027,AUTOMOBILE,MOROCCO,AFRICA
5941953,1992-01-02,87622.92,F,2-HIGH,Customer#000055888,AUTOMOBILE,CANADA,AMERICA
165636,1992-01-02,161079.44,F,2-HIGH,Customer#000020774,FURNITURE,EGYPT,MIDDLE EAST
5006496,1992-01-02,47717.00,F,5-LOW,Customer#000138923,BUILDING,EGYPT,MIDDLE EAST
3002343,1992-01-02,180232.11,F,3-MEDIUM,Customer#000063568,MACHINERY,CANADA,AMERICA
900512,1992-01-02,229806.85,F,1-URGENT,Customer#000088388,BUILDING,BRAZIL,AMERICA
993283,1992-01-02,173459.31,F,4-NOT SPECIFIED,Customer#000085414,BUILDING,BRAZIL,AMERICA
4354021,1992-01-02,105449.81,F,4-NOT SPECIFIED,Customer#000037720,AUTOMOBILE,IRAQ,MIDDLE EAST
585575,1992-01-02,171994.22,F,2-HIGH,Customer#000068050,AUTOMOBILE,ALGERIA,AFRICA
1958720,1992-01-02,170333.46,F,1-URGENT,Customer#000043036,FURNITURE,MOZAMBIQUE,AFRICA
2200580,1992-01-02,7042.76,F,5-LOW,Customer#000001784,BUILDING,MOROCCO,AFRICA
5295969,1992-01-02,290450.06,F,1-URGENT,Customer#000134638,HOUSEHOLD,KENYA,AFRICA
4433123,1992-01-02,183307.58,F,2-HIGH,Customer#000062897,AUTOMOBILE,VIETNAM,ASIA
962880,1992-01-02,142756.34,F,5-LOW,Customer#000067073,AUTOMOBILE,ROMANIA,EUROPE
4303523,1992-01-02,266317.44,F,2-HIGH,Customer#000050713,MACHINERY,BRAZIL,AMERICA
4318183,1992-01-02,2069.36,F,3-MEDIUM,Customer#000007148,BUILDING,SAUDI ARABIA,MIDDLE EAST
3090048,1992-01-02,121166.11,F,3-MEDIUM,Customer#000040909,FURNITURE,MOZAMBIQUE,AFRICA
4979619,1992-01-02,123660.08,F,1-URGENT,Customer#000135373,FURNITURE,ROMANIA,EUROPE
688003,1992-01-02,1663.13,F,1-URGENT,Customer#000038146,BUILDING,GERMANY,EUROPE
386433,1992-01-02,80079.31,F,5-LOW,Customer#000119576,BUILDING,KENYA,AFRICA
3099397,1992-01-02,222304.31,F,5-LOW,Customer#000060118,FURNITURE,CHINA,ASIA
944992,1992-01-02,294865.22,F,4-NOT SPECIFIED,Customer#000032155,HOUSEHOLD,SAUDI ARABIA,MIDDLE EAST
3873506,1992-01-02,74700.75,F,2-HIGH,Customer#000065182,HOUSEHOLD,EGYPT,MIDDLE EAST
5892866,1992-01-02,53166.81,F,2-HIGH,Customer#000122695,BUILDING,ARGENTINA,AMERICA
63906,1992-01-02,328597.02,F,2-HIGH,Customer#000014123,MACHINERY,JORDAN,MIDDLE EAST
5892037,1992-01-02,18984.01,F,1-URGENT,Customer#000005662,AUTOMOBILE,ALGERIA,AFRICA
5852743,1992-01-02,130701.98,F,2-HIGH,Customer#000048214,FURNITURE,MOZAMBIQUE,AFRICA
1584419,1992-01-02,70678.83,F,4-NOT SPECIFIED,Customer#000054646,HOUSEHOLD,MOZAMBIQUE,AFRICA
4512870,1992-01-02,76744.93,F,1-URGENT,Customer#000018220,AUTOMOBILE,IRAQ,MIDDLE EAST
4704902,1992-01-02,169445.49,F,4-NOT SPECIFIED,Customer#000071102,FURNITURE,ALGERIA,AFRICA
622432,1992-01-02,185884.77,F,1-URGENT,Customer#000124486,MACHINERY,IRAN,MIDDLE EAST
1957795,1992-01-02,64095.24,F,1-URGENT,Customer#000099266,FURNITURE,IRAQ,MIDDLE EAST
2481985,1992-01-02,79387.95,F,2-HIGH,Customer#000003760,FURNITURE,VIETNAM,ASIA
4134371,1992-01-02,75050.74,F,1-URGENT,Customer#000032422,BUILDING,VIETNAM,ASIA
4331812,1992-01-02,40623.48,F,3-MEDIUM,Customer#000118588,FURNITURE,CANADA,AMERICA
4848003,1992-01-02,180005.75,F,1-URGENT,Customer#000032215,MACHINERY,GERMANY,EUROPE
1550948,1992-01-02,332882.31,F,5-LOW,Customer#000034436,AUTOMOBILE,ROMANIA,EUROPE
799394,1992-01-02,224121.24,F,2-HIGH,Customer#000094169,AUTOMOBILE,GERMANY,EUROPE
5512389,1992-01-02,207048.38,F,1-URGENT,Customer#000122669,MACHINERY,JORDAN,MIDDLE EAST
2582530,1992-01-02,26285.21,F,5-LOW,Customer#000007916,MACHINERY,FRANCE,EUROPE
5405826,1992-01-02,354351.39,F,5-LOW,Customer#000105127,BUILDING,VIETNAM,ASIA
4400453,1992-01-02,117791.04,F,5-LOW,Customer#000118720,AUTOMOBILE,FRANCE,EUROPE
4496644,1992-01-02,121828.31,F,1-URGENT,Customer#000085598,MACHINERY,INDIA,ASIA
4258370,1992-01-02,18629.20,F,3-MEDIUM,Customer#000100072,HOUSEHOLD,ROMANIA,EUROPE
4531810,1992-01-02,116211.98,F,4-NOT SPECIFIED,Customer#000029053,BUILDING,RUSSIA,EUROPE
5780704,1992-01-02,161227.30,F,3-MEDIUM,Customer#000126736,MACHINERY,JAPAN,ASIA
2371552,1992-01-02,259618.28,F,5-LOW,Customer#000084226,MACHINERY,ROMANIA,EUROPE
5588389,1992-01-02,332496.48,F,5-LOW,Customer#000101744,BUILDING,IRAN,MIDDLE EAST
2262534,1992-01-02,174524.14,F,4-NOT SPECIFIED,Customer#000142822,BUILDING,FRANCE,EUROPE
51648,1992-01-02,309101.75,F,5-LOW,Customer#000105251,FURNITURE,IRAN,MIDDLE EAST
2954529,1992-01-02,64307.51,F,3-MEDIUM,Customer#000113680,MACHINERY,JORDAN,MIDDLE EAST
5083552,1992-01-02,88231.61,F,1-URGENT,Customer#000044194,AUTOMOBILE,JORDAN,MIDDLE EAST
2752257,1992-01-02,207015.28,F,5-LOW,Customer#000028763,HOUSEHOLD,EGYPT,MIDDLE EAST
4335841,1992-01-02,94004.40,F,4-NOT SPECIFIED,Customer#000040487,HOUSEHOLD,INDONESIA,ASIA
2084134,1992-01-02,104574.24,F,3-MEDIUM,Customer#000025357,HOUSEHOLD,JORDAN,MIDDLE EAST
2820199,1992-01-02,69212.69,F,2-HIGH,Customer#000094726,AUTOMOBILE,PERU,AMERICA
1994180,1992-01-02,132032.12,F,2-HIGH,Customer#000059432,AUTOMOBILE,FRANCE,EUROPE
549955,1992-01-02,280355.69,F,5-LOW,Customer#000069115,MACHINERY,ROMANIA,EUROPE
4521952,1992-01-02,86887.16,F,5-LOW,Customer#000091060,AUTOMOBILE,UNITED STATES,AMERICA
5871267,1992-01-02,16246.36,F,3-MEDIUM,Customer#000142472,FURNITURE,ROMANIA,EUROPE
4496134,1992-01-02,275735.80,F,1-URGENT,Customer#000061993,HOUSEHOLD,INDIA,ASIA
5037729,1992-01-02,156359.50,F,3-MEDIUM,Customer#000035528,HOUSEHOLD,IRAN,MIDDLE EAST
2578368,1992-01-02,75720.62,F,4-NOT SPECIFIED,Customer#000017656,HOUSEHOLD,VIETNAM,ASIA
644224,1992-01-02,167237.44,F,3-MEDIUM,Customer#000077824,MACHINERY,MOROCCO,AFRICA
3991330,1992-01-02,120016.48,F,3-MEDIUM,Customer#000141667,MACHINERY,ROMANIA,EUROPE
4389856,1992-01-02,238794.47,F,4-NOT SPECIFIED,Customer#000127306,MACHINERY,KENYA,AFRICA
1099428,1992-01-02,7657.16,F,2-HIGH,Customer#000131332,AUTOMOBILE,CHINA,ASIA
1789347,1992-01-02,94275.33,F,1-URGENT,Customer#000025219,FURNITURE,UNITED KINGDOM,EUROPE
4314599,1992-01-02,173732.47,F,1-URGENT,Customer#000003124,HOUSEHOLD,UNITED STATES,AMERICA
5361830,1992-01-02,244600.84,F,3-MEDIUM,Customer#000144154,BUILDING,IRAQ,MIDDLE EAST
5531301,1992-01-02,115616.41,F,5-LOW,Customer#000092713,FURNITURE,FRANCE,EUROPE
265862,1992-01-02,205656.04,F,2-HIGH,Customer#000058231,BUILDING,UNITED STATES,AMERICA
3280230,1992-01-02,184977.05,F,1-URGENT,Customer#000100768,BUILDING,INDONESIA,ASIA
1749509,1992-01-02,121666.66,F,4-NOT SPECIFIED,Customer#000142006,FURNITURE,JORDAN,MIDDLE EAST
776901,1992-01-02,200142.34,F,5-LOW,Customer#000021616,FURNITURE,SAUDI ARABIA,MIDDLE EAST
890020,1992-01-02,229446.22,F,1-URGENT,Customer#000128174,FURNITURE,IRAN,MIDDLE EAST
3301184,1992-01-02,164344.71,F,3-MEDIUM,Customer#000074344,HOUSEHOLD,VIETNAM,ASIA
3176770,1992-01-02,132746.47,F,3-MEDIUM,Customer#000052438,MACHINERY,FRANCE,EUROPE
3128386,1992-01-02,177610.99,F,2-HIGH,Customer#000018412,AUTOMOBILE,INDONESIA,ASIA
3893763,1992-01-02,68651.15,F,4-NOT SPECIFIED,Customer#000073622,AUTOMOBILE,IRAQ,MIDDLE EAST
3582179,1992-01-02,154303.58,F,4-NOT SPECIFIED,Customer#000053083,FURNITURE,JORDAN,MIDDLE EAST
3204613,1992-01-02,116643.89,F,3-MEDIUM,Customer#000081490,FURNITURE,MOROCCO,AFRICA
3476353,1992-01-02,367298.77,F,5-LOW,Customer#000043663,HOUSEHOLD,MOZAMBIQUE,AFRICA
3726080,1992-01-02,199885.30,F,4-NOT SPECIFIED,Customer#000097160,FURNITURE,IRAQ,MIDDLE EAST
2966692,1992-01-02,162159.08,F,1-URGENT,Customer#000062872,BUILDING,JORDAN,MIDDLE EAST
1458116,1992-01-02,60801.29,F,3-MEDIUM,Customer#000112501,AUTOMOBILE,CANADA,AMERICA
1641479,1992-01-02,188039.84,F,2-HIGH,Customer#000026795,BUILDING,BRAZIL,AMERICA
3497889,1992-01-02,220648.84,F,4-NOT SPECIFIED,Customer#000078184,FURNITURE,EGYPT,MIDDLE EAST
3185924,1992-01-02,111025.63,F,5-LOW,Customer#000019739,MACHINERY,CHINA,ASIA
1766178,1992-01-02,283281.60,F,1-URGENT,Customer#000053575,MACHINERY,BRAZIL,AMERICA
382657,1992-01-02,262768.31,F,5-LOW,Customer#000068275,BUILDING,SAUDI ARABIA,MIDDLE EAST
3221120,1992-01-02,44222.66,F,3-MEDIUM,Customer#000103936,AUTOMOBILE,UNITED STATES,AMERICA
3278690,1992-01-02,38795.36,F,4-NOT SPECIFIED,Customer#000072221,HOUSEHOLD,BRAZIL,AMERICA
3815138,1992-01-02,62851.14,F,1-URGENT,Customer#000019094,MACHINERY,ROMANIA,EUROPE
3561543,1992-01-02,215826.23,F,2-HIGH,Customer#000077290,MACHINERY,INDONESIA,ASIA
1523813,1992-01-02,172591.00,F,1-URGENT,Customer#000056659,HOUSEHOLD,MOROCCO,AFRICA
2481568,1992-01-02,62580.21,F,2-HIGH,Customer#000106259,BUILDING,SAUDI ARABIA,MIDDLE EAST
153954,1992-01-02,131972.96,F,2-HIGH,Customer#000072784,BUILDING,IRAQ,MIDDLE EAST
4094661,1992-01-02,260278.90,F,5-LOW,Customer#000002992,MACHINERY,INDIA,ASIA
5160583,1992-01-02,73551.92,F,1-URGENT,Customer#000134131,FURNITURE,MOZAMBIQUE,AFRICA
228422,1992-01-02,17032.65,F,3-MEDIUM,Customer#000027446,AUTOMOBILE,PERU,AMERICA
3059203,1992-01-02,184857.31,F,5-LOW,Customer#000004469,BUILDING,PERU,AMERICA
363520,1992-01-02,121780.48,F,1-URGENT,Customer#000035432,AUTOMOBILE,KENYA,AFRICA
4448193,1992-01-02,13360.27,F,1-URGENT,Customer#000027262,MACHINERY,CANADA,AMERICA
5464034,1992-01-02,190795.71,F,2-HIGH,Customer#000005758,BUILDING,RUSSIA,EUROPE
3692801,1992-01-02,84504.05,F,5-LOW,Customer#000077597,AUTOMOBILE,ARGENTINA,AMERICA
3500231,1992-01-02,259504.30,F,4-NOT SPECIFIED,Customer#000138338,FURNITURE,BRAZIL,AMERICA
411074,1992-01-02,102208.34,F,4-NOT SPECIFIED,Customer#000123835,HOUSEHOLD,ETHIOPIA,AFRICA
4821447,1992-01-03,157676.48,F,5-LOW,Customer#000052444,MACHINERY,ARGENTINA,AMERICA
5050501,1992-01-03,157716.07,F,4-NOT SPECIFIED,Customer#000008324,HOUSEHOLD,MOZAMBIQUE,AFRICA
1733092,1992-01-03,86848.06,F,2-HIGH,Customer#000050290,HOUSEHOLD,PERU,AMERICA
5449345,1992-01-03,336922.68,F,5-LOW,Customer#000011426,FURNITURE,JORDAN,MIDDLE EAST
967811,1992-01-03,313856.51,F,1-URGENT,Customer#000106144,FURNITURE,BRAZIL,AMERICA
5076419,1992-01-03,271268.28,F,1-URGENT,Customer#000116138,HOUSEHOLD,JAPAN,ASIA
5452483,1992-01-03,190140.56,F,2-HIGH,Customer#000000070,FURNITURE,RUSSIA,EUROPE
5611108,1992-01-03,290301.63,F,3-MEDIUM,Customer#000055813,AUTOMOBILE,MOZAMBIQUE,AFRICA
5457888,1992-01-03,229536.68,F,2-HIGH,Customer#000080689,BUILDING,UNITED STATES,AMERICA
2790887,1992-01-03,126333.44,F,4-NOT SPECIFIED,Customer#000106264,MACHINERY,ARGENTINA,AMERICA
5329701,1992-01-03,352392.06,F,3-MEDIUM,Customer#000000511,FURNITURE,JORDAN,MIDDLE EAST
2814914,1992-01-03,80258.89,F,4-NOT SPECIFIED,Customer#000051733,AUTOMOBILE,UNITED KINGDOM,EUROPE
2942401,1992-01-03,140725.04,F,4-NOT SPECIFIED,Customer#000115331,MACHINERY,FRANCE,EUROPE
2483300,1992-01-03,54006.47,F,5-LOW,Customer#000131900,HOUSEHOLD,RUSSIA,EUROPE
2422241,1992-01-03,218499.66,F,5-LOW,Customer#000095311,HOUSEHOLD,JAPAN,ASIA
876740,1992-01-03,121494.36,F,4-NOT SPECIFIED,Customer#000120265,BUILDING,FRANCE,EUROPE
2857348,1992-01-03,104787.01,F,3-MEDIUM,Customer#000135091,BUILDING,MOZAMBIQUE,AFRICA
2655778,1992-01-03,15215.73,F,1-URGENT,Customer#000032042,FURNITURE,KENYA,AFRICA
5809280,1992-01-03,78076.86,F,1-URGENT,Customer#000072826,BUILDING,FRANCE,EUROPE
2012292,1992-01-03,30995.34,F,3-MEDIUM,Customer#000030025,BUILDING,BRAZIL,AMERICA
36582,1992-01-03,186932.54,F,1-URGENT,Customer#000003373,BUILDING,UNITED STATES,AMERICA
5863014,1992-01-03,16932.60,F,1-URGENT,Customer#000113189,HOUSEHOLD,VIETNAM,ASIA
4871008,1992-01-03,72988.31,F,5-LOW,Customer#000131686,AUTOMOBILE,ROMANIA,EUROPE
4426082,1992-01-03,19485.67,F,5-LOW,Customer#000069382,BUILDING,RUSSIA,EUROPE
5308516,1992-01-03,239630.26,F,2-HIGH,Customer#000071789,HOUSEHOLD,RUSSIA,EUROPE
1048256,1992-01-03,21983.81,F,1-URGENT,Customer#000081712,AUTOMOBILE,KENYA,AFRICA
2663778,1992-01-03,296401.69,F,2-HIGH,Customer#000050324,MACHINERY,EGYPT,MIDDLE EAST
4952358,1992-01-03,226463.91,F,5-LOW,Customer#000028133,BUILDING,IRAQ,MIDDLE EAST
4911874,1992-01-03,248427.89,F,5-LOW,Customer#000063163,FURNITURE,UNITED KINGDOM,EUROPE
4046181,1992-01-03,173456.36,F,2-HIGH,Customer#000097123,FURNITURE,MOROCCO,AFRICA
5274018,1992-01-03,185399.52,F,1-URGENT,Customer#000068101,BUILDING,ROMANIA,EUROPE
5622630,1992-01-03,45947.28,F,3-MEDIUM,Customer#000032920,BUILDING,INDIA,ASIA
5149920,1992-01-03,109364.44,F,1-URGENT,Customer#000039203,BUILDING,GERMANY,EUROPE
4708290,1992-01-03,31782.08,F,2-HIGH,Customer#000002161,HOUSEHOLD,CHINA,ASIA
4411238,1992-01-03,137275.69,F,4-NOT SPECIFIED,Customer#000060920,BUILDING,MOZAMBIQUE,AFRICA
4690561,1992-01-03,84427.48,F,3-MEDIUM,Customer#000082808,AUTOMOBILE,UNITED STATES,AMERICA
4291044,1992-01-03,51286.14,F,3-MEDIUM,Customer#000139925,AUTOMOBILE,BRAZIL,AMERICA
1607271,1992-01-03,149960.23,F,1-URGENT,Customer#000050921,MACHINERY,PERU,AMERICA
821159,1992-01-03,345176.76,F,1-URGENT,Customer#000111430,MACHINERY,ROMANIA,EUROPE
5599171,1992-01-03,29853.82,F,3-MEDIUM,Customer#000141152,HOUSEHOLD,PERU,AMERICA
3675940,1992-01-03,83923.74,F,1-URGENT,Customer#000066091,BUILDING,VIETNAM,ASIA
2401764,1992-01-03,190277.86,F,2-HIGH,Customer#000000319,FURNITURE,FRANCE,EUROPE
1079747,1992-01-03,151301.27,F,3-MEDIUM,Customer#000044123,FURNITURE,FRANCE,EUROPE
2305892,1992-01-03,67244.68,F,4-NOT SPECIFIED,Customer#000005260,HOUSEHOLD,ALGERIA,AFRICA
1120099,1992-01-03,58009.99,F,4-NOT SPECIFIED,Customer#000096476,BUILDING,SAUDI ARABIA,MIDDLE EAST
2647266,1992-01-03,53663.12,F,4-NOT SPECIFIED,Customer#000135650,MACHINERY,MOROCCO,AFRICA
2677315,1992-01-03,146430.87,F,3-MEDIUM,Customer#000147838,FURNITURE,BRAZIL,AMERICA
5885061,1992-01-03,105202.01,F,2-HIGH,Customer#000119821,FURNITURE,VIETNAM,ASIA
5014657,1992-01-03,264018.78,F,2-HIGH,Customer#000047959,BUILDING,ALGERIA,AFRICA
4060229,1992-01-03,84240.05,F,3-MEDIUM,Customer#000025415,FURNITURE,EGYPT,MIDDLE EAST
618273,1992-01-03,50992.46,F,5-LOW,Customer#000042173,MACHINERY,INDONESIA,ASIA
497701,1992-01-03,74229.89,F,2-HIGH,Customer#000096656,HOUSEHOLD,GERMANY,EUROPE
1658849,1992-01-03,135022.58,F,5-LOW,Customer#000083006,HOUSEHOLD,IRAQ,MIDDLE EAST
1013861,1992-01-03,130262.90,F,4-NOT SPECIFIED,Customer#000084668,FURNITURE,KENYA,AFRICA
5089764,1992-01-03,42427.43,F,1-URGENT,Customer#000028312,MACHINERY,MOROCCO,AFRICA
2597605,1992-01-03,118670.22,F,2-HIGH,Customer#000031244,AUTOMOBILE,CANADA,AMERICA
2435205,1992-01-03,100595.50,F,1-URGENT,Customer#000097586,HOUSEHOLD,JORDAN,MIDDLE EAST
5761924,1992-01-03,165630.31,F,5-LOW,Customer#000096514,AUTOMOBILE,MOZAMBIQUE,AFRICA
4772388,1992-01-03,56874.17,F,5-LOW,Customer#000019330,MACHINERY,ROMANIA,EUROPE
1148035,1992-01-03,198079.92,F,1-URGENT,Customer#000034787,BUILDING,CHINA,ASIA
5452865,1992-01-03,291756.00,F,4-NOT SPECIFIED,Customer#000087479,AUTOMOBILE,EGYPT,MIDDLE EAST
1129507,1992-01-03,286372.66,F,4-NOT SPECIFIED,Customer#000148739,MACHINERY,UNITED STATES,AMERICA
5983874,1992-01-03,227534.44,F,1-URGENT,Customer#000066325,FURNITURE,ALGERIA,AFRICA
2403555,1992-01-03,198713.83,F,3-MEDIUM,Customer#000048478,BUILDING,BRAZIL,AMERICA
638945,1992-01-03,115978.27,F,1-URGENT,Customer#000040220,AUTOMOBILE,FRANCE,EUROPE
807908,1992-01-03,134649.68,F,5-LOW,Customer#000132641,AUTOMOBILE,JORDAN,MIDDLE EAST
2599844,1992-01-03,183018.30,F,5-LOW,Customer#000132515,FURNITURE,ETHIOPIA,AFRICA
2471044,1992-01-03,368659.43,F,4-NOT SPECIFIED,Customer#000131354,FURNITURE,CHINA,ASIA
2940227,1992-01-03,98052.68,F,1-URGENT,Customer#000111475,MACHINERY,GERMANY,EUROPE
2515815,1992-01-03,86821.11,F,4-NOT SPECIFIED,Customer#000093406,BUILDING,CHINA,ASIA
1056896,1992-01-03,130221.77,F,1-URGENT,Customer#000125035,BUILDING,ETHIOPIA,AFRICA
4375074,1992-01-03,119824.31,F,2-HIGH,Customer#000107269,FURNITURE,SAUDI ARABIA,MIDDLE EAST
4552578,1992-01-03,87505.24,F,2-HIGH,Customer#000065158,AUTOMOBILE,KENYA,AFRICA
5933094,1992-01-03,57621.73,F,4-NOT SPECIFIED,Customer#000035026,BUILDING,CANADA,AMERICA
1261510,1992-01-03,21369.87,F,4-NOT SPECIFIED,Customer#000054878,BUILDING,JAPAN,ASIA
1904675,1992-01-03,126413.14,F,3-MEDIUM,Customer#000005602,HOUSEHOLD,RUSSIA,EUROPE
4259970,1992-01-03,63943.19,F,3-MEDIUM,Customer#000103336,AUTOMOBILE,MOROCCO,AFRICA
4203460,1992-01-03,18266.76,F,5-LOW,Customer#000051824,MACHINERY,UNITED STATES,AMERICA
1862949,1992-01-03,96669.85,F,4-NOT SPECIFIED,Customer#000127345,FURNITURE,EGYPT,MIDDLE EAST
5924006,1992-01-03,52533.06,F,5-LOW,Customer#000067819,MACHINERY,ALGERIA,AFRICA
5714055,1992-01-03,241900.82,F,2-HIGH,Customer#000078331,BUILDING,ROMANIA,EUROPE
5038529,1992-01-03,47128.12,F,4-NOT SPECIFIED,Customer#000148861,HOUSEHOLD,MOROCCO,AFRICA
1004454,1992-01-03,159240.74,F,3-MEDIUM,Customer#000113737,MACHINERY,ETHIOPIA,AFRICA
5216263,1992-01-03,255261.45,F,5-LOW,Customer#000101584,HOUSEHOLD,JAPAN,ASIA
5230695,1992-01-03,307101.58,F,1-URGENT,Customer#000035029,HOUSEHOLD,CHINA,ASIA
5261030,1992-01-03,268641.05,F,3-MEDIUM,Customer#000065798,BUILDING,ETHIOPIA,AFRICA
1918689,1992-01-03,75264.97,F,1-URGENT,Customer#000009428,MACHINERY,ETHIOPIA,AFRICA
5499713,1992-01-03,55396.70,F,2-HIGH,Customer#000091519,MACHINERY,ROMANIA,EUROPE
1528359,1992-01-03,76406.75,F,1-URGENT,Customer#000138313,AUTOMOBILE,VIETNAM,ASIA
1476004,1992-01-03,152778.02,F,3-MEDIUM,Customer#000110743,HOUSEHOLD,INDIA,ASIA
2418503,1992-01-03,135657.83,F,5-LOW,Customer#000062905,AUTOMOBILE,INDONESIA,ASIA
1016007,1992-01-03,49188.90,F,4-NOT SPECIFIED,Customer#000006913,HOUSEHOLD,GERMANY,EUROPE
5576966,1992-01-03,182691.35,F,2-HIGH,Customer#000041482,BUILDING,MOZAMBIQUE,AFRICA
5427461,1992-01-03,166133.64,F,3-MEDIUM,Customer#000052775,AUTOMOBILE,BRAZIL,AMERICA
4885669,1992-01-03,227072.42,F,5-LOW,Customer#000049168,MACHINERY,INDIA,ASIA
5508071,1992-01-03,204639.89,F,3-MEDIUM,Customer#000104509,BUILDING,FRANCE,EUROPE
1794368,1992-01-03,194162.03,F,1-URGENT,Customer#000051410,AUTOMOBILE,INDIA,ASIA
5154755,1992-01-03,59869.50,F,5-LOW,Customer#000086815,AUTOMOBILE,CANADA,AMERICA
4726053,1992-01-03,228231.98,F,4-NOT SPECIFIED,Customer#000096217,BUILDING,INDIA,ASIA
3821477,1992-01-03,74971.27,F,1-URGENT,Customer#000028574,HOUSEHOLD,KENYA,AFRICA
4220675,1992-01-03,82889.47,F,2-HIGH,Customer#000022681,MACHINERY,IRAQ,MIDDLE EAST
1234148,1992-01-03,235230.30,F,2-HIGH,Customer#000133264,FURNITURE,MOZAMBIQUE,AFRICA
4659526,1992-01-03,303202.25,F,2-HIGH,Customer#000041869,AUTOMOBILE,UNITED STATES,AMERICA
1282215,1992-01-03,165188.10,F,1-URGENT,Customer#000072797,HOUSEHOLD,GERMANY,EUROPE
4575366,1992-01-03,84450.74,F,2-HIGH,Customer#000143200,HOUSEHOLD,JORDAN,MIDDLE EAST
4632704,1992-01-03,47207.70,F,1-URGENT,Customer#000073808,AUTOMOBILE,ARGENTINA,AMERICA
4388832,1992-01-03,357947.11,F,4-NOT SPECIFIED,Customer#000135665,AUTOMOBILE,EGYPT,MIDDLE EAST
4462276,1992-01-03,164684.49,F,4-NOT SPECIFIED,Customer#000061867,AUTOMOBILE,ARGENTINA,AMERICA
1601219,1992-01-03,114230.35,F,5-LOW,Customer#000003931,FURNITURE,KENYA,AFRICA
4400551,1992-01-03,52359.59,F,5-LOW,Customer#000052574,MACHINERY,ARGENTINA,AMERICA
4644356,1992-01-03,115279.27,F,3-MEDIUM,Customer#000073126,AUTOMOBILE,INDIA,ASIA
4656289,1992-01-03,48151.67,F,4-NOT SPECIFIED,Customer#000099218,HOUSEHOLD,JORDAN,MIDDLE EAST
4830503,1992-01-03,110693.37,F,2-HIGH,Customer#000081082,AUTOMOBILE,INDONESIA,ASIA
4558945,1992-01-03,177236.14,F,5-LOW,Customer#000137476,BUILDING,UNITED KINGDOM,EUROPE
190725,1992-01-03,85442.92,F,5-LOW,Customer#000083030,BUILDING,RUSSIA,EUROPE
4240642,1992-01-03,129372.82,F,5-LOW,Customer#000037246,HOUSEHOLD,CHINA,ASIA
4694950,1992-01-03,25529.55,F,1-URGENT,Customer#000126379,BUILDING,UNITED KINGDOM,EUROPE
3772518,1992-01-03,108448.58,F,1-URGENT,Customer#000138212,BUILDING,CHINA,ASIA
4248038,1992-01-03,80434.98,F,5-LOW,Customer#000127510,HOUSEHOLD,MOZAMBIQUE,AFRICA
1517637,1992-01-03,32658.56,F,3-MEDIUM,Customer#000118714,AUTOMOBILE,JORDAN,MIDDLE EAST
5858948,1992-01-03,152524.20,F,3-MEDIUM,Customer#000022279,FURNITURE,ROMANIA,EUROPE
605250,1992-01-03,308744.75,F,4-NOT SPECIFIED,Customer#000097222,BUILDING,ETHIOPIA,AFRICA
3555365,1992-01-03,117540.16,F,4-NOT SPECIFIED,Customer#000026450,HOUSEHOLD,ETHIOPIA,AFRICA
3691207,1992-01-03,161381.32,F,1-URGENT,Customer#000132529,HOUSEHOLD,RUSSIA,EUROPE
5015970,1992-01-03,142260.36,F,4-NOT SPECIFIED,Customer#000055984,MACHINERY,CHINA,ASIA
5863938,1992-01-03,219938.48,F,3-MEDIUM,Customer#000125357,BUILDING,FRANCE,EUROPE
1529797,1992-01-03,102091.09,F,2-HIGH,Customer#000064153,BUILDING,ALGERIA,AFRICA
2670406,1992-01-03,131573.71,F,1-URGENT,Customer#000085558,HOUSEHOLD,ROMANIA,EUROPE
443491,1992-01-03,104227.05,F,2-HIGH,Customer#000091307,AUTOMOBILE,VIETNAM,ASIA
77634,1992-01-03,182956.33,F,4-NOT SPECIFIED,Customer#000029107,HOUSEHOLD,MOROCCO,AFRICA
2545571,1992-01-03,124559.07,F,4-NOT SPECIFIED,Customer#000047734,BUILDING,ARGENTINA,AMERICA
2525635,1992-01-03,168810.39,F,3-MEDIUM,Customer#000138769,AUTOMOBILE,UNITED STATES,AMERICA
2870307,1992-01-03,193972.36,F,1-URGENT,Customer#000022471,BUILDING,ARGENTINA,AMERICA
2817666,1992-01-03,116970.50,F,5-LOW,Customer#000129979,MACHINERY,IRAQ,MIDDLE EAST
294595,1992-01-03,94018.04,F,1-URGENT,Customer#000102533,BUILDING,ALGERIA,AFRICA
130372,1992-01-03,188411.23,F,2-HIGH,Customer#000060766,MACHINERY,GERMANY,EUROPE
2084673,1992-01-03,12411.23,F,4-NOT SPECIFIED,Customer#000137440,FURNITURE,ALGERIA,AFRICA
3646598,1992-01-03,123922.58,F,1-URGENT,Customer#000043594,FURNITURE,BRAZIL,AMERICA
5371267,1992-01-03,77252.10,F,2-HIGH,Customer#000073082,MACHINERY,CHINA,ASIA
2683393,1992-01-03,247787.62,F,5-LOW,Customer#000040237,BUILDING,VIETNAM,ASIA
2072805,1992-01-03,190566.16,F,4-NOT SPECIFIED,Customer#000129739,HOUSEHOLD,ROMANIA,EUROPE
4667045,1992-01-03,42455.75,F,1-URGENT,Customer#000120142,MACHINERY,MOROCCO,AFRICA
2039648,1992-01-03,249677.77,F,3-MEDIUM,Customer#000143587,MACHINERY,CANADA,AMERICA
4657792,1992-01-03,172085.36,F,2-HIGH,Customer#000041446,MACHINERY,PERU,AMERICA
4777895,1992-01-03,256765.60,F,4-NOT SPECIFIED,Customer#000094328,FURNITURE,ARGENTINA,AMERICA
5683333,1992-01-03,37543.00,F,3-MEDIUM,Customer#000006544,BUILDING,INDIA,ASIA
847237,1992-01-03,134154.12,F,2-HIGH,Customer#000054659,BUILDING,ALGERIA,AFRICA
5341059,1992-01-03,215890.93,F,2-HIGH,Customer#000016036,FURNITURE,MOROCCO,AFRICA
3192098,1992-01-03,150418.88,F,3-MEDIUM,Customer#000046609,HOUSEHOLD,ETHIOPIA,AFRICA
3478981,1992-01-03,213468.19,F,1-URGENT,Customer#000099004,BUILDING,JORDAN,MIDDLE EAST
3406118,1992-01-03,71940.49,F,5-LOW,Customer#000077824,MACHINERY,MOROCCO,AFRICA
3565255,1992-01-03,179081.48,F,1-URGENT,Customer#000132421,HOUSEHOLD,SAUDI ARABIA,MIDDLE EAST
3091908,1992-01-03,127279.43,F,2-HIGH,Customer#000053284,BUILDING,ARGENTINA,AMERICA
3741120,1992-01-03,163818.68,F,3-MEDIUM,Customer#000009694,BUILDING,BRAZIL,AMERICA
3424454,1992-01-03,79075.87,F,5-LOW,Customer#000012061,AUTOMOBILE,SAUDI ARABIA,MIDDLE EAST
3059905,1992-01-03,182051.72,F,5-LOW,Customer#000124024,FURNITURE,GERMANY,EUROPE
2828832,1992-01-03,90684.79,F,4-NOT SPECIFIED,Customer#000080048,FURNITURE,BRAZIL,AMERICA
1879937,1992-01-03,366699.38,F,5-LOW,Customer#000102499,BUILDING,IRAN,MIDDLE EAST
616518,1992-01-03,192778.22,F,3-MEDIUM,Customer#000003311,AUTOMOBILE,EGYPT,MIDDLE EAST
1800645,1992-01-03,46441.07,F,3-MEDIUM,Customer#000071438,HOUSEHOLD,INDONESIA,ASIA
2821504,1992-01-03,16180.73,F,1-URGENT,Customer#000139630,MACHINERY,CANADA,AMERICA
2828417,1992-01-03,183632.08,F,4-NOT SPECIFIED,Customer#000062570,FURNITURE,ALGERIA,AFRICA
2092167,1992-01-03,193726.90,F,1-URGENT,Customer#000061631,HOUSEHOLD,ARGENTINA,AMERICA
2152230,1992-01-03,209272.09,F,1-URGENT,Customer#000138707,AUTOMOBILE,EGYPT,MIDDLE EAST
4235330,1992-01-03,69410.73,F,4-NOT SPECIFIED,Customer#000145126,FURNITURE,MOROCCO,AFRICA
2457159,1992-01-03,39322.29,F,3-MEDIUM,Customer#000103909,HOUSEHOLD,ROMANIA,EUROPE
2241216,1992-01-03,160079.93,F,5-LOW,Customer#000138265,AUTOMOBILE,BRAZIL,AMERICA
2369190,1992-01-03,292109.61,F,5-LOW,Customer#000077240,HOUSEHOLD,EGYPT,MIDDLE EAST
3315238,1992-01-03,120463.87,F,2-HIGH,Customer#000056218,MACHINERY,FRANCE,EUROPE
4757376,1992-01-03,319879.45,F,5-LOW,Customer#000131287,HOUSEHOLD,VIETNAM,ASIA
2563012,1992-01-03,100115.09,F,1-URGENT,Customer#000114395,HOUSEHOLD,CHINA,ASIA
2814759,1992-01-03,242905.11,F,5-LOW,Customer#000142895,AUTOMOBILE,ARGENTINA,AMERICA
2744935,1992-01-03,195842.81,F,2-HIGH,Customer#000044026,FURNITURE,KENYA,AFRICA
2832896,1992-01-03,225122.16,F,1-URGENT,Customer#000042127,FURNITURE,EGYPT,MIDDLE EAST
2740324,1992-01-03,125896.83,F,3-MEDIUM,Customer#000034894,AUTOMOBILE,PERU,AMERICA
2164355,1992-01-03,160060.43,F,2-HIGH,Customer#000086206,FURNITURE,ROMANIA,EUROPE
255717,1992-01-03,163377.76,F,4-NOT SPECIFIED,Customer#000007885,HOUSEHOLD,VIETNAM,ASIA
1900064,1992-01-03,99272.20,F,4-NOT SPECIFIED,Customer#000004106,FURNITURE,IRAN,MIDDLE EAST
2918115,1992-01-03,172158.99,F,2-HIGH,Customer#000068306,AUTOMOBILE,ALGERIA,AFRICA
2598211,1992-01-03,193445.42,F,5-LOW,Customer#000108112,BUILDING,PERU,AMERICA
492836,1992-01-03,169702.03,F,5-LOW,Customer#000079307,FURNITURE,JORDAN,MIDDLE EAST
4621824,1992-01-03,361267.59,F,5-LOW,Customer#000108158,AUTOMOBILE,RUSSIA,EUROPE
4631366,1992-01-03,158402.73,F,2-HIGH,Customer#000099952,FURNITURE,ALGERIA,AFRICA
1046118,1992-01-03,928.72,F,4-NOT SPECIFIED,Customer#000044681,HOUSEHOLD,VIETNAM,ASIA
1356935,1992-01-03,150430.86,F,4-NOT SPECIFIED,Customer#000073300,AUTOMOBILE,KENYA,AFRICA
3153735,1992-01-03,152549.84,F,2-HIGH,Customer#000090788,AUTOMOBILE,UNITED STATES,AMERICA
1222945,1992-01-03,273096.48,F,4-NOT SPECIFIED,Customer#000090007,BUILDING,RUSSIA,EUROPE
4193026,1992-01-03,225546.10,F,1-URGENT,Customer#000137830,AUTOMOBILE,GERMANY,EUROPE
2438311,1992-01-03,246870.31,F,2-HIGH,Customer#000018967,FURNITURE,EGYPT,MIDDLE EAST
5331328,1992-01-03,106923.61,F,4-NOT SPECIFIED,Customer#000024892,HOUSEHOLD,JAPAN,ASIA
4021348,1992-01-03,84671.85,F,4-NOT SPECIFIED,Customer#000120895,AUTOMOBILE,INDONESIA,ASIA
1662276,1992-01-03,241317.04,F,3-MEDIUM,Customer#000113770,MACHINERY,JAPAN,ASIA
3872706,1992-01-03,281601.84,F,2-HIGH,Customer#000094165,MACHINERY,ALGERIA,AFRICA
5664899,1992-01-03,117394.47,F,1-URGENT,Customer#000124258,FURNITURE,CANADA,AMERICA
4663106,1992-01-03,119063.66,F,1-URGENT,Customer#000050810,BUILDING,VIETNAM,ASIA
2700487,1992-01-03,83558.06,F,1-URGENT,Customer#000113593,AUTOMOBILE,RUSSIA,EUROPE
4207974,1992-01-03,203496.67,F,1-URGENT,Customer#000094147,AUTOMOBILE,IRAQ,MIDDLE EAST
5175750,1992-01-03,252806.76,F,3-MEDIUM,Customer#000035198,HOUSEHOLD,JAPAN,ASIA
2817632,1992-01-03,123315.13,F,1-URGENT,Customer#000040631,AUTOMOBILE,JAPAN,ASIA
915395,1992-01-03,204344.03,F,2-HIGH,Customer#000031493,BUILDING,EGYPT,MIDDLE EAST
3378212,1992-01-03,51954.21,F,2-HIGH,Customer#000118633,AUTOMOBILE,INDIA,ASIA
4087684,1992-01-03,139643.94,F,4-NOT SPECIFIED,Customer#000043417,AUTOMOBILE,MOROCCO,AFRICA
5193989,1992-01-03,153225.70,F,3-MEDIUM,Customer#000011624,MACHINERY,MOROCCO,AFRICA
4696801,1992-01-03,166400.32,F,1-URGENT,Customer#000085819,BUILDING,KENYA,AFRICA
5715266,1992-01-03,216549.90,F,5-LOW,Customer#000114373,HOUSEHOLD,JAPAN,ASIA
546944,1992-01-03,51910.95,F,2-HIGH,Customer#000120524,FURNITURE,MOZAMBIQUE,AFRICA
4579108,1992-01-03,310799.54,F,1-URGENT,Customer#000065021,AUTOMOBILE,ARGENTINA,AMERICA
555654,1992-01-03,101186.23,F,3-MEDIUM,Customer#000108028,HOUSEHOLD,GERMANY,EUROPE
1378023,1992-01-03,60015.18,F,5-LOW,Customer#000032549,AUTOMOBILE,UNITED KINGDOM,EUROPE
569860,1992-01-03,125342.90,F,4-NOT SPECIFIED,Customer#000008701,BUILDING,ETHIOPIA,AFRICA
552199,1992-01-03,344276.12,F,4-NOT SPECIFIED,Customer#000077683,MACHINERY,IRAN,MIDDLE EAST
24167,1992-01-03,146315.53,F,5-LOW,Customer#000103550,MACHINERY,MOROCCO,AFRICA
80069,1992-01-03,140515.54,F,2-HIGH,Customer#000005278,HOUSEHOLD,INDONESIA,ASIA
136064,1992-01-03,148368.71,F,4-NOT SPECIFIED,Customer#000131198,MACHINERY,UNITED STATES,AMERICA
138726,1992-01-03,341657.84,F,3-MEDIUM,Customer#000113569,HOUSEHOLD,RUSSIA,EUROPE
335331,1992-01-03,52124.32,F,2-HIGH,Customer#000027265,AUTOMOBILE,FRANCE,EUROPE
106276,1992-01-03,240679.63,F,4-NOT SPECIFIED,Customer#000014456,HOUSEHOLD,ETHIOPIA,AFRICA
783394,1992-01-03,57129.28,F,2-HIGH,Customer#000024181,MACHINERY,SAUDI ARABIA,MIDDLE EAST
2115618,1992-01-03,45651.63,F,2-HIGH,Customer#000095654,BUILDING,IRAQ,MIDDLE EAST
54214,1992-01-03,79464.30,F,3-MEDIUM,Customer#000087331,BUILDING,BRAZIL,AMERICA
556387,1992-01-03,175736.13,F,5-LOW,Customer#000118315,BUILDING,RUSSIA,EUROPE
2346853,1992-01-03,40852.38,F,2-HIGH,Customer#000032057,HOUSEHOLD,MOZAMBIQUE,AFRICA
216901,1992-01-03,121950.22,F,1-URGENT,Customer#000035845,BUILDING,JORDAN,MIDDLE EAST
1933536,1992-01-03,138737.42,F,4-NOT SPECIFIED,Customer#000024037,BUILDING,ROMANIA,EUROPE
434081,1992-01-03,230806.16,F,3-MEDIUM,Customer#000091493,HOUSEHOLD,GERMANY,EUROPE
2085793,1992-01-03,186631.84,F,5-LOW,Customer#000023938,AUTOMOBILE,SAUDI ARABIA,MIDDLE EAST
2239680,1992-01-03,99999.23,F,1-URGENT,Customer#000048385,MACHINERY,INDONESIA,ASIA
1846438,1992-01-03,297070.72,F,5-LOW,Customer#000145648,BUILDING,SAUDI ARABIA,MIDDLE EAST
2866213,1992-01-03,124109.68,F,3-MEDIUM,Customer#000056603,BUILDING,JORDAN,MIDDLE EAST
573601,1992-01-03,235975.69,F,3-MEDIUM,Customer#000018395,HOUSEHOLD,MOROCCO,AFRICA
166371,1992-01-03,100457.06,F,1-URGENT,Customer#000070736,FURNITURE,UNITED KINGDOM,EUROPE
317733,1992-01-03,139066.62,F,1-URGENT,Customer#000003352,AUTOMOBILE,CHINA,ASIA
1140868,1992-01-03,88164.34,F,3-MEDIUM,Customer#000140435,MACHINERY,INDIA,ASIA
278529,1992-01-03,156207.75,F,1-URGENT,Customer#000100418,MACHINERY,EGYPT,MIDDLE EAST
1977735,1992-01-03,185516.28,F,3-MEDIUM,Customer#000013552,AUTOMOBILE,INDONESIA,ASIA
112645,1992-01-03,245110.55,F,2-HIGH,Customer#000104375,AUTOMOBILE,INDONESIA,ASIA
961766,1992-01-03,132850.15,F,5-LOW,Customer#000030128,FURNITURE,CHINA,ASIA
873511,1992-01-03,110368.48,F,4-NOT SPECIFIED,Customer#000063139,FURNITURE,PERU,AMERICA
4163878,1992-01-03,253426.96,F,5-LOW,Customer#000010828,HOUSEHOLD,UNITED KINGDOM,EUROPE
46085,1992-01-03,125342.12,F,4-NOT SPECIFIED,Customer#000008299,AUTOMOBILE,UNITED STATES,AMERICA
2284674,1992-01-03,183404.38,F,5-LOW,Customer#000028177,BUILDING,JAPAN,ASIA
3835556,1992-01-03,53707.49,F,2-HIGH,Customer#000047851,HOUSEHOLD,CANADA,AMERICA
3857734,1992-01-03,289865.48,F,1-URGENT,Customer#000144038,AUTOMOBILE,UNITED STATES,AMERICA
3951782,1992-01-03,35494.30,F,3-MEDIUM,Customer#000129205,AUTOMOBILE,JORDAN,MIDDLE EAST
4093251,1992-01-03,264852.00,F,3-MEDIUM,Customer#000021574,FURNITURE,VIETNAM,ASIA
1769606,1992-01-03,184174.55,F,4-NOT SPECIFIED,Customer#000117088,MACHINERY,IRAN,MIDDLE EAST
3987879,1992-01-03,238968.19,F,2-HIGH,Customer#000147670,MACHINERY,RUSSIA,EUROPE
3937281,1992-01-03,215036.46,F,2-HIGH,Customer#000141641,BUILDING,RUSSIA,EUROPE
5394149,1992-01-03,129121.22,F,2-HIGH,Customer#000064000,BUILDING,GERMANY,EUROPE
83328,1992-01-03,96348.63,F,1-URGENT,Customer#000007372,MACHINERY,CANADA,AMERICA
1166656,1992-01-03,116308.86,F,5-LOW,Customer#000038173,HOUSEHOLD,IRAQ,MIDDLE EAST
4086247,1992-01-03,358099.40,F,1-URGENT,Customer#000019210,HOUSEHOLD,FRANCE,EUROPE
2926117,1992-01-03,136440.81,F,5-LOW,Customer#000047569,AUTOMOBILE,PERU,AMERICA
1527139,1992-01-03,83470.65,F,4-NOT SPECIFIED,Customer#000080845,HOUSEHOLD,IRAN,MIDDLE EAST
5874944,1992-01-03,158340.47,F,1-URGENT,Customer#000118964,MACHINERY,UNITED STATES,AMERICA
5223233,1992-01-03,15031.36,F,5-LOW,Customer#000105613,FURNITURE,ALGERIA,AFRICA
5726981,1992-01-03,225697.67,F,2-HIGH,Customer#000029246,BUILDING,ETHIOPIA,AFRICA
4847911,1992-01-03,224793.04,F,4-NOT SPECIFIED,Customer#000148565,HOUSEHOLD,INDONESIA,ASIA
2091557,1992-01-03,159535.03,F,2-HIGH,Customer#000012347,HOUSEHOLD,EGYPT,MIDDLE EAST
5265575,1992-01-03,45032.54,F,4-NOT SPECIFIED,Customer#000030521,BUILDING,UNITED KINGDOM,EUROPE
2557697,1992-01-03,234228.06,F,2-HIGH,Customer#000119440,MACHINERY,UNITED STATES,AMERICA
1613283,1992-01-03,85063.37,F,3-MEDIUM,Customer#000071921,BUILDING,ALGERIA,AFRICA
2924928,1992-01-03,80272.38,F,1-URGENT,Customer#000048289,AUTOMOBILE,PERU,AMERICA
1616550,1992-01-03,246059.60,F,1-URGENT,Customer#000143753,AUTOMOBILE,JAPAN,ASIA
1511780,1992-01-03,58853.16,F,5-LOW,Customer#000091033,FURNITURE,IRAN,MIDDLE EAST
3620993,1992-01-03,275146.82,F,2-HIGH,Customer#000056560,BUILDING,MOROCCO,AFRICA
3350694,1992-01-03,49176.10,F,1-URGENT,Customer#000129181,HOUSEHOLD,FRANCE,EUROPE
683009,1992-01-03,185564.76,F,2-HIGH,Customer#000036076,BUILDING,ARGENTINA,AMERICA
965697,1992-01-03,368792.25,F,4-NOT SPECIFIED,Customer#000095116,BUILDING,IRAQ,MIDDLE EAST
601828,1992-01-03,161809.07,F,1-URGENT,Customer#000036106,HOUSEHOLD,CHINA,ASIA
1630595,1992-01-03,183466.31,F,4-NOT SPECIFIED,Customer#000144542,BUILDING,JORDAN,MIDDLE EAST
3866851,1992-01-03,119949.62,F,2-HIGH,Customer#000002350,MACHINERY,RUSSIA,EUROPE
3787651,1992-01-03,229641.85,F,3-MEDIUM,Customer#000090694,FURNITURE,INDONESIA,ASIA
4014690,1992-01-03,77130.45,F,5-LOW,Customer#000121786,AUTOMOBILE,CHINA,ASIA
4893671,1992-01-03,86170.51,F,3-MEDIUM,Customer#000037258,FURNITURE,SAUDI ARABIA,MIDDLE EAST
4072838,1992-01-03,216439.77,F,2-HIGH,Customer#000036802,FURNITURE,CHINA,ASIA
3095047,1992-01-03,192407.56,F,1-URGENT,Customer#000131306,MACHINERY,KENYA,AFRICA
776710,1992-01-03,285769.64,F,4-NOT SPECIFIED,Customer#000101680,BUILDING,SAUDI ARABIA,MIDDLE EAST
884071,1992-01-03,164931.47,F,5-LOW,Customer#000099943,FURNITURE,ETHIOPIA,AFRICA
835270,1992-01-03,166874.05,F,3-MEDIUM,Customer#000067877,MACHINERY,IRAN,MIDDLE EAST
2298212,1992-01-03,206467.48,F,1-URGENT,Customer#000045967,MACHINERY,ETHIOPIA,AFRICA
1000229,1992-01-03,121892.42,F,4-NOT SPECIFIED,Customer#000054041,BUILDING,ETHIOPIA,AFRICA
2765090,1992-01-03,230347.56,F,1-URGENT,Customer#000103870,MACHINERY,EGYPT,MIDDLE EAST
2833824,1992-01-03,48612.33,F,3-MEDIUM,Customer#000106076,MACHINERY,JAPAN,ASIA
1048132,1992-01-03,61913.54,F,1-URGENT,Customer#000071605,AUTOMOBILE,PERU,AMERICA
2865984,1992-01-03,251944.85,F,4-NOT SPECIFIED,Customer#000019844,MACHINERY,ALGERIA,AFRICA
3545863,1992-01-03,32816.39,F,3-MEDIUM,Customer#000081394,BUILDING,RUSSIA,EUROPE
3065030,1992-01-03,80453.39,F,3-MEDIUM,Customer#000001420,AUTOMOBILE,INDONESIA,ASIA
3476611,1992-01-03,77898.14,F,3-MEDIUM,Customer#000016771,AUTOMOBILE,MOROCCO,AFRICA
5698470,1992-01-03,222761.07,F,3-MEDIUM,Customer#000107155,MACHINERY,RUSSIA,EUROPE
3510465,1992-01-03,93901.54,F,1-URGENT,Customer#000064111,MACHINERY,JAPAN,ASIA
3378593,1992-01-03,13530.01,F,5-LOW,Customer#000025090,BUILDING,JORDAN,MIDDLE EAST
3310086,1992-01-03,106913.93,F,3-MEDIUM,Customer#000107101,FURNITURE,BRAZIL,AMERICA
3194821,1992-01-03,244181.91,F,5-LOW,Customer#000081538,HOUSEHOLD,RUSSIA,EUROPE
3375073,1992-01-03,146858.63,F,4-NOT SPECIFIED,Customer#000139327,AUTOMOBILE,JORDAN,MIDDLE EAST
3040801,1992-01-03,83011.83,F,1-URGENT,Customer#000106552,FURNITURE,ALGERIA,AFRICA
3050592,1992-01-03,19341.65,F,1-URGENT,Customer#000086983,MACHINERY,SAUDI ARABIA,MIDDLE EAST
3324230,1992-01-03,233092.98,F,5-LOW,Customer#000050123,AUTOMOBILE,EGYPT,MIDDLE EAST
5863397,1992-01-03,82074.80,F,1-URGENT,Customer#000128404,HOUSEHOLD,JAPAN,ASIA
3203201,1992-01-03,116504.31,F,4-NOT SPECIFIED,Customer#000149938,FURNITURE,CANADA,AMERICA
3707236,1992-01-03,295761.84,F,1-URGENT,Customer#000085432,BUILDING,MOROCCO,AFRICA
5354948,1992-01-03,162881.45,F,5-LOW,Customer#000035740,HOUSEHOLD,IRAQ,MIDDLE EAST
863715,1992-01-03,148580.90,F,1-URGENT,Customer#000017275,AUTOMOBILE,ETHIOPIA,AFRICA
1141222,1992-01-03,33213.47,F,1-URGENT,Customer#000133220,HOUSEHOLD,ROMANIA,EUROPE
3371268,1992-01-03,79040.44,F,2-HIGH,Customer#000123188,MACHINERY,UNITED STATES,AMERICA
1042560,1992-01-03,237667.23,F,3-MEDIUM,Customer#000036316,BUILDING,CANADA,AMERICA
887812,1992-01-03,38519.78,F,4-NOT SPECIFIED,Customer#000000778,MACHINERY,UNITED KINGDOM,EUROPE
4095973,1992-01-03,105181.88,F,4-NOT SPECIFIED,Customer#000108257,MACHINERY,CANADA,AMERICA
5785507,1992-01-03,156320.71,F,2-HIGH,Customer#000084938,BUILDING,ALGERIA,AFRICA
5873223,1992-01-03,51064.62,F,5-LOW,Customer#000001348,MACHINERY,UNITED KINGDOM,EUROPE
5016257,1992-01-03,90802.27,F,1-URGENT,Customer#000067516,AUTOMOBILE,JORDAN,MIDDLE EAST
3289735,1992-01-03,50591.28,F,3-MEDIUM,Customer#000000686,HOUSEHOLD,FRANCE,EUROPE
1181120,1992-01-03,231526.86,F,3-MEDIUM,Customer#000136480,MACHINERY,MOROCCO,AFRICA
5512773,1992-01-03,16602.47,F,3-MEDIUM,Customer#000036560,HOUSEHOLD,KENYA,AFRICA
4566752,1992-01-03,45957.99,F,4-NOT SPECIFIED,Customer#000023894,BUILDING,CHINA,ASIA
5426052,1992-01-03,170820.82,F,3-MEDIUM,Customer#000044497,FURNITURE,BRAZIL,AMERICA
4424449,1992-01-03,221660.37,F,1-URGENT,Customer#000011038,MACHINERY,CANADA,AMERICA
5331525,1992-01-03,168197.87,F,1-URGENT,Customer#000146482,FURNITURE,GERMANY,EUROPE
5369671,1992-01-03,294325.90,F,1-URGENT,Customer#000062299,BUILDING,EGYPT,MIDDLE EAST
308384,1992-01-03,70366.93,F,5-LOW,Customer#000084520,AUTOMOBILE,CHINA,ASIA
5093862,1992-01-03,233333.66,F,1-URGENT,Customer#000077278,AUTOMOBILE,GERMANY,EUROPE
4960582,1992-01-03,233928.29,F,5-LOW,Customer#000113920,FURNITURE,JORDAN,MIDDLE EAST
5831395,1992-01-03,160846.86,F,1-URGENT,Customer#000110281,MACHINERY,ARGENTINA,AMERICA
1978790,1992-01-03,131345.47,F,4-NOT SPECIFIED,Customer#000137828,FURNITURE,CANADA,AMERICA
2108099,1992-01-03,128771.49,F,4-NOT SPECIFIED,Customer#000037154,HOUSEHOLD,INDONESIA,ASIA
5971618,1992-01-03,242538.23,F,3-MEDIUM,Customer#000070217,HOUSEHOLD,IRAQ,MIDDLE EAST
3719874,1992-01-03,144388.69,F,4-NOT SPECIFIED,Customer#000035873,FURNITURE,KENYA,AFRICA
3353287,1992-01-03,229013.32,F,1-URGENT,Customer#000023038,AUTOMOBILE,ALGERIA,AFRICA
4592007,1992-01-03,164885.97,F,2-HIGH,Customer#000098867,MACHINERY,UNITED KINGDOM,EUROPE
3182528,1992-01-03,231027.41,F,5-LOW,Customer#000074863,HOUSEHOLD,BRAZIL,AMERICA
1804544,1992-01-03,125636.12,F,2-HIGH,Customer#000088867,BUILDING,INDIA,ASIA
502882,1992-01-03,280905.62,F,4-NOT SPECIFIED,Customer#000070555,FURNITURE,RUSSIA,EUROPE
4711777,1992-01-03,135688.00,F,4-NOT SPECIFIED,Customer#000022300,MACHINERY,JORDAN,MIDDLE EAST
4714950,1992-01-03,275754.29,F,1-URGENT,Customer#000098984,BUILDING,INDONESIA,ASIA
3270950,1992-01-03,236168.13,F,5-LOW,Customer#000103867,AUTOMOBILE,INDONESIA,ASIA
4203043,1992-01-03,150176.17,F,1-URGENT,Customer#000098449,MACHINERY,UNITED STATES,AMERICA
534528,1992-01-03,56651.07,F,5-LOW,Customer#000057184,FURNITURE,MOZAMBIQUE,AFRICA
3479201,1992-01-03,166610.79,F,1-URGENT,Customer#000122177,MACHINERY,ETHIOPIA,AFRICA
3392099,1992-01-03,96814.14,F,3-MEDIUM,Customer#000003520,FURNITURE,ETHIOPIA,AFRICA
3030593,1992-01-03,164874.91,F,1-URGENT,Customer#000054055,MACHINERY,JORDAN,MIDDLE EAST
3542727,1992-01-03,33258.65,F,4-NOT SPECIFIED,Customer#000057932,HOUSEHOLD,MOROCCO,AFRICA
912866,1992-01-03,286573.35,F,2-HIGH,Customer#000002596,BUILDING,SAUDI ARABIA,MIDDLE EAST
2322081,1992-01-03,43787.98,F,4-NOT SPECIFIED,Customer#000069655,FURNITURE,FRANCE,EUROPE
5079590,1992-01-03,75893.04,F,2-HIGH,Customer#000114698,BUILDING,VIETNAM,ASIA
3105570,1992-01-03,22788.06,F,5-LOW,Customer#000144685,HOUSEHOLD,INDONESIA,ASIA
4154209,1992-01-03,45439.87,F,4-NOT SPECIFIED,Customer#000038674,HOUSEHOLD,IRAN,MIDDLE EAST
1991652,1992-01-03,166696.72,F,4-NOT SPECIFIED,Customer#000016813,MACHINERY,GERMANY,EUROPE
2246945,1992-01-03,227609.18,F,1-URGENT,Customer#000012124,MACHINERY,FRANCE,EUROPE
793600,1992-01-03,136941.86,F,3-MEDIUM,Customer#000013954,MACHINERY,RUSSIA,EUROPE
541154,1992-01-03,57301.44,F,5-LOW,Customer#000065798,BUILDING,ETHIOPIA,AFRICA
1353125,1992-01-03,149714.59,F,1-URGENT,Customer#000127697,FURNITURE,FRANCE,EUROPE
2226629,1992-01-03,258735.87,F,5-LOW,Customer#000023018,HOUSEHOLD,IRAQ,MIDDLE EAST
5843200,1992-01-03,192981.51,F,4-NOT SPECIFIED,Customer#000074944,HOUSEHOLD,CHINA,ASIA
5557766,1992-01-03,187037.96,F,2-HIGH,Customer#000052517,AUTOMOBILE,JORDAN,MIDDLE EAST
2035137,1992-01-03,267647.04,F,4-NOT SPECIFIED,Customer#000139799,MACHINERY,ALGERIA,AFRICA
1137447,1992-01-03,296987.43,F,2-HIGH,Customer#000018014,HOUSEHOLD,ETHIOPIA,AFRICA
1257221,1992-01-03,20837.99,F,1-URGENT,Customer#000004418,BUILDING,INDIA,ASIA
1150816,1992-01-03,246480.39,F,1-URGENT,Customer#000118306,MACHINERY,MOROCCO,AFRICA
5189092,1992-01-03,106023.65,F,3-MEDIUM,Customer#000119774,AUTOMOBILE,ALGERIA,AFRICA
3692545,1992-01-03,155212.15,F,4-NOT SPECIFIED,Customer#000044467,FURNITURE,GERMANY,EUROPE
2622663,1992-01-03,208101.46,F,5-LOW,Customer#000064079,MACHINERY,INDIA,ASIA
5590496,1992-01-03,1778.25,F,3-MEDIUM,Customer#000056062,HOUSEHOLD,UNITED KINGDOM,EUROPE
5430406,1992-01-03,148249.33,F,5-LOW,Customer#000141131,FURNITURE,VIETNAM,ASIA
1833671,1992-01-03,184689.54,F,2-HIGH,Customer#000119489,AUTOMOBILE,INDIA,ASIA
3638787,1992-01-03,179627.93,F,2-HIGH,Customer#000148177,HOUSEHOLD,UNITED KINGDOM,EUROPE
921474,1992-01-03,88775.28,F,3-MEDIUM,Customer#000073618,BUILDING,JORDAN,MIDDLE EAST
2548003,1992-01-03,187821.66,F,3-MEDIUM,Customer#000087586,FURNITURE,ROMANIA,EUROPE
3105441,1992-01-03,185649.42,F,1-URGENT,Customer#000039686,HOUSEHOLD,GERMANY,EUROPE
1148321,1992-01-03,127316.46,F,1-URGENT,Customer#000088708,MACHINERY,MOROCCO,AFRICA
331012,1992-01-03,58134.86,F,3-MEDIUM,Customer#000064492,MACHINERY,CANADA,AMERICA
5228963,1992-01-03,155569.44,F,4-NOT SPECIFIED,Customer#000103945,AUTOMOBILE,MOROCCO,AFRICA
5968518,1992-01-03,218859.76,F,3-MEDIUM,Customer#000145706,AUTOMOBILE,BRAZIL,AMERICA
4542883,1992-01-03,55344.37,F,3-MEDIUM,Customer#000061133,MACHINERY,ALGERIA,AFRICA
5214080,1992-01-03,21362.62,F,3-MEDIUM,Customer#000020206,MACHINERY,ROMANIA,EUROPE
4885472,1992-01-03,348834.90,F,2-HIGH,Customer#000116774,BUILDING,CHINA,ASIA
2090913,1992-01-03,98705.24,F,4-NOT SPECIFIED,Customer#000019960,HOUSEHOLD,ETHIOPIA,AFRICA
4205537,1992-01-03,173263.20,F,1-URGENT,Customer#000135001,AUTOMOBILE,RUSSIA,EUROPE
970727,1992-01-03,125706.51,F,5-LOW,Customer#000059488,AUTOMOBILE,UNITED STATES,AMERICA
1506531,1992-01-03,15333.17,F,4-NOT SPECIFIED,Customer#000005210,HOUSEHOLD,GERMANY,EUROPE
641126,1992-01-03,24402.18,F,5-LOW,Customer#000016297,HOUSEHOLD,ETHIOPIA,AFRICA
922183,1992-01-03,71672.56,F,4-NOT SPECIFIED,Customer#000040283,BUILDING,ETHIOPIA,AFRICA
5266851,1992-01-03,306164.44,F,1-URGENT,Customer#000118991,HOUSEHOLD,SAUDI ARABIA,MIDDLE EAST
3481856,1992-01-03,154872.88,F,3-MEDIUM,Customer#000023674,MACHINERY,ARGENTINA,AMERICA
3102503,1992-01-03,121277.15,F,1-URGENT,Customer#000112564,BUILDING,UNITED KINGDOM,EUROPE
1599172,1992-01-03,171453.02,F,3-MEDIUM,Customer#000018976,HOUSEHOLD,GERMANY,EUROPE
4049799,1992-01-03,212176.67,F,1-URGENT,Customer#000083981,FURNITURE,INDONESIA,ASIA
2426978,1992-01-03,222516.19,F,1-URGENT,Customer#000114385,HOUSEHOLD,ETHIOPIA,AFRICA
1657120,1992-01-03,75583.18,F,4-NOT SPECIFIED,Customer#000048338,MACHINERY,ROMANIA,EUROPE
1410050,1992-01-03,51914.64,F,3-MEDIUM,Customer#000028972,HOUSEHOLD,VIETNAM,ASIA
1387492,1992-01-03,34049.09,F,2-HIGH,Customer#000025546,BUILDING,UNITED STATES,AMERICA
1369188,1992-01-03,180222.98,F,2-HIGH,Customer#000018769,FURNITURE,GERMANY,EUROPE
1384546,1992-01-03,31798.75,F,2-HIGH,Customer#000136730,MACHINERY,INDIA,ASIA
3921348,1992-01-03,176497.32,F,1-URGENT,Customer#000090208,AUTOMOBILE,INDONESIA,ASIA
1476262,1992-01-03,117104.13,F,2-HIGH,Customer#000013099,FURNITURE,INDONESIA,ASIA
3943873,1992-01-03,100699.40,F,5-LOW,Customer#000140747,AUTOMOBILE,CANADA,AMERICA
5798375,1992-01-03,166152.93,F,3-MEDIUM,Customer#000091244,FURNITURE,KENYA,AFRICA
4900644,1992-01-03,29590.13,F,1-URGENT,Customer#000147604,FURNITURE,RUSSIA,EUROPE
1364199,1992-01-03,163642.87,F,4-NOT SPECIFIED,Customer#000100879,BUILDING,JAPAN,ASIA
2688423,1992-01-03,77416.71,F,1-URGENT,Customer#000139750,BUILDING,PERU,AMERICA
628774,1992-01-03,220238.17,F,2-HIGH,Customer#000148645,AUTOMOBILE,IRAQ,MIDDLE EAST
805511,1992-01-03,21623.41,F,3-MEDIUM,Customer#000072164,HOUSEHOLD,VIETNAM,ASIA
5947367,1992-01-03,64994.27,F,1-URGENT,Customer#000086282,MACHINERY,MOZAMBIQUE,AFRICA
3240388,1992-01-03,39664.97,F,5-LOW,Customer#000095617,MACHINERY,IRAN,MIDDLE EAST
5638848,1992-01-03,198409.95,F,3-MEDIUM,Customer#000090119,MACHINERY,UNITED KINGDOM,EUROPE
739808,1992-01-03,337864.11,F,2-HIGH,Customer#000033275,BUILDING,JAPAN,ASIA
5897092,1992-01-03,224290.42,F,3-MEDIUM,Customer#000097528,BUILDING,ROMANIA,EUROPE
263813,1992-01-03,129675.26,F,1-URGENT,Customer#000133249,HOUSEHOLD,PERU,AMERICA
128098,1992-01-03,69861.49,F,1-URGENT,Customer#000032521,AUTOMOBILE,ROMANIA,EUROPE
852160,1992-01-03,139808.52,F,1-URGENT,Customer#000044024,AUTOMOBILE,UNITED STATES,AMERICA
29030,1992-01-03,66169.71,F,3-MEDIUM,Customer#000115267,FURNITURE,ETHIOPIA,AFRICA
461190,1992-01-03,229813.16,F,3-MEDIUM,Customer#000110914,BUILDING,FRANCE,EUROPE
462851,1992-01-03,265175.93,F,1-URGENT,Customer#000052061,AUTOMOBILE,ARGENTINA,AMERICA
5685764,1992-01-03,301031.41,F,4-NOT SPECIFIED,Customer#000110791,AUTOMOBILE,IRAQ,MIDDLE EAST
5890468,1992-01-03,186189.78,F,4-NOT SPECIFIED,Customer#000014549,HOUSEHOLD,EGYPT,MIDDLE EAST
74023,1992-01-03,166769.93,F,3-MEDIUM,Customer#000039562,MACHINERY,VIETNAM,ASIA
342149,1992-01-03,111843.67,F,4-NOT SPECIFIED,Customer#000058318,FURNITURE,ALGERIA,AFRICA
564006,1992-01-03,91483.02,F,2-HIGH,Customer#000008705,FURNITURE,CHINA,ASIA
3848615,1992-01-03,121992.88,F,1-URGENT,Customer#000052504,AUTOMOBILE,VIETNAM,ASIA
950661,1992-01-03,19555.66,F,2-HIGH,Customer#000110771,AUTOMOBILE,FRANCE,EUROPE
301446,1992-01-03,224568.87,F,2-HIGH,Customer#000090461,BUILDING,INDONESIA,ASIA
2255105,1992-01-03,125836.16,F,5-LOW,Customer#000053636,HOUSEHOLD,CANADA,AMERICA
2096550,1992-01-03,81093.29,F,4-NOT SPECIFIED,Customer#000011416,HOUSEHOLD,INDONESIA,ASIA
496065,1992-01-03,342035.89,F,2-HIGH,Customer#000117743,FURNITURE,UNITED STATES,AMERICA
3410016,1992-01-03,302710.17,F,2-HIGH,Customer#000146074,HOUSEHOLD,FRANCE,EUROPE
425633,1992-01-03,206079.41,F,2-HIGH,Customer#000028798,FURNITURE,UNITED STATES,AMERICA
1820609,1992-01-03,104934.29,F,2-HIGH,Customer#000014185,MACHINERY,INDONESIA,ASIA
2229568,1992-01-03,248174.32,F,1-URGENT,Customer#000052738,BUILDING,BRAZIL,AMERICA
1804263,1992-01-03,148352.56,F,4-NOT SPECIFIED,Customer#000009476,FURNITURE,CHINA,ASIA
1867399,1992-01-03,74272.49,F,2-HIGH,Customer#000145306,BUILDING,UNITED STATES,AMERICA
2323335,1992-01-03,76116.54,F,2-HIGH,Customer#000020806,MACHINERY,VIETNAM,ASIA
1163847,1992-01-03,161852.07,F,4-NOT SPECIFIED,Customer#000091298,FURNITURE,FRANCE,EUROPE
2087618,1992-01-03,180874.51,F,5-LOW,Customer#000097078,AUTOMOBILE,ARGENTINA,AMERICA
561381,1992-01-03,126547.24,F,5-LOW,Customer#000139469,BUILDING,EGYPT,MIDDLE EAST
2110023,1992-01-03,177329.66,F,5-LOW,Customer#000077327,FURNITURE,MOZAMBIQUE,AFRICA
1932484,1992-01-03,69899.03,F,4-NOT SPECIFIED,Customer#000028978,AUTOMOBILE,VIETNAM,ASIA
2219238,1992-01-03,206041.67,F,5-LOW,Customer#000041459,BUILDING,IRAQ,MIDDLE EAST
2173030,1992-01-03,177764.29,F,4-NOT SPECIFIED,Customer#000050456,AUTOMOBILE,INDONESIA,ASIA
2128450,1992-01-03,160624.80,F,5-LOW,Customer#000114935,MACHINERY,IRAN,MIDDLE EAST
1818725,1992-01-03,62270.19,F,5-LOW,Customer#000149500,AUTOMOBILE,VIETNAM,ASIA
2074368,1992-01-03,285219.58,F,2-HIGH,Customer#000097948,HOUSEHOLD,ROMANIA,EUROPE
1479296,1992-01-03,310348.20,F,3-MEDIUM,Customer#000016552,FURNITURE,UNITED STATES,AMERICA
2947174,1992-01-03,107481.86,F,3-MEDIUM,Customer#000042095,MACHINERY,IRAQ,MIDDLE EAST
2215559,1992-01-03,103621.84,F,5-LOW,Customer#000094837,HOUSEHOLD,UNITED STATES,AMERICA
1103719,1992-01-03,35177.62,F,1-URGENT,Customer#000067762,BUILDING,VIETNAM,ASIA
4427941,1992-01-03,175594.34,F,2-HIGH,Customer#000122482,BUILDING,BRAZIL,AMERICA
974693,1992-01-03,192571.31,F,4-NOT SPECIFIED,Customer#000101905,HOUSEHOLD,CHINA,ASIA
4316292,1992-01-03,244238.92,F,3-MEDIUM,Customer#000045445,MACHINERY,EGYPT,MIDDLE EAST
605184,1992-01-03,147691.57,F,5-LOW,Customer#000029590,MACHINERY,IRAN,MIDDLE EAST
994912,1992-01-03,209881.01,F,1-URGENT,Customer#000093926,MACHINERY,ETHIOPIA,AFRICA
4737381,1992-01-03,25494.64,F,4-NOT SPECIFIED,Customer#000061288,FURNITURE,MOZAMBIQUE,AFRICA
990433,1992-01-03,167767.41,F,2-HIGH,Customer#000074597,AUTOMOBILE,MOROCCO,AFRICA
4527910,1992-01-03,320476.40,F,1-URGENT,Customer#000118505,FURNITURE,MOROCCO,AFRICA
1772549,1992-01-03,90180.22,F,3-MEDIUM,Customer#000038324,BUILDING,JORDAN,MIDDLE EAST
1391589,1992-01-03,252480.14,F,2-HIGH,Customer#000142228,FURNITURE,IRAN,MIDDLE EAST
1574597,1992-01-03,238894.36,F,4-NOT SPECIFIED,Customer#000043132,MACHINERY,INDONESIA,ASIA
1406212,1992-01-03,140097.62,F,4-NOT SPECIFIED,Customer#000051571,FURNITURE,JORDAN,MIDDLE EAST
1668677,1992-01-03,189112.68,F,5-LOW,Customer#000022313,MACHINERY,MOZAMBIQUE,AFRICA
1650849,1992-01-03,269312.02,F,1-URGENT,Customer#000145742,FURNITURE,INDONESIA,ASIA
3699587,1992-01-03,121569.48,F,1-URGENT,Customer#000120500,AUTOMOBILE,KENYA,AFRICA
1486086,1992-01-03,160502.60,F,4-NOT SPECIFIED,Customer#000143443,MACHINERY,ETHIOPIA,AFRICA
636226,1992-01-03,264357.80,F,1-URGENT,Customer#000040414,FURNITURE,BRAZIL,AMERICA
3943781,1992-01-03,169889.87,F,5-LOW,Customer#000116089,MACHINERY,ROMANIA,EUROPE
5446562,1992-01-03,148977.14,F,5-LOW,Customer#000045970,MACHINERY,EGYPT,MIDDLE EAST
5588577,1992-01-03,101658.83,F,4-NOT SPECIFIED,Customer#000141524,HOUSEHOLD,IRAN,MIDDLE EAST
3153539,1992-01-03,212116.53,F,2-HIGH,Customer#000105650,BUILDING,JORDAN,MIDDLE EAST
5311429,1992-01-03,74761.06,F,4-NOT SPECIFIED,Customer#000041113,FURNITURE,GERMANY,EUROPE
1148995,1992-01-03,250956.01,F,2-HIGH,Customer#000136981,HOUSEHOLD,FRANCE,EUROPE
5746368,1992-01-03,153605.33,F,2-HIGH,Customer#000065932,FURNITURE,EGYPT,MIDDLE EAST
4333446,1992-01-03,320637.34,F,3-MEDIUM,Customer#000033470,AUTOMOBILE,UNITED STATES,AMERICA
4613735,1992-01-03,45223.64,F,3-MEDIUM,Customer#000142669,BUILDING,VIETNAM,ASIA
5974790,1992-01-03,92202.76,F,5-LOW,Customer#000112849,BUILDING,UNITED STATES,AMERICA
2667011,1992-01-03,178489.62,F,5-LOW,Customer#000005563,FURNITURE,GERMANY,EUROPE
2935361,1992-01-03,214063.95,F,4-NOT SPECIFIED,Customer#000143605,MACHINERY,JORDAN,MIDDLE EAST
2696006,1992-01-03,30457.36,F,1-URGENT,Customer#000112676,FURNITURE,ROMANIA,EUROPE
2803904,1992-01-03,183118.31,F,2-HIGH,Customer#000101519,HOUSEHOLD,ARGENTINA,AMERICA
5370114,1992-01-03,33923.82,F,1-URGENT,Customer#000096938,AUTOMOBILE,KENYA,AFRICA
2932097,1992-01-03,33819.59,F,2-HIGH,Customer#000018133,AUTOMOBILE,CANADA,AMERICA
2389447,1992-01-03,99178.07,F,4-NOT SPECIFIED,Customer#000043538,AUTOMOBILE,RUSSIA,EUROPE
4901890,1992-01-03,158309.70,F,5-LOW,Customer#000062225,BUILDING,JAPAN,ASIA
1188544,1992-01-03,16324.70,F,1-URGENT,Customer#000041836,FURNITURE,ROMANIA,EUROPE
1908256,1992-01-03,271154.30,F,1-URGENT,Customer#000058333,FURNITURE,CHINA,ASIA
2852225,1992-01-03,67901.00,F,3-MEDIUM,Customer#000078058,BUILDING,EGYPT,MIDDLE EAST
1757315,1992-01-03,97709.64,F,3-MEDIUM,Customer#000070337,AUTOMOBILE,JORDAN,MIDDLE EAST
1731459,1992-01-03,178667.48,F,4-NOT SPECIFIED,Customer#000018025,FURNITURE,UNITED KINGDOM,EUROPE
1582529,1992-01-03,137295.87,F,5-LOW,Customer#000046112,AUTOMOBILE,ETHIOPIA,AFRICA
4139430,1992-01-03,275648.20,F,2-HIGH,Customer#000142870,FURNITURE,FRANCE,EUROPE
4084800,1992-01-03,18221.59,F,4-NOT SPECIFIED,Customer#000064531,HOUSEHOLD,JAPAN,ASIA
3616903,1992-01-03,81041.25,F,4-NOT SPECIFIED,Customer#000079366,AUTOMOBILE,CHINA,ASIA
4091938,1992-01-03,68304.26,F,3-MEDIUM,Customer#000097537,MACHINERY,JAPAN,ASIA
3178692,1992-01-03,71601.76,F,2-HIGH,Customer#000120124,MACHINERY,JAPAN,ASIA
1550945,1992-01-03,99593.98,F,4-NOT SPECIFIED,Customer#000049315,MACHINERY,PERU,AMERICA
3756133,1992-01-03,188954.19,F,5-LOW,Customer#000112004,FURNITURE,MOZAMBIQUE,AFRICA
4958372,1992-01-03,169982.26,F,4-NOT SPECIFIED,Customer#000109543,AUTOMOBILE,EGYPT,MIDDLE EAST
1468224,1992-01-03,179057.49,F,5-LOW,Customer#000005509,MACHINERY,EGYPT,MIDDLE EAST
2898721,1992-01-03,241272.29,F,4-NOT SPECIFIED,Customer#000013441,FURNITURE,BRAZIL,AMERICA
4022055,1992-01-03,217928.37,F,1-URGENT,Customer#000142312,HOUSEHOLD,JAPAN,ASIA
1657511,1992-01-03,59694.33,F,1-URGENT,Customer#000115097,HOUSEHOLD,SAUDI ARABIA,MIDDLE EAST
1531843,1992-01-03,138162.80,F,2-HIGH,Customer#000058156,BUILDING,IRAQ,MIDDLE EAST
4023268,1992-01-03,107359.14,F,3-MEDIUM,Customer#000044221,AUTOMOBILE,ALGERIA,AFRICA
4908325,1992-01-03,241388.46,F,2-HIGH,Customer#000134015,BUILDING,IRAQ,MIDDLE EAST
4746977,1992-01-03,189644.83,F,1-URGENT,Customer#000005944,HOUSEHOLD,UNITED STATES,AMERICA
47591,1992-01-03,136057.12,F,1-URGENT,Customer#000082249,BUILDING,INDIA,ASIA
5688387,1992-01-03,158144.14,F,2-HIGH,Customer#000049901,FURNITURE,GERMANY,EUROPE
5768577,1992-01-03,312799.98,F,3-MEDIUM,Customer#000037531,MACHINERY,ARGENTINA,AMERICA
3272642,1992-01-03,317163.84,F,2-HIGH,Customer#000145858,HOUSEHOLD,JAPAN,ASIA
22693,1992-01-03,247340.51,F,2-HIGH,Customer#000021748,FURNITURE,MOZAMBIQUE,AFRICA
313953,1992-01-03,208832.33,F,4-NOT SPECIFIED,Customer#000120476,BUILDING,INDIA,ASIA
1078308,1992-01-03,101204.70,F,1-URGENT,Customer#000142084,BUILDING,GERMANY,EUROPE
5793761,1992-01-03,208321.64,F,2-HIGH,Customer#000143933,AUTOMOBILE,IRAN,MIDDLE EAST
4825733,1992-01-03,159556.27,F,5-LOW,Customer#000053272,BUILDING,IRAN,MIDDLE EAST
5018691,1992-01-03,159343.91,F,1-URGENT,Customer#000026578,FURNITURE,INDIA,ASIA
213255,1992-01-03,101457.25,F,5-LOW,Customer#000140587,AUTOMOBILE,IRAQ,MIDDLE EAST
4241122,1992-01-03,157764.60,F,3-MEDIUM,Customer#000066613,FURNITURE,CHINA,ASIA
852739,1992-01-03,59077.20,F,3-MEDIUM,Customer#000018374,HOUSEHOLD,INDONESIA,ASIA
560038,1992-01-03,19183.07,F,4-NOT SPECIFIED,Customer#000065509,FURNITURE,RUSSIA,EUROPE
120096,1992-01-03,35060.52,F,4-NOT SPECIFIED,Customer#000049129,FURNITURE,GERMANY,EUROPE
1995557,1992-01-03,83097.64,F,4-NOT SPECIFIED,Customer#000071002,MACHINERY,ROMANIA,EUROPE
2300323,1992-01-03,65038.27,F,3-MEDIUM,Customer#000035023,AUTOMOBILE,MOROCCO,AFRICA
2151521,1992-01-03,91049.66,F,3-MEDIUM,Customer#000119926,AUTOMOBILE,JORDAN,MIDDLE EAST
2289057,1992-01-03,313138.83,F,2-HIGH,Customer#000048271,BUILDING,KENYA,AFRICA
2126496,1992-01-03,124824.90,F,4-NOT SPECIFIED,Customer#000084175,BUILDING,UNITED STATES,AMERICA
2153446,1992-01-03,239768.56,F,2-HIGH,Customer#000045490,MACHINERY,VIETNAM,ASIA
2116227,1992-01-03,255689.18,F,4-NOT SPECIFIED,Customer#000015082,BUILDING,JAPAN,ASIA
2012899,1992-01-03,159368.39,F,2-HIGH,Customer#000010955,FURNITURE,INDONESIA,ASIA
1858691,1992-01-03,86257.55,F,4-NOT SPECIFIED,Customer#000062756,FURNITURE,MOZAMBIQUE,AFRICA
2035104,1992-01-03,247454.55,F,5-LOW,Customer#000045331,MACHINERY,IRAN,MIDDLE EAST
2062240,1992-01-03,219209.97,F,5-LOW,Customer#000050653,BUILDING,CHINA,ASIA
2116832,1992-01-03,250162.73,F,4-NOT SPECIFIED,Customer#000011836,FURNITURE,EGYPT,MIDDLE EAST
4661508,1992-01-03,151288.68,F,5-LOW,Customer#000141370,HOUSEHOLD,CHINA,ASIA
1804454,1992-01-03,175313.77,F,4-NOT SPECIFIED,Customer#000093415,BUILDING,MOROCCO,AFRICA
5947107,1992-01-03,264410.40,F,3-MEDIUM,Customer#000039680,FURNITURE,IRAN,MIDDLE EAST
1118852,1992-01-03,44164.21,F,4-NOT SPECIFIED,Customer#000022306,HOUSEHOLD,CHINA,ASIA
4325283,1992-01-03,170079.39,F,3-MEDIUM,Customer#000068765,BUILDING,ALGERIA,AFRICA
5016482,1992-01-03,54909.15,F,2-HIGH,Customer#000130918,BUILDING,FRANCE,EUROPE
1175010,1992-01-03,157667.85,F,2-HIGH,Customer#000010828,HOUSEHOLD,UNITED KINGDOM,EUROPE
4156678,1992-01-03,178784.48,F,3-MEDIUM,Customer#000079645,HOUSEHOLD,CHINA,ASIA
5953824,1992-01-03,11230.54,F,4-NOT SPECIFIED,Customer#000052334,MACHINERY,MOZAMBIQUE,AFRICA
5433573,1992-01-03,103194.30,F,2-HIGH,Customer#000139918,BUILDING,EGYPT,MIDDLE EAST
4820900,1992-01-03,153997.30,F,1-URGENT,Customer#000086587,AUTOMOBILE,RUSSIA,EUROPE
290116,1992-01-03,117239.43,F,5-LOW,Customer#000075041,BUILDING,INDIA,ASIA
5376226,1992-01-03,72674.05,F,1-URGENT,Customer#000007759,HOUSEHOLD,RUSSIA,EUROPE
5809475,1992-01-03,320127.77,F,2-HIGH,Customer#000064201,HOUSEHOLD,INDONESIA,ASIA
1277351,1992-01-03,230158.03,F,5-LOW,Customer#000052393,MACHINERY,ALGERIA,AFRICA
4832934,1992-01-03,116203.45,F,3-MEDIUM,Customer#000001252,MACHINERY,JAPAN,ASIA
5513542,1992-01-03,231530.67,F,5-LOW,Customer#000081458,FURNITURE,GERMANY,EUROPE
4192197,1992-01-03,107070.33,F,4-NOT SPECIFIED,Customer#000037438,AUTOMOBILE,CANADA,AMERICA
1227206,1992-01-03,124210.63,F,4-NOT SPECIFIED,Customer#000069989,BUILDING,CANADA,AMERICA
1604385,1992-01-03,136848.17,F,5-LOW,Customer#000097331,AUTOMOBILE,INDIA,ASIA
5514721,1992-01-03,272409.61,F,4-NOT SPECIFIED,Customer#000036560,HOUSEHOLD,KENYA,AFRICA
570919,1992-01-03,22782.66,F,1-URGENT,Customer#000149719,FURNITURE,IRAN,MIDDLE EAST
1201061,1992-01-03,185283.02,F,3-MEDIUM,Customer#000117658,HOUSEHOLD,BRAZIL,AMERICA
1353445,1992-01-03,344396.41,F,5-LOW,Customer#000034748,HOUSEHOLD,VIETNAM,ASIA
4063747,1992-01-03,230314.76,F,2-HIGH,Customer#000044542,MACHINERY,CHINA,ASIA
1497282,1992-01-03,66353.35,F,4-NOT SPECIFIED,Customer#000095825,MACHINERY,INDIA,ASIA
1718791,1992-01-03,292787.90,F,3-MEDIUM,Customer#000089902,BUILDING,IRAQ,MIDDLE EAST
1650501,1992-01-03,295402.81,F,2-HIGH,Customer#000021799,AUTOMOBILE,RUSSIA,EUROPE
1748229,1992-01-03,21547.47,F,3-MEDIUM,Customer#000062512,BUILDING,MOROCCO,AFRICA
1315558,1992-01-03,166717.31,F,5-LOW,Customer#000100748,BUILDING,IRAN,MIDDLE EAST
4093765,1992-01-03,122030.72,F,4-NOT SPECIFIED,Customer#000133312,FURNITURE,MOROCCO,AFRICA
4106370,1992-01-03,57322.30,F,1-URGENT,Customer#000101245,AUTOMOBILE,ETHIOPIA,AFRICA
4860101,1992-01-03,112468.12,F,2-HIGH,Customer#000119945,AUTOMOBILE,IRAN,MIDDLE EAST
3732967,1992-01-03,250681.04,F,1-URGENT,Customer#000137497,HOUSEHOLD,UNITED KINGDOM,EUROPE
6657,1992-01-03,42517.20,F,4-NOT SPECIFIED,Customer#000046195,FURNITURE,IRAN,MIDDLE EAST
181282,1992-01-03,117731.27,F,3-MEDIUM,Customer#000010696,MACHINERY,FRANCE,EUROPE
365319,1992-01-03,112221.97,F,2-HIGH,Customer#000067310,AUTOMOBILE,BRAZIL,AMERICA
1550757,1992-01-03,320965.18,F,3-MEDIUM,Customer#000098306,FURNITURE,JAPAN,ASIA
1389346,1992-01-03,83511.05,F,3-MEDIUM,Customer#000104261,BUILDING,ARGENTINA,AMERICA
4083136,1992-01-03,194078.99,F,2-HIGH,Customer#000124823,HOUSEHOLD,JORDAN,MIDDLE EAST
1130695,1992-01-03,254596.74,F,3-MEDIUM,Customer#000089767,AUTOMOBILE,RUSSIA,EUROPE
806400,1992-01-03,102614.51,F,3-MEDIUM,Customer#000077035,FURNITURE,EGYPT,MIDDLE EAST
3338022,1992-01-03,18074.80,F,1-URGENT,Customer#000028663,BUILDING,ROMANIA,EUROPE
4301699,1992-01-03,32987.96,F,3-MEDIUM,Customer#000119842,HOUSEHOLD,UNITED STATES,AMERICA
5575683,1992-01-03,334895.71,F,4-NOT SPECIFIED,Customer#000109753,MACHINERY,ALGERIA,AFRICA
4819491,1992-01-03,17033.94,F,1-URGENT,Customer#000112129,MACHINERY,CANADA,AMERICA
793346,1992-01-03,61501.83,F,5-LOW,Customer#000122716,BUILDING,ETHIOPIA,AFRICA
5446567,1992-01-03,71820.58,F,5-LOW,Customer#000032440,MACHINERY,ARGENTINA,AMERICA
5468864,1992-01-03,73006.67,F,2-HIGH,Customer#000048391,MACHINERY,CHINA,ASIA
5625792,1992-01-03,30300.41,F,4-NOT SPECIFIED,Customer#000100630,FURNITURE,UNITED STATES,AMERICA
3009184,1992-01-03,61667.63,F,1-URGENT,Customer#000005308,AUTOMOBILE,KENYA,AFRICA
3442340,1992-01-03,55809.91,F,5-LOW,Customer#000079849,MACHINERY,ARGENTINA,AMERICA
3002913,1992-01-03,146390.10,F,4-NOT SPECIFIED,Customer#000005279,MACHINERY,FRANCE,EUROPE
3256196,1992-01-03,198277.19,F,4-NOT SPECIFIED,Customer#000027898,MACHINERY,INDONESIA,ASIA
5687079,1992-01-03,134069.62,F,2-HIGH,Customer#000057658,HOUSEHOLD,SAUDI ARABIA,MIDDLE EAST
3344772,1992-01-03,192130.19,F,5-LOW,Customer#000130526,BUILDING,IRAN,MIDDLE EAST
3335110,1992-01-03,254871.33,F,2-HIGH,Customer#000069134,FURNITURE,CANADA,AMERICA
3230566,1992-01-03,58823.04,F,1-URGENT,Customer#000123032,MACHINERY,BRAZIL,AMERICA
3471300,1992-01-03,82797.16,F,3-MEDIUM,Customer#000102416,HOUSEHOLD,VIETNAM,ASIA
3508002,1992-01-03,215332.42,F,2-HIGH,Customer#000015088,BUILDING,UNITED STATES,AMERICA
3266340,1992-01-03,102148.16,F,1-URGENT,Customer#000095330,MACHINERY,INDONESIA,ASIA
3097799,1992-01-03,42804.26,F,3-MEDIUM,Customer#000066847,AUTOMOBILE,VIETNAM,ASIA
2040896,1992-01-03,238069.68,F,4-NOT SPECIFIED,Customer#000135767,MACHINERY,INDONESIA,ASIA
3349025,1992-01-03,97903.72,F,4-NOT SPECIFIED,Customer#000121591,MACHINERY,ROMANIA,EUROPE
3407811,1992-01-03,228480.96,F,3-MEDIUM,Customer#000017686,HOUSEHOLD,KENYA,AFRICA
5442726,1992-01-03,149133.24,F,1-URGENT,Customer#000094175,HOUSEHOLD,FRANCE,EUROPE
580928,1992-01-03,64702.56,F,3-MEDIUM,Customer#000036223,FURNITURE,SAUDI ARABIA,MIDDLE EAST
5451078,1992-01-03,276238.55,F,2-HIGH,Customer#000088994,MACHINERY,IRAN,MIDDLE EAST
728135,1992-01-03,203288.93,F,2-HIGH,Customer#000082508,FURNITURE,ARGENTINA,AMERICA
1821061,1992-01-03,221017.30,F,5-LOW,Customer#000108980,HOUSEHOLD,FRANCE,EUROPE
4776516,1992-01-04,287270.86,F,3-MEDIUM,Customer#000114448,MACHINERY,JORDAN,MIDDLE EAST
1260773,1992-01-04,180678.38,F,2-HIGH,Customer#000088582,MACHINERY,EGYPT,MIDDLE EAST
816515,1992-01-04,106657.20,F,4-NOT SPECIFIED,Customer#000056911,BUILDING,CHINA,ASIA
1730309,1992-01-04,20786.54,F,4-NOT SPECIFIED,Customer#000095248,MACHINERY,JAPAN,ASIA
1435104,1992-01-04,167779.68,F,5-LOW,Customer#000120983,AUTOMOBILE,JORDAN,MIDDLE EAST
3557921,1992-01-04,152264.81,F,4-NOT SPECIFIED,Customer#000057490,FURNITURE,EGYPT,MIDDLE EAST
5138853,1992-01-04,2726.08,F,4-NOT SPECIFIED,Customer#000053887,MACHINERY,KENYA,AFRICA
5389318,1992-01-04,57002.52,F,2-HIGH,Customer#000061177,HOUSEHOLD,ARGENTINA,AMERICA
4960101,1992-01-04,74273.89,F,4-NOT SPECIFIED,Customer#000147707,AUTOMOBILE,MOZAMBIQUE,AFRICA
3533958,1992-01-04,129960.06,F,2-HIGH,Customer#000000964,FURNITURE,JAPAN,ASIA
3437476,1992-01-04,214678.18,F,4-NOT SPECIFIED,Customer#000095641,MACHINERY,ROMANIA,EUROPE
5072322,1992-01-04,228879.35,F,1-URGENT,Customer#000031670,AUTOMOBILE,KENYA,AFRICA
5494980,1992-01-04,221859.43,F,3-MEDIUM,Customer#000148117,FURNITURE,MOROCCO,AFRICA
1973380,1992-01-04,277143.23,F,5-LOW,Customer#000113366,AUTOMOBILE,BRAZIL,AMERICA
2932739,1992-01-04,165649.92,F,1-URGENT,Customer#000017545,BUILDING,ALGERIA,AFRICA
4985220,1992-01-04,266627.18,F,3-MEDIUM,Customer#000020752,MACHINERY,KENYA,AFRICA
2494343,1992-01-04,101698.75,F,2-HIGH,Customer#000092332,BUILDING,VIETNAM,ASIA
2714848,1992-01-04,290793.44,F,1-URGENT,Customer#000149410,FURNITURE,ARGENTINA,AMERICA
4628800,1992-01-04,36342.02,F,5-LOW,Customer#000140224,MACHINERY,IRAQ,MIDDLE EAST
2816736,1992-01-04,134853.09,F,2-HIGH,Customer#000069784,MACHINERY,MOZAMBIQUE,AFRICA
2695974,1992-01-04,60308.44,F,2-HIGH,Customer#000066029,MACHINERY,JAPAN,ASIA
2681731,1992-01-04,90839.23,F,2-HIGH,Customer#000115807,HOUSEHOLD,ALGERIA,AFRICA
2782151,1992-01-04,134651.39,F,2-HIGH,Customer#000126256,AUTOMOBILE,IRAQ,MIDDLE EAST
2607072,1992-01-04,282070.76,F,4-NOT SPECIFIED,Customer#000083758,HOUSEHOLD,BRAZIL,AMERICA
2951744,1992-01-04,8491.55,F,1-URGENT,Customer#000105868,AUTOMOBILE,CANADA,AMERICA
2964518,1992-01-04,36348.75,F,2-HIGH,Customer#000062828,HOUSEHOLD,GERMANY,EUROPE
4060609,1992-01-04,238392.78,F,5-LOW,Customer#000038680,HOUSEHOLD,JAPAN,ASIA
2751303,1992-01-04,275198.85,F,5-LOW,Customer#000092743,HOUSEHOLD,CHINA,ASIA
2688707,1992-01-04,121631.00,F,3-MEDIUM,Customer#000069364,HOUSEHOLD,CANADA,AMERICA
1841639,1992-01-04,232326.66,F,1-URGENT,Customer#000131318,FURNITURE,SAUDI ARABIA,MIDDLE EAST
2648546,1992-01-04,230092.30,F,5-LOW,Customer#000043874,BUILDING,ROMANIA,EUROPE
2757377,1992-01-04,129464.68,F,4-NOT SPECIFIED,Customer#000057373,FURNITURE,INDIA,ASIA
2529030,1992-01-04,125989.42,F,4-NOT SPECIFIED,Customer#000066017,AUTOMOBILE,ETHIOPIA,AFRICA
1163808,1992-01-04,315473.46,F,5-LOW,Customer#000096832,AUTOMOBILE,ARGENTINA,AMERICA
3886790,1992-01-04,260469.41,F,3-MEDIUM,Customer#000063629,HOUSEHOLD,GERMANY,EUROPE
1023363,1992-01-04,249701.35,F,2-HIGH,Customer#000035617,HOUSEHOLD,CANADA,AMERICA
5270373,1992-01-04,304680.89,F,4-NOT SPECIFIED,Customer#000098710,AUTOMOBILE,BRAZIL,AMERICA
5843845,1992-01-04,75657.43,F,5-LOW,Customer#000112934,BUILDING,UNITED KINGDOM,EUROPE
737600,1992-01-04,179310.16,F,5-LOW,Customer#000141724,AUTOMOBILE,UNITED KINGDOM,EUROPE
5100611,1992-01-04,244617.37,F,5-LOW,Customer#000045553,HOUSEHOLD,MOZAMBIQUE,AFRICA
3266213,1992-01-04,267895.39,F,3-MEDIUM,Customer#000083590,FURNITURE,IRAN,MIDDLE EAST
4550183,1992-01-04,264246.92,F,2-HIGH,Customer#000013555,HOUSEHOLD,ROMANIA,EUROPE
3359527,1992-01-04,177875.11,F,5-LOW,Customer#000107932,HOUSEHOLD,RUSSIA,EUROPE
1814278,1992-01-04,73525.31,F,3-MEDIUM,Customer#000085672,HOUSEHOLD,CANADA,AMERICA
2255136,1992-01-04,200000.95,F,3-MEDIUM,Customer#000102446,FURNITURE,INDONESIA,ASIA
1201380,1992-01-04,192867.90,F,2-HIGH,Customer#000085111,FURNITURE,IRAN,MIDDLE EAST
3258947,1992-01-04,68836.10,F,4-NOT SPECIFIED,Customer#000088381,MACHINERY,VIETNAM,ASIA
2066468,1992-01-04,83829.44,F,4-NOT SPECIFIED,Customer#000014711,HOUSEHOLD,BRAZIL,AMERICA
2309632,1992-01-04,182775.83,F,3-MEDIUM,Customer#000047111,HOUSEHOLD,UNITED KINGDOM,EUROPE
2047875,1992-01-04,38308.57,F,4-NOT SPECIFIED,Customer#000017857,MACHINERY,IRAQ,MIDDLE EAST
5414848,1992-01-04,28350.36,F,2-HIGH,Customer#000106099,MACHINERY,JAPAN,ASIA
1982406,1992-01-04,47226.38,F,5-LOW,Customer#000079889,AUTOMOBILE,ETHIOPIA,AFRICA
2097507,1992-01-04,277268.14,F,1-URGENT,Customer#000113132,AUTOMOBILE,ALGERIA,AFRICA
1888930,1992-01-04,18193.45,F,1-URGENT,Customer#000012295,FURNITURE,VIETNAM,ASIA
1877892,1992-01-04,148887.28,F,5-LOW,Customer#000056575,AUTOMOBILE,IRAN,MIDDLE EAST
2251749,1992-01-04,110897.95,F,4-NOT SPECIFIED,Customer#000069731,AUTOMOBILE,ETHIOPIA,AFRICA
2002245,1992-01-04,225146.69,F,3-MEDIUM,Customer#000104555,FURNITURE,MOROCCO,AFRICA
3720898,1992-01-04,179364.27,F,1-URGENT,Customer#000133196,BUILDING,ETHIOPIA,AFRICA
1834147,1992-01-04,65132.68,F,4-NOT SPECIFIED,Customer#000020033,AUTOMOBILE,ETHIOPIA,AFRICA
2616517,1992-01-04,70313.10,F,3-MEDIUM,Customer#000139360,BUILDING,VIETNAM,ASIA
2918627,1992-01-04,109165.16,F,4-NOT SPECIFIED,Customer#000119038,FURNITURE,CHINA,ASIA
2840710,1992-01-04,148197.04,F,5-LOW,Customer#000129176,BUILDING,IRAQ,MIDDLE EAST
2381153,1992-01-04,56418.79,F,2-HIGH,Customer#000105152,BUILDING,SAUDI ARABIA,MIDDLE EAST
1784581,1992-01-04,215062.56,F,4-NOT SPECIFIED,Customer#000075658,BUILDING,MOROCCO,AFRICA
2145570,1992-01-04,107974.62,F,2-HIGH,Customer#000120403,FURNITURE,RUSSIA,EUROPE
3877281,1992-01-04,127820.95,F,2-HIGH,Customer#000056003,BUILDING,ROMANIA,EUROPE
993857,1992-01-04,127794.21,F,3-MEDIUM,Customer#000071695,FURNITURE,IRAQ,MIDDLE EAST
1981604,1992-01-04,280184.72,F,5-LOW,Customer#000127454,BUILDING,JAPAN,ASIA
2025735,1992-01-04,72910.41,F,3-MEDIUM,Customer#000132659,HOUSEHOLD,SAUDI ARABIA,MIDDLE EAST
2224036,1992-01-04,109647.16,F,4-NOT SPECIFIED,Customer#000040732,MACHINERY,JAPAN,ASIA
1839814,1992-01-04,113915.34,F,4-NOT SPECIFIED,Customer#000141568,AUTOMOBILE,UNITED KINGDOM,EUROPE
304867,1992-01-04,282754.75,F,2-HIGH,Customer#000139972,HOUSEHOLD,IRAN,MIDDLE EAST
5735557,1992-01-04,320481.48,F,5-LOW,Customer#000133702,FURNITURE,PERU,AMERICA
5696068,1992-01-04,308477.60,F,3-MEDIUM,Customer#000106867,BUILDING,IRAQ,MIDDLE EAST
2757733,1992-01-04,180571.92,F,1-URGENT,Customer#000059087,BUILDING,GERMANY,EUROPE
2388065,1992-01-04,39369.31,F,2-HIGH,Customer#000102328,AUTOMOBILE,SAUDI ARABIA,MIDDLE EAST
2701797,1992-01-04,157731.48,F,3-MEDIUM,Customer#000066994,AUTOMOBILE,CHINA,ASIA
2427745,1992-01-04,11514.04,F,3-MEDIUM,Customer#000017287,FURNITURE,CANADA,AMERICA
2415302,1992-01-04,59126.50,F,4-NOT SPECIFIED,Customer#000072254,FURNITURE,PERU,AMERICA
2215780,1992-01-04,35506.13,F,4-NOT SPECIFIED,Customer#000145141,FURNITURE,IRAQ,MIDDLE EAST
2686882,1992-01-04,133942.98,F,3-MEDIUM,Customer#000012413,FURNITURE,UNITED KINGDOM,EUROPE
2886470,1992-01-04,146651.99,F,4-NOT SPECIFIED,Customer#000069235,HOUSEHOLD,ARGENTINA,AMERICA
382946,1992-01-04,246249.51,F,3-MEDIUM,Customer#000147068,AUTOMOBILE,UNITED STATES,AMERICA
1176644,1992-01-04,118331.08,F,3-MEDIUM,Customer#000118220,HOUSEHOLD,SAUDI ARABIA,MIDDLE EAST
315872,1992-01-04,223821.85,F,4-NOT SPECIFIED,Customer#000143503,FURNITURE,RUSSIA,EUROPE
959009,1992-01-04,21743.21,F,5-LOW,Customer#000010915,BUILDING,JORDAN,MIDDLE EAST
35811,1992-01-04,193185.17,F,1-URGENT,Customer#000058481,MACHINERY,ROMANIA,EUROPE
1234341,1992-01-04,227860.03,F,4-NOT SPECIFIED,Customer#000132806,BUILDING,IRAQ,MIDDLE EAST
5821959,1992-01-04,86269.94,F,3-MEDIUM,Customer#000039073,BUILDING,UNITED KINGDOM,EUROPE
1074914,1992-01-04,112781.72,F,4-NOT SPECIFIED,Customer#000149473,MACHINERY,MOZAMBIQUE,AFRICA
2764422,1992-01-04,200498.00,F,3-MEDIUM,Customer#000031594,HOUSEHOLD,MOZAMBIQUE,AFRICA
2607715,1992-01-04,45188.16,F,2-HIGH,Customer#000076763,BUILDING,ALGERIA,AFRICA
5643936,1992-01-04,132857.19,F,5-LOW,Customer#000028930,HOUSEHOLD,ARGENTINA,AMERICA
5430723,1992-01-04,199991.65,F,3-MEDIUM,Customer#000050569,FURNITURE,EGYPT,MIDDLE EAST
3990656,1992-01-04,38814.38,F,5-LOW,Customer#000086099,BUILDING,ROMANIA,EUROPE
2074532,1992-01-04,157349.71,F,2-HIGH,Customer#000034195,HOUSEHOLD,FRANCE,EUROPE
5054373,1992-01-04,113407.71,F,2-HIGH,Customer#000028117,AUTOMOBILE,GERMANY,EUROPE
5658272,1992-01-04,216344.24,F,4-NOT SPECIFIED,Customer#000144733,AUTOMOBILE,CHINA,ASIA
4547267,1992-01-04,146036.45,F,3-MEDIUM,Customer#000058081,BUILDING,ROMANIA,EUROPE
3680674,1992-01-04,195104.41,F,5-LOW,Customer#000049936,AUTOMOBILE,KENYA,AFRICA
1163238,1992-01-04,47804.30,F,1-URGENT,Customer#000043741,HOUSEHOLD,MOROCCO,AFRICA
3842496,1992-01-04,49773.14,F,4-NOT SPECIFIED,Customer#000124036,MACHINERY,UNITED STATES,AMERICA
5701316,1992-01-04,56200.12,F,3-MEDIUM,Customer#000001897,BUILDING,INDIA,ASIA
2958503,1992-01-04,237984.39,F,3-MEDIUM,Customer#000038395,HOUSEHOLD,INDIA,ASIA
2575905,1992-01-04,11360.14,F,4-NOT SPECIFIED,Customer#000046709,HOUSEHOLD,VIETNAM,ASIA
4172231,1992-01-04,248296.68,F,2-HIGH,Customer#000104839,AUTOMOBILE,INDONESIA,ASIA
996164,1992-01-04,143276.52,F,3-MEDIUM,Customer#000018574,HOUSEHOLD,FRANCE,EUROPE
1167492,1992-01-04,73543.34,F,4-NOT SPECIFIED,Customer#000031906,BUILDING,ALGERIA,AFRICA
2484326,1992-01-04,151218.24,F,4-NOT SPECIFIED,Customer#000015293,MACHINERY,ARGENTINA,AMERICA
4601345,1992-01-04,89799.94,F,4-NOT SPECIFIED,Customer#000138475,HOUSEHOLD,ROMANIA,EUROPE
4704514,1992-01-04,207214.84,F,5-LOW,Customer#000075187,MACHINERY,ETHIOPIA,AFRICA
2674978,1992-01-04,92867.69,F,1-URGENT,Customer#000089572,MACHINERY,CANADA,AMERICA
2115493,1992-01-04,263831.20,F,2-HIGH,Customer#000023410,HOUSEHOLD,RUSSIA,EUROPE
4692775,1992-01-04,254138.07,F,1-URGENT,Customer#000088087,HOUSEHOLD,PERU,AMERICA
4680130,1992-01-04,78650.91,F,5-LOW,Customer#000076819,BUILDING,ALGERIA,AFRICA
4295427,1992-01-04,68984.44,F,4-NOT SPECIFIED,Customer#000019294,AUTOMOBILE,SAUDI ARABIA,MIDDLE EAST
967683,1992-01-04,100565.92,F,3-MEDIUM,Customer#000089665,MACHINERY,MOZAMBIQUE,AFRICA
684774,1992-01-04,98044.89,F,2-HIGH,Customer#000133198,BUILDING,IRAN,MIDDLE EAST
4765474,1992-01-04,287414.02,F,3-MEDIUM,Customer#000099103,BUILDING,INDIA,ASIA
4657221,1992-01-04,138572.48,F,2-HIGH,Customer#000121205,MACHINERY,MOROCCO,AFRICA
5317799,1992-01-04,216513.99,F,4-NOT SPECIFIED,Customer#000146836,AUTOMOBILE,ETHIOPIA,AFRICA
4258401,1992-01-04,187076.30,F,2-HIGH,Customer#000100915,FURNITURE,FRANCE,EUROPE
4539779,1992-01-04,135509.33,F,4-NOT SPECIFIED,Customer#000115403,AUTOMOBILE,ROMANIA,EUROPE
1256391,1992-01-04,29156.06,F,5-LOW,Customer#000125047,MACHINERY,INDONESIA,ASIA
1723399,1992-01-04,206986.66,F,5-LOW,Customer#000005572,BUILDING,IRAQ,MIDDLE EAST
5563137,1992-01-04,47721.29,F,3-MEDIUM,Customer#000007793,HOUSEHOLD,UNITED KINGDOM,EUROPE
4739334,1992-01-04,95364.12,F,2-HIGH,Customer#000133690,MACHINERY,FRANCE,EUROPE
1136704,1992-01-04,144801.33,F,2-HIGH,Customer#000135295,HOUSEHOLD,UNITED STATES,AMERICA
2693542,1992-01-04,296499.44,F,2-HIGH,Customer#000146911,BUILDING,IRAQ,MIDDLE EAST
1035425,1992-01-04,92834.15,F,1-URGENT,Customer#000066274,HOUSEHOLD,ETHIOPIA,AFRICA
2996358,1992-01-04,32318.69,F,3-MEDIUM,Customer#000101479,MACHINERY,PERU,AMERICA
296742,1992-01-04,16079.28,F,1-URGENT,Customer#000144226,AUTOMOBILE,RUSSIA,EUROPE
543296,1992-01-04,174547.66,F,5-LOW,Customer#000141670,BUILDING,INDONESIA,ASIA
4614400,1992-01-04,133824.64,F,3-MEDIUM,Customer#000142615,BUILDING,MOZAMBIQUE,AFRICA
4394241,1992-01-04,39872.06,F,3-MEDIUM,Customer#000056597,HOUSEHOLD,GERMANY,EUROPE
4573858,1992-01-04,48541.76,F,3-MEDIUM,Customer#000059722,BUILDING,ALGERIA,AFRICA
2809125,1992-01-04,263632.20,F,5-LOW,Customer#000080335,FURNITURE,PERU,AMERICA
569446,1992-01-04,310954.33,F,4-NOT SPECIFIED,Customer#000090719,BUILDING,GERMANY,EUROPE
3744673,1992-01-04,23836.30,F,2-HIGH,Customer#000059752,HOUSEHOLD,JORDAN,MIDDLE EAST
2765638,1992-01-04,80779.39,F,5-LOW,Customer#000046283,FURNITURE,INDIA,ASIA
9379,1992-01-04,167523.64,F,1-URGENT,Customer#000034955,BUILDING,CHINA,ASIA
2872961,1992-01-04,213463.50,F,3-MEDIUM,Customer#000074350,BUILDING,UNITED KINGDOM,EUROPE
412482,1992-01-04,83698.96,F,3-MEDIUM,Customer#000132658,MACHINERY,EGYPT,MIDDLE EAST
192929,1992-01-04,274558.51,F,2-HIGH,Customer#000086479,AUTOMOBILE,KENYA,AFRICA
423876,1992-01-04,59003.55,F,4-NOT SPECIFIED,Customer#000038321,FURNITURE,UNITED STATES,AMERICA
2560643,1992-01-04,220643.47,F,2-HIGH,Customer#000084964,MACHINERY,INDIA,ASIA
82145,1992-01-04,193151.20,F,1-URGENT,Customer#000038558,FURNITURE,VIETNAM,ASIA
3999015,1992-01-04,185494.81,F,2-HIGH,Customer#000086416,AUTOMOBILE,INDIA,ASIA
2474310,1992-01-04,182139.70,F,4-NOT SPECIFIED,Customer#000128366,BUILDING,INDIA,ASIA
2660835,1992-01-04,164969.69,F,4-NOT SPECIFIED,Customer#000048448,MACHINERY,SAUDI ARABIA,MIDDLE EAST
2445028,1992-01-04,179245.02,F,2-HIGH,Customer#000080978,MACHINERY,CANADA,AMERICA
2733287,1992-01-04,117268.96,F,2-HIGH,Customer#000038392,AUTOMOBILE,VIETNAM,ASIA
2606338,1992-01-04,144230.82,F,2-HIGH,Customer#000090544,FURNITURE,MOROCCO,AFRICA
2954016,1992-01-04,193453.97,F,1-URGENT,Customer#000133885,AUTOMOBILE,UNITED STATES,AMERICA
2446755,1992-01-04,78047.26,F,3-MEDIUM,Customer#000074492,BUILDING,VIETNAM,ASIA
2841860,1992-01-04,107646.08,F,1-URGENT,Customer#000049322,FURNITURE,MOZAMBIQUE,AFRICA
2642624,1992-01-04,74534.60,F,4-NOT SPECIFIED,Customer#000090922,AUTOMOBILE,IRAN,MIDDLE EAST
3987136,1992-01-04,337531.24,F,4-NOT SPECIFIED,Customer#000096277,BUILDING,JORDAN,MIDDLE EAST
1168482,1992-01-04,165748.86,F,3-MEDIUM,Customer#000000994,HOUSEHOLD,MOZAMBIQUE,AFRICA
1340711,1992-01-04,127301.04,F,4-NOT SPECIFIED,Customer#000128017,HOUSEHOLD,JORDAN,MIDDLE EAST
4561602,1992-01-04,195971.29,F,2-HIGH,Customer#000132170,FURNITURE,IRAN,MIDDLE EAST
2770978,1992-01-04,27921.09,F,5-LOW,Customer#000053026,HOUSEHOLD,KENYA,AFRICA
2078886,1992-01-04,70674.90,F,3-MEDIUM,Customer#000045340,FURNITURE,PERU,AMERICA
1924353,1992-01-04,159644.03,F,2-HIGH,Customer#000000256,HOUSEHOLD,IRAN,MIDDLE EAST
2047777,1992-01-04,66490.70,F,2-HIGH,Customer#000034100,AUTOMOBILE,GERMANY,EUROPE
2224000,1992-01-04,279304.54,F,5-LOW,Customer#000009298,MACHINERY,INDONESIA,ASIA
2212966,1992-01-04,144572.33,F,1-URGENT,Customer#000111091,BUILDING,RUSSIA,EUROPE
2192967,1992-01-04,141934.87,F,5-LOW,Customer#000109114,FURNITURE,INDIA,ASIA
2390020,1992-01-04,185842.27,F,5-LOW,Customer#000072028,BUILDING,FRANCE,EUROPE
2340802,1992-01-04,145307.37,F,5-LOW,Customer#000110263,HOUSEHOLD,ALGERIA,AFRICA
2007395,1992-01-04,287473.22,F,4-NOT SPECIFIED,Customer#000071311,HOUSEHOLD,CANADA,AMERICA
1847718,1992-01-04,107746.92,F,1-URGENT,Customer#000096772,AUTOMOBILE,MOZAMBIQUE,AFRICA
2039143,1992-01-04,336772.52,F,2-HIGH,Customer#000117383,FURNITURE,BRAZIL,AMERICA
2227236,1992-01-04,3713.46,F,2-HIGH,Customer#000083866,FURNITURE,RUSSIA,EUROPE
1905415,1992-01-04,55050.80,F,5-LOW,Customer#000055783,BUILDING,ETHIOPIA,AFRICA
2149831,1992-01-04,353679.08,F,2-HIGH,Customer#000120614,HOUSEHOLD,MOROCCO,AFRICA
1983232,1992-01-04,209976.10,F,3-MEDIUM,Customer#000123304,FURNITURE,UNITED KINGDOM,EUROPE
2022213,1992-01-04,89053.81,F,4-NOT SPECIFIED,Customer#000103772,HOUSEHOLD,PERU,AMERICA
2250113,1992-01-04,296783.39,F,2-HIGH,Customer#000025525,BUILDING,MOROCCO,AFRICA
2194823,1992-01-04,83576.39,F,3-MEDIUM,Customer#000003511,FURNITURE,IRAQ,MIDDLE EAST
2283525,1992-01-04,215381.81,F,1-URGENT,Customer#000068149,AUTOMOBILE,CHINA,ASIA
1986502,1992-01-04,227150.90,F,1-URGENT,Customer#000035737,FURNITURE,IRAN,MIDDLE EAST
1804707,1992-01-04,282847.25,F,1-URGENT,Customer#000052759,AUTOMOBILE,IRAN,MIDDLE EAST
2003173,1992-01-04,193722.64,F,4-NOT SPECIFIED,Customer#000144895,FURNITURE,FRANCE,EUROPE
2395239,1992-01-04,161427.77,F,5-LOW,Customer#000143776,BUILDING,IRAN,MIDDLE EAST
2141634,1992-01-04,286945.78,F,1-URGENT,Customer#000147094,MACHINERY,UNITED STATES,AMERICA
2260423,1992-01-04,250730.97,F,3-MEDIUM,Customer#000007528,HOUSEHOLD,VIETNAM,ASIA
2167685,1992-01-04,166233.72,F,5-LOW,Customer#000120007,MACHINERY,JAPAN,ASIA
4384550,1992-01-04,213739.13,F,1-URGENT,Customer#000133261,HOUSEHOLD,ETHIOPIA,AFRICA
4334467,1992-01-04,104516.20,F,4-NOT SPECIFIED,Customer#000105002,MACHINERY,BRAZIL,AMERICA
720452,1992-01-04,258666.95,F,4-NOT SPECIFIED,Customer#000147211,FURNITURE,ETHIOPIA,AFRICA
4243041,1992-01-04,69250.07,F,3-MEDIUM,Customer#000040445,HOUSEHOLD,ROMANIA,EUROPE
4230432,1992-01-04,295663.78,F,1-URGENT,Customer#000015790,BUILDING,BRAZIL,AMERICA
2209410,1992-01-04,166898.40,F,2-HIGH,Customer#000090916,FURNITURE,ROMANIA,EUROPE
4643266,1992-01-04,147733.57,F,5-LOW,Customer#000073097,AUTOMOBILE,ETHIOPIA,AFRICA
3837702,1992-01-04,294431.61,F,4-NOT SPECIFIED,Customer#000101680,BUILDING,SAUDI ARABIA,MIDDLE EAST
4542691,1992-01-04,69548.99,F,2-HIGH,Customer#000024781,AUTOMOBILE,ROMANIA,EUROPE
2211778,1992-01-04,201531.47,F,4-NOT SPECIFIED,Customer#000147511,AUTOMOBILE,ALGERIA,AFRICA
1135520,1992-01-04,48523.47,F,1-URGENT,Customer#000077198,BUILDING,UNITED KINGDOM,EUROPE
3705153,1992-01-04,141776.07,F,5-LOW,Customer#000145036,BUILDING,GERMANY,EUROPE
986947,1992-01-04,252989.69,F,3-MEDIUM,Customer#000103975,MACHINERY,ALGERIA,AFRICA
2767367,1992-01-04,269898.62,F,3-MEDIUM,Customer#000068914,HOUSEHOLD,ARGENTINA,AMERICA
1099335,1992-01-04,205379.85,F,5-LOW,Customer#000149566,AUTOMOBILE,INDIA,ASIA
4097571,1992-01-04,84272.42,F,3-MEDIUM,Customer#000123304,FURNITURE,UNITED KINGDOM,EUROPE
1283045,1992-01-04,279469.40,F,1-URGENT,Customer#000066622,FURNITURE,ETHIOPIA,AFRICA
1668832,1992-01-04,181520.35,F,1-URGENT,Customer#000119059,HOUSEHOLD,ARGENTINA,AMERICA
1682979,1992-01-04,52246.28,F,3-MEDIUM,Customer#000074306,HOUSEHOLD,UNITED KINGDOM,EUROPE
1464642,1992-01-04,139525.81,F,5-LOW,Customer#000079895,AUTOMOBILE,UNITED KINGDOM,EUROPE
1707296,1992-01-04,61458.58,F,4-NOT SPECIFIED,Customer#000018617,FURNITURE,IRAN,MIDDLE EAST
269063,1992-01-04,226216.91,F,4-NOT SPECIFIED,Customer#000027740,FURNITURE,KENYA,AFRICA
454277,1992-01-04,165675.16,F,3-MEDIUM,Customer#000011344,FURNITURE,JAPAN,ASIA
562081,1992-01-04,143029.21,F,4-NOT SPECIFIED,Customer#000098911,AUTOMOBILE,ARGENTINA,AMERICA
405732,1992-01-04,142899.25,F,4-NOT SPECIFIED,Customer#000125413,FURNITURE,GERMANY,EUROPE
209376,1992-01-04,139775.94,F,3-MEDIUM,Customer#000006028,MACHINERY,ALGERIA,AFRICA
56033,1992-01-04,51056.81,F,2-HIGH,Customer#000135673,BUILDING,CANADA,AMERICA
242785,1992-01-04,70976.98,F,3-MEDIUM,Customer#000091384,MACHINERY,KENYA,AFRICA
278788,1992-01-04,58496.63,F,5-LOW,Customer#000078295,MACHINERY,MOZAMBIQUE,AFRICA
4067686,1992-01-04,289144.13,F,5-LOW,Customer#000043276,MACHINERY,GERMANY,EUROPE
16164,1992-01-04,114051.00,F,5-LOW,Customer#000098428,FURNITURE,BRAZIL,AMERICA
34145,1992-01-04,68331.62,F,3-MEDIUM,Customer#000052999,BUILDING,JAPAN,ASIA
56675,1992-01-04,174477.91,F,4-NOT SPECIFIED,Customer#000107740,FURNITURE,RUSSIA,EUROPE
244291,1992-01-04,232839.15,F,5-LOW,Customer#000085397,MACHINERY,MOROCCO,AFRICA
50471,1992-01-04,61826.03,F,5-LOW,Customer#000074918,FURNITURE,UNITED STATES,AMERICA
2303046,1992-01-04,122151.22,F,2-HIGH,Customer#000026531,AUTOMOBILE,EGYPT,MIDDLE EAST
7618,1992-01-04,358292.37,F,2-HIGH,Customer#000088129,AUTOMOBILE,VIETNAM,ASIA
10945,1992-01-04,193846.66,F,3-MEDIUM,Customer#000024721,AUTOMOBILE,EGYPT,MIDDLE EAST
392903,1992-01-04,176619.13,F,3-MEDIUM,Customer#000005786,HOUSEHOLD,MOROCCO,AFRICA
361190,1992-01-04,34923.52,F,3-MEDIUM,Customer#000104909,HOUSEHOLD,BRAZIL,AMERICA
525959,1992-01-04,81845.31,F,2-HIGH,Customer#000085090,AUTOMOBILE,PERU,AMERICA
201089,1992-01-04,66525.49,F,3-MEDIUM,Customer#000011090,HOUSEHOLD,ARGENTINA,AMERICA
358471,1992-01-04,207111.34,F,4-NOT SPECIFIED,Customer#000088427,BUILDING,KENYA,AFRICA
126274,1992-01-04,221991.55,F,5-LOW,Customer#000101257,BUILDING,CANADA,AMERICA
237792,1992-01-04,96969.70,F,4-NOT SPECIFIED,Customer#000132311,HOUSEHOLD,PERU,AMERICA
517379,1992-01-04,130292.32,F,5-LOW,Customer#000105881,FURNITURE,INDONESIA,ASIA
331108,1992-01-04,187185.36,F,3-MEDIUM,Customer#000086950,FURNITURE,MOROCCO,AFRICA
5937761,1992-01-04,297603.86,F,5-LOW,Customer#000024452,HOUSEHOLD,IRAN,MIDDLE EAST
1437926,1992-01-04,142053.46,F,4-NOT SPECIFIED,Customer#000133774,MACHINERY,FRANCE,EUROPE
5217927,1992-01-04,139119.53,F,3-MEDIUM,Customer#000016330,FURNITURE,FRANCE,EUROPE
588101,1992-01-04,351224.50,F,5-LOW,Customer#000008432,BUILDING,CANADA,AMERICA
4159271,1992-01-04,40584.62,F,4-NOT SPECIFIED,Customer#000102049,MACHINERY,JAPAN,ASIA
4946119,1992-01-04,33106.95,F,2-HIGH,Customer#000106711,AUTOMOBILE,SAUDI ARABIA,MIDDLE EAST
1380704,1992-01-04,151195.07,F,2-HIGH,Customer#000024910,HOUSEHOLD,FRANCE,EUROPE
388678,1992-01-04,38789.77,F,2-HIGH,Customer#000033674,AUTOMOBILE,JAPAN,ASIA
3888578,1992-01-04,78205.36,F,4-NOT SPECIFIED,Customer#000025139,AUTOMOBILE,ROMANIA,EUROPE
2118662,1992-01-04,115934.45,F,3-MEDIUM,Customer#000018815,AUTOMOBILE,IRAQ,MIDDLE EAST
1247943,1992-01-04,21199.59,F,2-HIGH,Customer#000116392,FURNITURE,PERU,AMERICA
1207075,1992-01-04,35377.19,F,2-HIGH,Customer#000123737,BUILDING,FRANCE,EUROPE
4893700,1992-01-04,99965.99,F,5-LOW,Customer#000131417,BUILDING,MOZAMBIQUE,AFRICA
619842,1992-01-04,108643.44,F,5-LOW,Customer#000126520,BUILDING,JAPAN,ASIA
5263648,1992-01-04,95442.39,F,1-URGENT,Customer#000067967,FURNITURE,VIETNAM,ASIA
1625283,1992-01-04,200475.65,F,2-HIGH,Customer#000149015,MACHINERY,JORDAN,MIDDLE EAST
3612579,1992-01-04,55776.09,F,1-URGENT,Customer#000007399,FURNITURE,PERU,AMERICA
1128708,1992-01-04,178130.64,F,2-HIGH,Customer#000125386,MACHINERY,CANADA,AMERICA
1809986,1992-01-04,273148.50,F,2-HIGH,Customer#000087751,FURNITURE,MOZAMBIQUE,AFRICA
2297696,1992-01-04,236811.30,F,3-MEDIUM,Customer#000124726,MACHINERY,ALGERIA,AFRICA
5975425,1992-01-04,178964.14,F,5-LOW,Customer#000040549,HOUSEHOLD,MOZAMBIQUE,AFRICA
703940,1992-01-04,292936.13,F,5-LOW,Customer#000059452,FURNITURE,VIETNAM,ASIA
1425445,1992-01-04,96167.70,F,2-HIGH,Customer#000148295,HOUSEHOLD,EGYPT,MIDDLE EAST
4429442,1992-01-04,307263.35,F,2-HIGH,Customer#000020639,BUILDING,CHINA,ASIA
5072737,1992-01-04,56710.37,F,5-LOW,Customer#000105317,FURNITURE,PERU,AMERICA
2434786,1992-01-04,182105.38,F,2-HIGH,Customer#000107927,AUTOMOBILE,BRAZIL,AMERICA
2567078,1992-01-04,16375.19,F,5-LOW,Customer#000045865,MACHINERY,CANADA,AMERICA
2802241,1992-01-04,277908.30,F,2-HIGH,Customer#000042710,MACHINERY,FRANCE,EUROPE
3282884,1992-01-04,273838.62,F,2-HIGH,Customer#000073975,AUTOMOBILE,GERMANY,EUROPE
3681286,1992-01-04,162665.46,F,3-MEDIUM,Customer#000148309,AUTOMOBILE,BRAZIL,AMERICA
2457379,1992-01-04,160162.41,F,2-HIGH,Customer#000134890,MACHINERY,MOZAMBIQUE,AFRICA
5182084,1992-01-04,230509.16,F,5-LOW,Customer#000075761,BUILDING,IRAQ,MIDDLE EAST
5818054,1992-01-04,71249.82,F,4-NOT SPECIFIED,Customer#000027670,AUTOMOBILE,INDIA,ASIA
5210080,1992-01-04,173605.67,F,2-HIGH,Customer#000111811,HOUSEHOLD,ARGENTINA,AMERICA
5140833,1992-01-04,227907.97,F,3-MEDIUM,Customer#000146980,MACHINERY,IRAN,MIDDLE EAST
4946752,1992-01-04,197060.22,F,3-MEDIUM,Customer#000128870,MACHINERY,MOZAMBIQUE,AFRICA
5092358,1992-01-04,37338.45,F,1-URGENT,Customer#000128683,BUILDING,BRAZIL,AMERICA
814690,1992-01-04,164232.32,F,4-NOT SPECIFIED,Customer#000101803,MACHINERY,UNITED STATES,AMERICA
1211524,1992-01-04,65056.50,F,5-LOW,Customer#000008833,HOUSEHOLD,MOROCCO,AFRICA
4164514,1992-01-04,131162.26,F,2-HIGH,Customer#000073819,AUTOMOBILE,IRAN,MIDDLE EAST
4312576,1992-01-04,133105.52,F,2-HIGH,Customer#000028660,HOUSEHOLD,IRAN,MIDDLE EAST
4665441,1992-01-04,72963.13,F,5-LOW,Customer#000096157,AUTOMOBILE,IRAN,MIDDLE EAST
4232871,1992-01-04,81656.90,F,5-LOW,Customer#000034318,AUTOMOBILE,ALGERIA,AFRICA
4408743,1992-01-04,193106.53,F,4-NOT SPECIFIED,Customer#000071710,BUILDING,EGYPT,MIDDLE EAST
4361220,1992-01-04,69261.40,F,2-HIGH,Customer#000109699,BUILDING,RUSSIA,EUROPE
4335235,1992-01-04,69161.00,F,1-URGENT,Customer#000104287,MACHINERY,GERMANY,EUROPE
3223424,1992-01-04,54436.38,F,5-LOW,Customer#000001552,AUTOMOBILE,VIETNAM,ASIA
3418855,1992-01-04,19979.12,F,3-MEDIUM,Customer#000028208,BUILDING,MOROCCO,AFRICA
3010213,1992-01-04,158218.90,F,2-HIGH,Customer#000115283,AUTOMOBILE,ETHIOPIA,AFRICA
3353413,1992-01-04,224305.32,F,2-HIGH,Customer#000033343,FURNITURE,ARGENTINA,AMERICA
5626657,1992-01-04,195877.57,F,4-NOT SPECIFIED,Customer#000091006,BUILDING,ALGERIA,AFRICA
5237441,1992-01-04,141184.28,F,4-NOT SPECIFIED,Customer#000137539,BUILDING,KENYA,AFRICA
5704646,1992-01-04,34433.85,F,1-URGENT,Customer#000062183,AUTOMOBILE,KENYA,AFRICA
4898402,1992-01-04,51272.16,F,5-LOW,Customer#000068444,MACHINERY,CANADA,AMERICA
5895459,1992-01-04,222822.74,F,3-MEDIUM,Customer#000067813,HOUSEHOLD,MOROCCO,AFRICA
5252928,1992-01-04,21933.90,F,4-NOT SPECIFIED,Customer#000118642,HOUSEHOLD,PERU,AMERICA
5026595,1992-01-04,103095.19,F,2-HIGH,Customer#000052544,MACHINERY,MOROCCO,AFRICA
5232230,1992-01-04,120067.71,F,5-LOW,Customer#000020927,HOUSEHOLD,CANADA,AMERICA
5467687,1992-01-04,7431.69,F,2-HIGH,Customer#000070180,HOUSEHOLD,CHINA,ASIA
5978432,1992-01-04,126317.23,F,1-URGENT,Customer#000125437,HOUSEHOLD,UNITED KINGDOM,EUROPE
5573797,1992-01-04,258604.55,F,4-NOT SPECIFIED,Customer#000067135,FURNITURE,IRAQ,MIDDLE EAST
5828646,1992-01-04,193154.09,F,4-NOT SPECIFIED,Customer#000117403,FURNITURE,VIETNAM,ASIA
5160517,1992-01-04,250022.43,F,4-NOT SPECIFIED,Customer#000104107,BUILDING,PERU,AMERICA
5770823,1992-01-04,182461.61,F,5-LOW,Customer#000008638,BUILDING,RUSSIA,EUROPE
5946535,1992-01-04,319780.02,F,1-URGENT,Customer#000025906,FURNITURE,GERMANY,EUROPE
5615366,1992-01-04,74833.53,F,2-HIGH,Customer#000020476,HOUSEHOLD,FRANCE,EUROPE
4831524,1992-01-04,163911.03,F,1-URGENT,Customer#000102653,BUILDING,VIETNAM,ASIA
5513024,1992-01-04,54269.13,F,5-LOW,Customer#000129392,MACHINERY,VIETNAM,ASIA
5367719,1992-01-04,69573.18,F,5-LOW,Customer#000005837,HOUSEHOLD,ARGENTINA,AMERICA
5611841,1992-01-04,19800.41,F,4-NOT SPECIFIED,Customer#000062086,MACHINERY,IRAN,MIDDLE EAST
5363942,1992-01-04,269628.60,F,1-URGENT,Customer#000054148,AUTOMOBILE,PERU,AMERICA
4970564,1992-01-04,275214.92,F,3-MEDIUM,Customer#000037028,FURNITURE,IRAQ,MIDDLE EAST
5583297,1992-01-04,194845.16,F,1-URGENT,Customer#000141550,HOUSEHOLD,IRAQ,MIDDLE EAST
5185636,1992-01-04,338405.28,F,5-LOW,Customer#000077836,FURNITURE,JORDAN,MIDDLE EAST
5958656,1992-01-04,106620.33,F,3-MEDIUM,Customer#000007067,HOUSEHOLD,RUSSIA,EUROPE
5251239,1992-01-04,15797.13,F,4-NOT SPECIFIED,Customer#000118577,HOUSEHOLD,BRAZIL,AMERICA
5593538,1992-01-04,60255.58,F,3-MEDIUM,Customer#000038398,FURNITURE,MOROCCO,AFRICA
5627426,1992-01-04,222552.56,F,5-LOW,Customer#000018583,HOUSEHOLD,FRANCE,EUROPE
5081894,1992-01-04,227357.30,F,1-URGENT,Customer#000125740,BUILDING,CANADA,AMERICA
4872228,1992-01-04,206176.60,F,2-HIGH,Customer#000070100,BUILDING,PERU,AMERICA
4833988,1992-01-04,188612.28,F,1-URGENT,Customer#000109991,AUTOMOBILE,SAUDI ARABIA,MIDDLE EAST
4945668,1992-01-04,227368.06,F,3-MEDIUM,Customer#000014452,FURNITURE,ALGERIA,AFRICA
5516775,1992-01-04,10895.88,F,4-NOT SPECIFIED,Customer#000127369,HOUSEHOLD,VIETNAM,ASIA
5414502,1992-01-04,170296.50,F,1-URGENT,Customer#000036658,MACHINERY,GERMANY,EUROPE
5770498,1992-01-04,291250.60,F,3-MEDIUM,Customer#000067831,BUILDING,JORDAN,MIDDLE EAST
5426144,1992-01-04,103253.68,F,5-LOW,Customer#000039275,HOUSEHOLD,VIETNAM,ASIA
446688,1992-01-04,73882.15,F,4-NOT SPECIFIED,Customer#000074596,BUILDING,UNITED STATES,AMERICA
4879521,1992-01-04,181125.69,F,3-MEDIUM,Customer#000007651,FURNITURE,KENYA,AFRICA
5969347,1992-01-04,97202.63,F,2-HIGH,Customer#000073900,MACHINERY,ETHIOPIA,AFRICA
5194919,1992-01-04,289407.58,F,3-MEDIUM,Customer#000130447,MACHINERY,IRAQ,MIDDLE EAST
1721027,1992-01-04,209308.50,F,3-MEDIUM,Customer#000025334,BUILDING,VIETNAM,ASIA
5310759,1992-01-04,184883.94,F,2-HIGH,Customer#000039877,FURNITURE,MOZAMBIQUE,AFRICA
5911207,1992-01-04,159679.85,F,4-NOT SPECIFIED,Customer#000054245,HOUSEHOLD,RUSSIA,EUROPE
1240386,1992-01-04,237560.49,F,4-NOT SPECIFIED,Customer#000098761,FURNITURE,PERU,AMERICA
5925856,1992-01-04,32313.17,F,4-NOT SPECIFIED,Customer#000045196,MACHINERY,GERMANY,EUROPE
5921092,1992-01-04,189825.58,F,1-URGENT,Customer#000074398,AUTOMOBILE,IRAQ,MIDDLE EAST
5267969,1992-01-04,67317.76,F,3-MEDIUM,Customer#000135916,AUTOMOBILE,KENYA,AFRICA
5577697,1992-01-04,169777.73,F,3-MEDIUM,Customer#000057152,AUTOMOBILE,CANADA,AMERICA
5760903,1992-01-04,187863.37,F,2-HIGH,Customer#000030401,AUTOMOBILE,UNITED STATES,AMERICA
5695205,1992-01-04,202904.67,F,2-HIGH,Customer#000015335,MACHINERY,PERU,AMERICA
3749505,1992-01-04,58358.90,F,2-HIGH,Customer#000113950,AUTOMOBILE,ROMANIA,EUROPE
5727264,1992-01-04,33713.58,F,2-HIGH,Customer#000123623,AUTOMOBILE,PERU,AMERICA
5521155,1992-01-04,89135.23,F,2-HIGH,Customer#000149537,FURNITURE,PERU,AMERICA
5846277,1992-01-04,8918.75,F,1-URGENT,Customer#000055172,AUTOMOBILE,JORDAN,MIDDLE EAST
4830182,1992-01-04,71614.23,F,4-NOT SPECIFIED,Customer#000033148,AUTOMOBILE,ETHIOPIA,AFRICA
5070790,1992-01-04,88690.24,F,3-MEDIUM,Customer#000005537,HOUSEHOLD,BRAZIL,AMERICA
5350403,1992-01-04,79255.93,F,2-HIGH,Customer#000076061,FURNITURE,INDONESIA,ASIA
3186275,1992-01-04,82269.77,F,2-HIGH,Customer#000024232,HOUSEHOLD,UNITED STATES,AMERICA
5897988,1992-01-04,142732.89,F,3-MEDIUM,Customer#000046162,FURNITURE,EGYPT,MIDDLE EAST
3385123,1992-01-04,49580.12,F,3-MEDIUM,Customer#000082294,HOUSEHOLD,ROMANIA,EUROPE
3129639,1992-01-04,58210.67,F,2-HIGH,Customer#000129722,MACHINERY,EGYPT,MIDDLE EAST
4377664,1992-01-04,35083.11,F,5-LOW,Customer#000067741,AUTOMOBILE,GERMANY,EUROPE
3466178,1992-01-04,217655.44,F,4-NOT SPECIFIED,Customer#000110320,BUILDING,EGYPT,MIDDLE EAST
1144160,1992-01-04,283641.79,F,5-LOW,Customer#000131023,BUILDING,ROMANIA,EUROPE
3309697,1992-01-04,157176.05,F,1-URGENT,Customer#000105493,HOUSEHOLD,JAPAN,ASIA
3198598,1992-01-04,162467.79,F,5-LOW,Customer#000069826,FURNITURE,PERU,AMERICA
709955,1992-01-04,34080.47,F,2-HIGH,Customer#000022042,BUILDING,GERMANY,EUROPE
4515110,1992-01-04,155424.56,F,4-NOT SPECIFIED,Customer#000082864,AUTOMOBILE,KENYA,AFRICA
503746,1992-01-04,133384.45,F,5-LOW,Customer#000055376,MACHINERY,JAPAN,ASIA
4562690,1992-01-04,128062.85,F,4-NOT SPECIFIED,Customer#000027695,AUTOMOBILE,ETHIOPIA,AFRICA
4506307,1992-01-04,168252.49,F,5-LOW,Customer#000098090,MACHINERY,MOROCCO,AFRICA
4399303,1992-01-04,374278.79,F,3-MEDIUM,Customer#000012784,FURNITURE,CANADA,AMERICA
4692480,1992-01-04,89063.73,F,2-HIGH,Customer#000107593,MACHINERY,IRAQ,MIDDLE EAST
2002436,1992-01-04,155312.92,F,2-HIGH,Customer#000049466,HOUSEHOLD,EGYPT,MIDDLE EAST
4790756,1992-01-04,187606.07,F,4-NOT SPECIFIED,Customer#000116153,BUILDING,BRAZIL,AMERICA
4783399,1992-01-04,18543.10,F,1-URGENT,Customer#000009814,FURNITURE,MOROCCO,AFRICA
4207266,1992-01-04,177675.83,F,1-URGENT,Customer#000075238,FURNITURE,IRAQ,MIDDLE EAST
4538177,1992-01-04,112712.80,F,5-LOW,Customer#000090865,HOUSEHOLD,IRAN,MIDDLE EAST
4265127,1992-01-04,162111.45,F,2-HIGH,Customer#000035398,AUTOMOBILE,ETHIOPIA,AFRICA
3874881,1992-01-04,162528.29,F,3-MEDIUM,Customer#000107341,MACHINERY,MOZAMBIQUE,AFRICA
5740006,1992-01-04,169750.32,F,3-MEDIUM,Customer#000000622,FURNITURE,JORDAN,MIDDLE EAST
737665,1992-01-04,45056.27,F,3-MEDIUM,Customer#000082969,BUILDING,ALGERIA,AFRICA
5893634,1992-01-04,117951.22,F,4-NOT SPECIFIED,Customer#000074306,HOUSEHOLD,UNITED KINGDOM,EUROPE
5590727,1992-01-04,188035.43,F,2-HIGH,Customer#000123379,BUILDING,ETHIOPIA,AFRICA
1701504,1992-01-04,171058.78,F,4-NOT SPECIFIED,Customer#000063934,AUTOMOBILE,RUSSIA,EUROPE
5408224,1992-01-04,26471.48,F,5-LOW,Customer#000145483,AUTOMOBILE,JAPAN,ASIA
5306051,1992-01-04,64898.63,F,1-URGENT,Customer#000002590,BUILDING,GERMANY,EUROPE
1284197,1992-01-04,90994.10,F,2-HIGH,Customer#000027350,FURNITURE,UNITED KINGDOM,EUROPE
5364676,1992-01-04,146324.01,F,1-URGENT,Customer#000036223,FURNITURE,SAUDI ARABIA,MIDDLE EAST
3982823,1992-01-04,126778.82,F,1-URGENT,Customer#000052336,HOUSEHOLD,KENYA,AFRICA
2229318,1992-01-04,223557.45,F,1-URGENT,Customer#000126913,FURNITURE,CHINA,ASIA
5257344,1992-01-04,328909.75,F,1-URGENT,Customer#000113957,AUTOMOBILE,RUSSIA,EUROPE
4044483,1992-01-04,72036.95,F,2-HIGH,Customer#000081487,BUILDING,MOZAMBIQUE,AFRICA
2924391,1992-01-04,242717.83,F,4-NOT SPECIFIED,Customer#000103997,MACHINERY,ARGENTINA,AMERICA
3905221,1992-01-04,198331.69,F,2-HIGH,Customer#000027098,FURNITURE,ROMANIA,EUROPE
755462,1992-01-04,24791.10,F,4-NOT SPECIFIED,Customer#000102457,MACHINERY,BRAZIL,AMERICA
4109697,1992-01-04,82700.82,F,4-NOT SPECIFIED,Customer#000041110,HOUSEHOLD,RUSSIA,EUROPE
5618726,1992-01-04,72642.90,F,5-LOW,Customer#000003932,FURNITURE,BRAZIL,AMERICA
5064102,1992-01-04,72330.18,F,5-LOW,Customer#000040465,HOUSEHOLD,IRAQ,MIDDLE EAST
5724485,1992-01-04,36454.68,F,3-MEDIUM,Customer#000011729,FURNITURE,SAUDI ARABIA,MIDDLE EAST
5220097,1992-01-04,196071.19,F,4-NOT SPECIFIED,Customer#000087028,AUTOMOBILE,JAPAN,ASIA
5428068,1992-01-04,117538.02,F,2-HIGH,Customer#000058618,HOUSEHOLD,ALGERIA,AFRICA
808837,1992-01-04,303855.71,F,5-LOW,Customer#000080959,MACHINERY,IRAN,MIDDLE EAST
5886181,1992-01-04,149981.91,F,1-URGENT,Customer#000138208,HOUSEHOLD,UNITED KINGDOM,EUROPE
5573447,1992-01-04,168881.32,F,2-HIGH,Customer#000082432,AUTOMOBILE,MOROCCO,AFRICA
4933153,1992-01-04,255396.46,F,1-URGENT,Customer#000069329,HOUSEHOLD,MOROCCO,AFRICA
5274401,1992-01-04,24762.12,F,5-LOW,Customer#000101726,BUILDING,CHINA,ASIA
5712675,1992-01-04,211570.86,F,5-LOW,Customer#000072859,HOUSEHOLD,SAUDI ARABIA,MIDDLE EAST
1960582,1992-01-04,157018.12,F,3-MEDIUM,Customer#000007537,AUTOMOBILE,FRANCE,EUROPE
5628615,1992-01-04,292793.63,F,3-MEDIUM,Customer#000089425,AUTOMOBILE,INDONESIA,ASIA
3626724,1992-01-04,65703.96,F,3-MEDIUM,Customer#000010963,AUTOMOBILE,IRAQ,MIDDLE EAST
5260130,1992-01-04,319148.85,F,5-LOW,Customer#000061696,MACHINERY,VIETNAM,ASIA
4891169,1992-01-04,113748.88,F,2-HIGH,Customer#000039407,AUTOMOBILE,IRAQ,MIDDLE EAST
5706727,1992-01-04,78120.50,F,3-MEDIUM,Customer#000111296,AUTOMOBILE,PERU,AMERICA
1428096,1992-01-04,77133.72,F,2-HIGH,Customer#000020515,BUILDING,CHINA,ASIA
1619875,1992-01-04,116419.37,F,3-MEDIUM,Customer#000139087,AUTOMOBILE,IRAN,MIDDLE EAST
5484288,1992-01-04,185771.58,F,1-URGENT,Customer#000138496,BUILDING,MOROCCO,AFRICA
5427168,1992-01-04,134367.72,F,4-NOT SPECIFIED,Customer#000127463,BUILDING,INDIA,ASIA
820224,1992-01-04,99913.34,F,5-LOW,Customer#000031096,FURNITURE,ARGENTINA,AMERICA
5045924,1992-01-04,308910.39,F,3-MEDIUM,Customer#000027712,MACHINERY,KENYA,AFRICA
1573287,1992-01-04,96009.49,F,1-URGENT,Customer#000119539,BUILDING,RUSSIA,EUROPE
4008196,1992-01-04,248493.04,F,4-NOT SPECIFIED,Customer#000122428,FURNITURE,GERMANY,EUROPE
1375971,1992-01-04,135872.87,F,4-NOT SPECIFIED,Customer#000049520,BUILDING,PERU,AMERICA
5751175,1992-01-04,200045.79,F,1-URGENT,Customer#000087911,AUTOMOBILE,RUSSIA,EUROPE
1310464,1992-01-04,19698.02,F,2-HIGH,Customer#000106874,AUTOMOBILE,ALGERIA,AFRICA
1694754,1992-01-04,45484.93,F,4-NOT SPECIFIED,Customer#000064399,BUILDING,JAPAN,ASIA
3928135,1992-01-04,74150.87,F,1-URGENT,Customer#000134027,FURNITURE,RUSSIA,EUROPE
1108739,1992-01-04,48427.90,F,5-LOW,Customer#000002560,AUTOMOBILE,BRAZIL,AMERICA
1617697,1992-01-04,55750.59,F,1-URGENT,Customer#000114943,BUILDING,BRAZIL,AMERICA
3809856,1992-01-04,117821.50,F,4-NOT SPECIFIED,Customer#000095572,HOUSEHOLD,INDIA,ASIA
2394182,1992-01-04,179542.21,F,5-LOW,Customer#000116398,AUTOMOBILE,SAUDI ARABIA,MIDDLE EAST
291265,1992-01-04,238041.34,F,2-HIGH,Customer#000026038,HOUSEHOLD,MOROCCO,AFRICA
1790534,1992-01-04,104613.92,F,2-HIGH,Customer#000113762,MACHINERY,INDONESIA,ASIA
5899303,1992-01-04,113777.97,F,2-HIGH,Customer#000142558,FURNITURE,JAPAN,ASIA
1714501,1992-01-04,30714.46,F,3-MEDIUM,Customer#000138448,MACHINERY,JAPAN,ASIA
1208710,1992-01-04,181944.03,F,5-LOW,Customer#000073183,FURNITURE,SAUDI ARABIA,MIDDLE EAST
4156515,1992-01-04,132045.11,F,4-NOT SPECIFIED,Customer#000020917,BUILDING,IRAN,MIDDLE EAST
621859,1992-01-04,305539.72,F,5-LOW,Customer#000074404,AUTOMOBILE,ROMANIA,EUROPE
4106178,1992-01-04,84353.42,F,5-LOW,Customer#000042367,MACHINERY,CHINA,ASIA
1727941,1992-01-04,204815.12,F,5-LOW,Customer#000147142,FURNITURE,RUSSIA,EUROPE
2877959,1992-01-04,207616.77,F,3-MEDIUM,Customer#000017590,BUILDING,JORDAN,MIDDLE EAST
1484995,1992-01-04,197235.67,F,5-LOW,Customer#000039116,BUILDING,IRAN,MIDDLE EAST
3871685,1992-01-04,163030.55,F,1-URGENT,Customer#000078013,AUTOMOBILE,CHINA,ASIA
4106503,1992-01-04,154740.98,F,1-URGENT,Customer#000115894,AUTOMOBILE,SAUDI ARABIA,MIDDLE EAST
43494,1992-01-04,110243.59,F,3-MEDIUM,Customer#000091192,FURNITURE,INDIA,ASIA
280641,1992-01-04,73496.67,F,3-MEDIUM,Customer#000067216,BUILDING,MOROCCO,AFRICA
3688803,1992-01-04,127527.99,F,2-HIGH,Customer#000018805,FURNITURE,PERU,AMERICA
3830214,1992-01-04,285576.99,F,4-NOT SPECIFIED,Customer#000094838,HOUSEHOLD,INDONESIA,ASIA
3830722,1992-01-04,47357.37,F,1-URGENT,Customer#000061120,BUILDING,ROMANIA,EUROPE
3906785,1992-01-04,231259.62,F,3-MEDIUM,Customer#000095813,MACHINERY,IRAN,MIDDLE EAST
783842,1992-01-04,219501.94,F,1-URGENT,Customer#000076102,AUTOMOBILE,GERMANY,EUROPE
1259044,1992-01-04,81561.79,F,3-MEDIUM,Customer#000093049,BUILDING,CANADA,AMERICA
4067238,1992-01-04,157589.85,F,5-LOW,Customer#000120971,AUTOMOBILE,UNITED KINGDOM,EUROPE
4123367,1992-01-04,139184.69,F,4-NOT SPECIFIED,Customer#000104611,HOUSEHOLD,MOROCCO,AFRICA
1073799,1992-01-04,68345.62,F,1-URGENT,Customer#000004540,BUILDING,FRANCE,EUROPE
4547364,1992-01-04,178145.70,F,2-HIGH,Customer#000090433,HOUSEHOLD,INDIA,ASIA
3767648,1992-01-04,208004.66,F,1-URGENT,Customer#000030668,BUILDING,ROMANIA,EUROPE
4750631,1992-01-04,75887.36,F,3-MEDIUM,Customer#000059914,BUILDING,IRAN,MIDDLE EAST
3947365,1992-01-04,107275.07,F,2-HIGH,Customer#000127805,BUILDING,ETHIOPIA,AFRICA
1352032,1992-01-04,253780.93,F,5-LOW,Customer#000125689,MACHINERY,ETHIOPIA,AFRICA
4123396,1992-01-04,52906.79,F,4-NOT SPECIFIED,Customer#000096160,HOUSEHOLD,MOZAMBIQUE,AFRICA
3037184,1992-01-04,202084.64,F,2-HIGH,Customer#000035972,MACHINERY,ETHIOPIA,AFRICA
1190435,1992-01-04,37950.14,F,1-URGENT,Customer#000065443,AUTOMOBILE,GERMANY,EUROPE
1054247,1992-01-04,154716.53,F,2-HIGH,Customer#000091040,HOUSEHOLD,SAUDI ARABIA,MIDDLE EAST
1175879,1992-01-04,10274.76,F,5-LOW,Customer#000083029,FURNITURE,EGYPT,MIDDLE EAST
547968,1992-01-04,64251.58,F,1-URGENT,Customer#000050539,FURNITURE,GERMANY,EUROPE
3868865,1992-01-04,322214.07,F,4-NOT SPECIFIED,Customer#000148138,FURNITURE,FRANCE,EUROPE
3909633,1992-01-04,196996.35,F,1-URGENT,Customer#000107939,FURNITURE,UNITED KINGDOM,EUROPE
1447554,1992-01-04,283993.88,F,1-URGENT,Customer#000075274,MACHINERY,VIETNAM,ASIA
325028,1992-01-04,204704.14,F,5-LOW,Customer#000135707,BUILDING,INDIA,ASIA
307621,1992-01-04,114990.42,F,4-NOT SPECIFIED,Customer#000030298,BUILDING,INDONESIA,ASIA
446085,1992-01-04,167369.87,F,5-LOW,Customer#000025066,FURNITURE,IRAN,MIDDLE EAST
472960,1992-01-04,119797.85,F,2-HIGH,Customer#000070040,FURNITURE,PERU,AMERICA
332674,1992-01-04,191826.06,F,1-URGENT,Customer#000026386,MACHINERY,JAPAN,ASIA
4000,1992-01-04,133466.83,F,5-LOW,Customer#000069568,BUILDING,MOZAMBIQUE,AFRICA
261318,1992-01-04,154625.97,F,3-MEDIUM,Customer#000149135,BUILDING,KENYA,AFRICA
3722112,1992-01-04,263269.11,F,2-HIGH,Customer#000011338,HOUSEHOLD,FRANCE,EUROPE
4051140,1992-01-04,32021.58,F,3-MEDIUM,Customer#000020584,MACHINERY,BRAZIL,AMERICA
4478752,1992-01-04,75220.99,F,1-URGENT,Customer#000147031,AUTOMOBILE,IRAN,MIDDLE EAST
1744353,1992-01-04,112859.10,F,3-MEDIUM,Customer#000108380,MACHINERY,UNITED STATES,AMERICA
4136741,1992-01-04,209444.53,F,5-LOW,Customer#000112453,MACHINERY,ALGERIA,AFRICA
397889,1992-01-04,222063.09,F,2-HIGH,Customer#000067555,HOUSEHOLD,INDONESIA,ASIA
1799075,1992-01-04,355039.58,F,4-NOT SPECIFIED,Customer#000039848,MACHINERY,ETHIOPIA,AFRICA
767942,1992-01-04,394422.29,F,4-NOT SPECIFIED,Customer#000030511,AUTOMOBILE,INDONESIA,ASIA
2703429,1992-01-04,135053.93,F,3-MEDIUM,Customer#000130114,HOUSEHOLD,MOROCCO,AFRICA
1662471,1992-01-04,22055.19,F,3-MEDIUM,Customer#000143896,FURNITURE,SAUDI ARABIA,MIDDLE EAST
2839460,1992-01-04,68172.22,F,5-LOW,Customer#000015494,AUTOMOBILE,CANADA,AMERICA
4012292,1992-01-04,291747.22,F,1-URGENT,Customer#000130891,HOUSEHOLD,ARGENTINA,AMERICA
5663938,1992-01-04,191914.82,F,1-URGENT,Customer#000073187,MACHINERY,KENYA,AFRICA
3742209,1992-01-04,210669.43,F,4-NOT SPECIFIED,Customer#000147608,MACHINERY,GERMANY,EUROPE
4493984,1992-01-04,53995.34,F,5-LOW,Customer#000056668,MACHINERY,INDONESIA,ASIA
2894497,1992-01-04,262094.22,F,5-LOW,Customer#000009715,BUILDING,ARGENTINA,AMERICA
796481,1992-01-04,308304.09,F,3-MEDIUM,Customer#000129712,HOUSEHOLD,ETHIOPIA,AFRICA
2763428,1992-01-04,146948.30,F,2-HIGH,Customer#000041419,AUTOMOBILE,ARGENTINA,AMERICA
5278469,1992-01-04,146241.86,F,4-NOT SPECIFIED,Customer#000089471,FURNITURE,INDONESIA,ASIA
4093734,1992-01-04,326843.49,F,4-NOT SPECIFIED,Customer#000004933,HOUSEHOLD,ETHIOPIA,AFRICA
2483233,1992-01-04,108429.25,F,4-NOT SPECIFIED,Customer#000002593,HOUSEHOLD,RUSSIA,EUROPE
4026695,1992-01-04,248591.01,F,2-HIGH,Customer#000124172,FURNITURE,ARGENTINA,AMERICA
3763365,1992-01-04,129440.29,F,4-NOT SPECIFIED,Customer#000127831,MACHINERY,CANADA,AMERICA
619552,1992-01-04,158127.56,F,5-LOW,Customer#000083575,BUILDING,BRAZIL,AMERICA
1259527,1992-01-04,194127.90,F,1-URGENT,Customer#000134869,MACHINERY,VIETNAM,ASIA
2484327,1992-01-04,134466.55,F,4-NOT SPECIFIED,Customer#000063287,MACHINERY,GERMANY,EUROPE
1251649,1992-01-04,225323.65,F,3-MEDIUM,Customer#000071753,HOUSEHOLD,ROMANIA,EUROPE
2740960,1992-01-04,74188.94,F,2-HIGH,Customer#000043939,AUTOMOBILE,VIETNAM,ASIA
2606535,1992-01-04,223536.66,F,1-URGENT,Customer#000033085,FURNITURE,ROMANIA,EUROPE
2679395,1992-01-04,91858.85,F,3-MEDIUM,Customer#000006350,FURNITURE,INDONESIA,ASIA
2661382,1992-01-04,78663.82,F,3-MEDIUM,Customer#000032602,MACHINERY,IRAN,MIDDLE EAST
5317028,1992-01-04,100673.40,F,3-MEDIUM,Customer#000057409,FURNITURE,KENYA,AFRICA
2807878,1992-01-04,221999.67,F,5-LOW,Customer#000149317,MACHINERY,UNITED STATES,AMERICA
363201,1992-01-04,162429.23,F,4-NOT SPECIFIED,Customer#000112375,AUTOMOBILE,MOROCCO,AFRICA
3853604,1992-01-04,122176.55,F,4-NOT SPECIFIED,Customer#000125063,BUILDING,JAPAN,ASIA
5949506,1992-01-04,102205.30,F,1-URGENT,Customer#000041632,MACHINERY,UNITED STATES,AMERICA
1627046,1992-01-04,164472.72,F,3-MEDIUM,Customer#000037648,AUTOMOBILE,MOROCCO,AFRICA
5484739,1992-01-04,30649.90,F,5-LOW,Customer#000072271,HOUSEHOLD,CHINA,ASIA
3723717,1992-01-04,170871.17,F,1-URGENT,Customer#000025025,BUILDING,ETHIOPIA,AFRICA
874530,1992-01-04,200445.92,F,3-MEDIUM,Customer#000005879,HOUSEHOLD,MOROCCO,AFRICA
2592677,1992-01-04,179043.52,F,5-LOW,Customer#000021602,BUILDING,IRAN,MIDDLE EAST
3910051,1992-01-04,165933.89,F,4-NOT SPECIFIED,Customer#000126434,BUILDING,CHINA,ASIA
3701888,1992-01-04,125676.41,F,2-HIGH,Customer#000026084,AUTOMOBILE,BRAZIL,AMERICA
1213091,1992-01-04,42134.72,F,5-LOW,Customer#000115339,FURNITURE,KENYA,AFRICA
846307,1992-01-04,86421.84,F,3-MEDIUM,Customer#000033754,HOUSEHOLD,BRAZIL,AMERICA
383554,1992-01-04,86716.00,F,1-URGENT,Customer#000142357,AUTOMOBILE,VIETNAM,ASIA
108897,1992-01-04,20006.79,F,4-NOT SPECIFIED,Customer#000070552,FURNITURE,PERU,AMERICA
572772,1992-01-04,148668.71,F,3-MEDIUM,Customer#000133234,FURNITURE,EGYPT,MIDDLE EAST
443495,1992-01-04,52870.06,F,5-LOW,Customer#000009740,FURNITURE,INDIA,ASIA
1431616,1992-01-04,147727.81,F,1-URGENT,Customer#000083083,BUILDING,CANADA,AMERICA
88900,1992-01-04,116718.90,F,2-HIGH,Customer#000019525,BUILDING,UNITED STATES,AMERICA
477925,1992-01-04,76956.25,F,4-NOT SPECIFIED,Customer#000102284,HOUSEHOLD,CHINA,ASIA
483015,1992-01-04,129866.72,F,5-LOW,Customer#000112027,AUTOMOBILE,JAPAN,ASIA
130147,1992-01-04,148645.50,F,4-NOT SPECIFIED,Customer#000088009,MACHINERY,MOROCCO,AFRICA
427719,1992-01-04,122770.41,F,4-NOT SPECIFIED,Customer#000097364,AUTOMOBILE,ALGERIA,AFRICA
354915,1992-01-04,98393.44,F,3-MEDIUM,Customer#000093541,FURNITURE,IRAN,MIDDLE EAST
132837,1992-01-04,140534.46,F,2-HIGH,Customer#000093500,MACHINERY,JAPAN,ASIA
809413,1992-01-04,237101.32,F,1-URGENT,Customer#000129938,BUILDING,ALGERIA,AFRICA
1540289,1992-01-04,134594.01,F,5-LOW,Customer#000147368,MACHINERY,CANADA,AMERICA
288868,1992-01-04,92160.45,F,1-URGENT,Customer#000092227,HOUSEHOLD,IRAQ,MIDDLE EAST
4689063,1992-01-04,232052.41,F,1-URGENT,Customer#000114133,MACHINERY,UNITED KINGDOM,EUROPE
385024,1992-01-04,293288.68,F,5-LOW,Customer#000052192,MACHINERY,GERMANY,EUROPE
4551463,1992-01-04,302493.43,F,2-HIGH,Customer#000106762,FURNITURE,CHINA,ASIA
4251974,1992-01-04,136466.50,F,3-MEDIUM,Customer#000051847,FURNITURE,MOROCCO,AFRICA
4523490,1992-01-04,102121.11,F,1-URGENT,Customer#000134908,FURNITURE,RUSSIA,EUROPE
229095,1992-01-04,279929.64,F,5-LOW,Customer#000103936,AUTOMOBILE,UNITED STATES,AMERICA
4649955,1992-01-04,145735.33,F,4-NOT SPECIFIED,Customer#000037012,BUILDING,VIETNAM,ASIA
1562245,1992-01-04,178705.59,F,4-NOT SPECIFIED,Customer#000079423,AUTOMOBILE,CANADA,AMERICA
1889061,1992-01-04,82593.67,F,3-MEDIUM,Customer#000061793,BUILDING,ALGERIA,AFRICA
5892643,1992-01-04,292885.09,F,3-MEDIUM,Customer#000078919,BUILDING,VIETNAM,ASIA
5331877,1992-01-04,13304.04,F,1-URGENT,Customer#000061198,BUILDING,MOZAMBIQUE,AFRICA
1172551,1992-01-04,245754.06,F,2-HIGH,Customer#000073442,HOUSEHOLD,MOZAMBIQUE,AFRICA
3392195,1992-01-04,166062.58,F,2-HIGH,Customer#000014230,BUILDING,CHINA,ASIA
3553953,1992-01-04,1443.45,F,4-NOT SPECIFIED,Customer#000127819,AUTOMOBILE,CHINA,ASIA
422113,1992-01-04,39572.59,F,4-NOT SPECIFIED,Customer#000006773,BUILDING,GERMANY,EUROPE
1453888,1992-01-04,213194.33,F,4-NOT SPECIFIED,Customer#000129040,MACHINERY,FRANCE,EUROPE
1188999,1992-01-04,46016.90,F,2-HIGH,Customer#000102613,BUILDING,RUSSIA,EUROPE
665953,1992-01-04,68484.90,F,3-MEDIUM,Customer#000048052,AUTOMOBILE,CHINA,ASIA
771847,1992-01-04,50800.00,F,4-NOT SPECIFIED,Customer#000140896,BUILDING,MOROCCO,AFRICA
5139045,1992-01-04,87651.09,F,4-NOT SPECIFIED,Customer#000104116,MACHINERY,MOROCCO,AFRICA
5541504,1992-01-04,54856.06,F,5-LOW,Customer#000074264,HOUSEHOLD,JAPAN,ASIA
3344325,1992-01-04,176792.03,F,4-NOT SPECIFIED,Customer#000063199,HOUSEHOLD,CHINA,ASIA
4499681,1992-01-04,120675.05,F,3-MEDIUM,Customer#000043231,MACHINERY,INDIA,ASIA
3678305,1992-01-04,71185.08,F,4-NOT SPECIFIED,Customer#000012905,HOUSEHOLD,MOZAMBIQUE,AFRICA
848512,1992-01-04,201344.65,F,4-NOT SPECIFIED,Customer#000034616,AUTOMOBILE,UNITED STATES,AMERICA
4615783,1992-01-04,226980.76,F,2-HIGH,Customer#000003127,MACHINERY,RUSSIA,EUROPE
5459680,1992-01-04,94711.02,F,5-LOW,Customer#000080810,BUILDING,CHINA,ASIA
5168134,1992-01-04,80776.92,F,4-NOT SPECIFIED,Customer#000043838,AUTOMOBILE,IRAQ,MIDDLE EAST
1079713,1992-01-04,171939.00,F,1-URGENT,Customer#000057029,HOUSEHOLD,JORDAN,MIDDLE EAST
3832608,1992-01-04,80788.01,F,4-NOT SPECIFIED,Customer#000125212,AUTOMOBILE,FRANCE,EUROPE
3931073,1992-01-04,1200.70,F,3-MEDIUM,Customer#000103849,HOUSEHOLD,CANADA,AMERICA
3738753,1992-01-04,7405.23,F,2-HIGH,Customer#000025747,MACHINERY,UNITED KINGDOM,EUROPE
1733120,1992-01-04,256287.59,F,5-LOW,Customer#000106778,BUILDING,INDIA,ASIA
3473025,1992-01-04,34388.59,F,4-NOT SPECIFIED,Customer#000032017,AUTOMOBILE,ARGENTINA,AMERICA
672039,1992-01-04,57401.33,F,3-MEDIUM,Customer#000012376,AUTOMOBILE,INDONESIA,ASIA
738272,1992-01-04,236256.11,F,4-NOT SPECIFIED,Customer#000138481,MACHINERY,RUSSIA,EUROPE
937285,1992-01-04,59111.02,F,3-MEDIUM,Customer#000041947,FURNITURE,BRAZIL,AMERICA
3819841,1992-01-04,38835.99,F,5-LOW,Customer#000118423,AUTOMOBILE,PERU,AMERICA
3761798,1992-01-04,175037.95,F,2-HIGH,Customer#000027742,BUILDING,ARGENTINA,AMERICA
3745828,1992-01-04,265203.62,F,5-LOW,Customer#000142571,AUTOMOBILE,VIETNAM,ASIA
1480902,1992-01-04,78947.05,F,2-HIGH,Customer#000137252,HOUSEHOLD,IRAQ,MIDDLE EAST
4012039,1992-01-04,112377.29,F,4-NOT SPECIFIED,Customer#000033634,FURNITURE,RUSSIA,EUROPE
1384065,1992-01-04,339219.09,F,5-LOW,Customer#000078358,HOUSEHOLD,CHINA,ASIA
3928132,1992-01-04,124197.15,F,4-NOT SPECIFIED,Customer#000118135,MACHINERY,IRAN,MIDDLE EAST
4156420,1992-01-04,250196.87,F,5-LOW,Customer#000068267,FURNITURE,ETHIOPIA,AFRICA
3554915,1992-01-04,141123.30,F,3-MEDIUM,Customer#000084142,BUILDING,INDIA,ASIA
1503335,1992-01-04,228091.23,F,5-LOW,Customer#000091648,HOUSEHOLD,IRAQ,MIDDLE EAST
1615239,1992-01-04,153039.31,F,3-MEDIUM,Customer#000008393,FURNITURE,JAPAN,ASIA
3846880,1992-01-04,43147.48,F,1-URGENT,Customer#000141944,BUILDING,IRAQ,MIDDLE EAST
1510951,1992-01-04,197039.61,F,1-URGENT,Customer#000065870,MACHINERY,ROMANIA,EUROPE
1266212,1992-01-04,193280.47,F,5-LOW,Customer#000118600,HOUSEHOLD,CANADA,AMERICA
4568704,1992-01-04,35095.47,F,2-HIGH,Customer#000013805,HOUSEHOLD,UNITED KINGDOM,EUROPE
722981,1992-01-04,119541.77,F,1-URGENT,Customer#000118669,HOUSEHOLD,EGYPT,MIDDLE EAST
5109543,1992-01-04,206580.15,F,4-NOT SPECIFIED,Customer#000116570,AUTOMOBILE,CHINA,ASIA
3946342,1992-01-04,68704.34,F,3-MEDIUM,Customer#000036595,BUILDING,INDIA,ASIA
1166980,1992-01-04,74589.63,F,3-MEDIUM,Customer#000006940,HOUSEHOLD,IRAQ,MIDDLE EAST
1574886,1992-01-04,144564.59,F,3-MEDIUM,Customer#000019111,AUTOMOBILE,ARGENTINA,AMERICA
4939719,1992-01-04,209368.87,F,4-NOT SPECIFIED,Customer#000019402,AUTOMOBILE,JAPAN,ASIA
998980,1992-01-04,308932.40,F,1-URGENT,Customer#000053134,AUTOMOBILE,BRAZIL,AMERICA
1172259,1992-01-04,120565.19,F,4-NOT SPECIFIED,Customer#000073921,AUTOMOBILE,FRANCE,EUROPE
939746,1992-01-04,129549.21,F,3-MEDIUM,Customer#000014503,BUILDING,ARGENTINA,AMERICA
1355140,1992-01-04,90159.31,F,5-LOW,Customer#000124007,FURNITURE,CHINA,ASIA
1644774,1992-01-04,257862.25,F,2-HIGH,Customer#000082105,FURNITURE,BRAZIL,AMERICA
5662081,1992-01-04,96578.99,F,4-NOT SPECIFIED,Customer#000008650,AUTOMOBILE,IRAN,MIDDLE EAST
3500928,1992-01-04,164942.23,F,5-LOW,Customer#000025495,BUILDING,GERMANY,EUROPE
5941986,1992-01-04,84508.27,F,5-LOW,Customer#000039511,FURNITURE,SAUDI ARABIA,MIDDLE EAST
3459111,1992-01-04,104984.12,F,2-HIGH,Customer#000025219,FURNITURE,UNITED KINGDOM,EUROPE
5685700,1992-01-04,51078.57,F,5-LOW,Customer#000116806,MACHINERY,JAPAN,ASIA
5375108,1992-01-04,161246.76,F,2-HIGH,Customer#000004604,FURNITURE,BRAZIL,AMERICA
5613411,1992-01-04,252536.67,F,5-LOW,Customer#000052294,AUTOMOBILE,BRAZIL,AMERICA
3043303,1992-01-04,174374.83,F,2-HIGH,Customer#000135016,MACHINERY,IRAN,MIDDLE EAST
5035872,1992-01-04,179277.73,F,3-MEDIUM,Customer#000068936,AUTOMOBILE,RUSSIA,EUROPE
3411463,1992-01-04,58005.69,F,3-MEDIUM,Customer#000047969,BUILDING,ALGERIA,AFRICA
3342051,1992-01-04,72183.87,F,3-MEDIUM,Customer#000073243,HOUSEHOLD,IRAN,MIDDLE EAST
3152482,1992-01-04,170350.59,F,4-NOT SPECIFIED,Customer#000084374,HOUSEHOLD,VIETNAM,ASIA
5037152,1992-01-04,179916.37,F,5-LOW,Customer#000072943,FURNITURE,JORDAN,MIDDLE EAST
5191591,1992-01-04,175663.69,F,1-URGENT,Customer#000109366,BUILDING,INDONESIA,ASIA
5108966,1992-01-04,99591.50,F,2-HIGH,Customer#000137545,FURNITURE,BRAZIL,AMERICA
5504132,1992-01-04,139305.52,F,5-LOW,Customer#000022099,MACHINERY,ALGERIA,AFRICA
943399,1992-01-04,131856.80,F,2-HIGH,Customer#000026341,AUTOMOBILE,RUSSIA,EUROPE
5540067,1992-01-04,94578.77,F,2-HIGH,Customer#000046624,FURNITURE,RUSSIA,EUROPE
4896064,1992-01-04,86585.95,F,2-HIGH,Customer#000127246,AUTOMOBILE,CANADA,AMERICA
745703,1992-01-04,155385.64,F,2-HIGH,Customer#000027725,AUTOMOBILE,FRANCE,EUROPE
1417057,1992-01-04,313942.85,F,4-NOT SPECIFIED,Customer#000087374,BUILDING,GERMANY,EUROPE
3734976,1992-01-04,232664.27,F,4-NOT SPECIFIED,Customer#000094562,BUILDING,VIETNAM,ASIA
1779330,1992-01-04,10455.90,F,4-NOT SPECIFIED,Customer#000002455,AUTOMOBILE,GERMANY,EUROPE
1275074,1992-01-04,103264.84,F,1-URGENT,Customer#000142094,AUTOMOBILE,VIETNAM,ASIA
1241511,1992-01-04,24559.25,F,4-NOT SPECIFIED,Customer#000021838,MACHINERY,CANADA,AMERICA
1567110,1992-01-04,294452.86,F,5-LOW,Customer#000083236,BUILDING,SAUDI ARABIA,MIDDLE EAST
5149249,1992-01-04,215849.32,F,2-HIGH,Customer#000004102,MACHINERY,KENYA,AFRICA
4352356,1992-01-04,159702.42,F,1-URGENT,Customer#000099586,HOUSEHOLD,ROMANIA,EUROPE
4906438,1992-01-04,171721.25,F,5-LOW,Customer#000080032,MACHINERY,ARGENTINA,AMERICA
4306790,1992-01-04,162650.06,F,5-LOW,Customer#000034057,MACHINERY,FRANCE,EUROPE
5630176,1992-01-04,140406.66,F,3-MEDIUM,Customer#000081016,BUILDING,JORDAN,MIDDLE EAST
5195681,1992-01-04,241154.85,F,5-LOW,Customer#000070450,AUTOMOBILE,FRANCE,EUROPE
653027,1992-01-04,49201.51,F,4-NOT SPECIFIED,Customer#000134845,HOUSEHOLD,KENYA,AFRICA
3233988,1992-01-04,120019.25,F,4-NOT SPECIFIED,Customer#000045019,MACHINERY,UNITED KINGDOM,EUROPE
5284960,1992-01-04,85732.95,F,1-URGENT,Customer#000143999,BUILDING,PERU,AMERICA
3720039,1992-01-04,120129.43,F,5-LOW,Customer#000035140,MACHINERY,IRAN,MIDDLE EAST
1698435,1992-01-04,8048.79,F,4-NOT SPECIFIED,Customer#000039506,BUILDING,SAUDI ARABIA,MIDDLE EAST
5117184,1992-01-04,68199.82,F,2-HIGH,Customer#000082286,AUTOMOBILE,PERU,AMERICA
4494342,1992-01-04,164365.72,F,2-HIGH,Customer#000088322,FURNITURE,CHINA,ASIA
875905,1992-01-04,213884.68,F,3-MEDIUM,Customer#000024970,MACHINERY,EGYPT,MIDDLE EAST
4322436,1992-01-04,80122.36,F,5-LOW,Customer#000016916,HOUSEHOLD,RUSSIA,EUROPE
4722434,1992-01-04,22568.28,F,1-URGENT,Customer#000004534,FURNITURE,IRAN,MIDDLE EAST
4225826,1992-01-04,57204.06,F,5-LOW,Customer#000115618,MACHINERY,INDIA,ASIA
4710019,1992-01-04,127461.60,F,2-HIGH,Customer#000031982,MACHINERY,INDONESIA,ASIA
4247367,1992-01-04,12703.53,F,5-LOW,Customer#000082243,MACHINERY,IRAQ,MIDDLE EAST
1024448,1992-01-04,339639.31,F,3-MEDIUM,Customer#000059980,FURNITURE,IRAQ,MIDDLE EAST
726663,1992-01-04,249379.37,F,2-HIGH,Customer#000069683,HOUSEHOLD,MOZAMBIQUE,AFRICA
4466919,1992-01-04,20137.53,F,3-MEDIUM,Customer#000146551,MACHINERY,ROMANIA,EUROPE
4712102,1992-01-04,106059.79,F,1-URGENT,Customer#000103583,BUILDING,GERMANY,EUROPE
4796518,1992-01-04,202635.55,F,1-URGENT,Customer#000028933,FURNITURE,ALGERIA,AFRICA
1172039,1992-01-04,102831.30,F,3-MEDIUM,Customer#000023633,AUTOMOBILE,PERU,AMERICA
3062336,1992-01-04,338217.40,F,3-MEDIUM,Customer#000112801,BUILDING,IRAQ,MIDDLE EAST
3228288,1992-01-04,180491.30,F,5-LOW,Customer#000133891,MACHINERY,JORDAN,MIDDLE EAST
705443,1992-01-04,231627.34,F,4-NOT SPECIFIED,Customer#000118154,MACHINERY,ROMANIA,EUROPE
699138,1992-01-04,127562.65,F,2-HIGH,Customer#000006556,AUTOMOBILE,IRAN,MIDDLE EAST
705538,1992-01-04,88754.05,F,3-MEDIUM,Customer#000125773,AUTOMOBILE,KENYA,AFRICA
3497153,1992-01-04,308865.48,F,2-HIGH,Customer#000015562,AUTOMOBILE,UNITED STATES,AMERICA
3124417,1992-01-04,254995.35,F,2-HIGH,Customer#000115217,AUTOMOBILE,IRAQ,MIDDLE EAST
3273319,1992-01-04,194789.55,F,5-LOW,Customer#000124595,BUILDING,CANADA,AMERICA
3450020,1992-01-04,128411.62,F,2-HIGH,Customer#000016331,MACHINERY,INDONESIA,ASIA
3548868,1992-01-04,53434.46,F,5-LOW,Customer#000046801,MACHINERY,IRAN,MIDDLE EAST
3152739,1992-01-04,171238.48,F,5-LOW,Customer#000085205,AUTOMOBILE,JAPAN,ASIA
3160452,1992-01-04,235029.07,F,4-NOT SPECIFIED,Customer#000041290,HOUSEHOLD,MOZAMBIQUE,AFRICA
3350022,1992-01-04,37904.94,F,1-URGENT,Customer#000005180,MACHINERY,RUSSIA,EUROPE
3021730,1992-01-04,70421.57,F,5-LOW,Customer#000096793,FURNITURE,RUSSIA,EUROPE
3159845,1992-01-04,153106.43,F,5-LOW,Customer#000087541,AUTOMOBILE,BRAZIL,AMERICA
3086693,1992-01-04,162412.55,F,2-HIGH,Customer#000074131,MACHINERY,CANADA,AMERICA
3523457,1992-01-04,56639.88,F,4-NOT SPECIFIED,Customer#000078244,FURNITURE,CHINA,ASIA
3532834,1992-01-04,25122.77,F,4-NOT SPECIFIED,Customer#000126466,FURNITURE,INDIA,ASIA
3164835,1992-01-04,245027.98,F,4-NOT SPECIFIED,Customer#000021781,MACHINERY,ROMANIA,EUROPE
3396643,1992-01-04,98611.43,F,4-NOT SPECIFIED,Customer#000020305,MACHINERY,VIETNAM,ASIA
3275879,1992-01-04,242285.39,F,2-HIGH,Customer#000145333,HOUSEHOLD,KENYA,AFRICA
3363040,1992-01-04,189234.69,F,5-LOW,Customer#000149143,HOUSEHOLD,INDIA,ASIA
3028578,1992-01-04,152377.14,F,4-NOT SPECIFIED,Customer#000121064,FURNITURE,KENYA,AFRICA
4634756,1992-01-04,245686.92,F,5-LOW,Customer#000117199,AUTOMOBILE,ALGERIA,AFRICA
3502756,1992-01-04,39805.15,F,4-NOT SPECIFIED,Customer#000096439,FURNITURE,EGYPT,MIDDLE EAST
3270913,1992-01-04,69185.88,F,4-NOT SPECIFIED,Customer#000062663,MACHINERY,ETHIOPIA,AFRICA
909282,1992-01-04,297122.34,F,1-URGENT,Customer#000083225,HOUSEHOLD,EGYPT,MIDDLE EAST
1030624,1992-01-04,247717.46,F,2-HIGH,Customer#000041444,HOUSEHOLD,FRANCE,EUROPE
3370369,1992-01-04,98502.06,F,1-URGENT,Customer#000044611,FURNITURE,ETHIOPIA,AFRICA
3225831,1992-01-04,196990.30,F,1-URGENT,Customer#000080074,HOUSEHOLD,GERMANY,EUROPE
1550117,1992-01-04,69510.02,F,1-URGENT,Customer#000055207,MACHINERY,VIETNAM,ASIA
1427237,1992-01-04,14662.72,F,4-NOT SPECIFIED,Customer#000111691,BUILDING,CHINA,ASIA
802693,1992-01-04,223240.47,F,1-URGENT,Customer#000092795,AUTOMOBILE,GERMANY,EUROPE
1606468,1992-01-04,3156.67,F,5-LOW,Customer#000108163,BUILDING,ROMANIA,EUROPE
4223586,1992-01-04,91389.80,F,2-HIGH,Customer#000141293,BUILDING,BRAZIL,AMERICA
3323747,1992-01-05,122086.24,F,4-NOT SPECIFIED,Customer#000038701,AUTOMOBILE,ROMANIA,EUROPE
3121895,1992-01-05,201221.72,F,2-HIGH,Customer#000025214,MACHINERY,INDONESIA,ASIA
1144071,1992-01-05,132434.82,F,3-MEDIUM,Customer#000057682,BUILDING,JAPAN,ASIA
3547427,1992-01-05,276167.16,F,2-HIGH,Customer#000066800,FURNITURE,UNITED STATES,AMERICA
3005155,1992-01-05,262491.84,F,1-URGENT,Customer#000030517,HOUSEHOLD,JAPAN,ASIA
979716,1992-01-05,108560.49,F,3-MEDIUM,Customer#000109090,HOUSEHOLD,CHINA,ASIA
5589635,1992-01-05,39943.90,F,3-MEDIUM,Customer#000068443,AUTOMOBILE,ETHIOPIA,AFRICA
4717764,1992-01-05,201349.50,F,2-HIGH,Customer#000000407,MACHINERY,ARGENTINA,AMERICA
4420100,1992-01-05,94178.46,F,2-HIGH,Customer#000040411,AUTOMOBILE,UNITED STATES,AMERICA
5369636,1992-01-05,37806.99,F,1-URGENT,Customer#000091060,AUTOMOBILE,UNITED STATES,AMERICA
329699,1992-01-05,107367.43,F,1-URGENT,Customer#000088792,BUILDING,IRAN,MIDDLE EAST
5066150,1992-01-05,199372.68,F,4-NOT SPECIFIED,Customer#000038386,BUILDING,MOROCCO,AFRICA
5368768,1992-01-05,319592.15,F,4-NOT SPECIFIED,Customer#000024070,HOUSEHOLD,CHINA,ASIA
5030977,1992-01-05,230656.81,F,5-LOW,Customer#000005270,HOUSEHOLD,SAUDI ARABIA,MIDDLE EAST
2952357,1992-01-05,103773.92,F,1-URGENT,Customer#000098419,HOUSEHOLD,CANADA,AMERICA
2460706,1992-01-05,155366.69,F,2-HIGH,Customer#000027736,AUTOMOBILE,FRANCE,EUROPE
2438694,1992-01-05,304703.57,F,4-NOT SPECIFIED,Customer#000112405,HOUSEHOLD,INDIA,ASIA
5360064,1992-01-05,38537.83,F,3-MEDIUM,Customer#000130943,HOUSEHOLD,SAUDI ARABIA,MIDDLE EAST
5204166,1992-01-05,178267.99,F,3-MEDIUM,Customer#000054211,AUTOMOBILE,ALGERIA,AFRICA
4807650,1992-01-05,119898.23,F,2-HIGH,Customer#000144262,FURNITURE,INDONESIA,ASIA
5121824,1992-01-05,60783.34,F,1-URGENT,Customer#000134764,MACHINERY,JORDAN,MIDDLE EAST
5241735,1992-01-05,196181.08,F,1-URGENT,Customer#000141058,MACHINERY,ROMANIA,EUROPE
4352646,1992-01-05,70006.37,F,3-MEDIUM,Customer#000084565,HOUSEHOLD,CANADA,AMERICA
5139778,1992-01-05,184930.57,F,4-NOT SPECIFIED,Customer#000093199,FURNITURE,ROMANIA,EUROPE
4278822,1992-01-05,110986.76,F,5-LOW,Customer#000043303,FURNITURE,JAPAN,ASIA
3607040,1992-01-05,40055.75,F,1-URGENT,Customer#000038203,FURNITURE,PERU,AMERICA
4009060,1992-01-05,186563.95,F,3-MEDIUM,Customer#000148787,MACHINERY,IRAN,MIDDLE EAST
1701667,1992-01-05,136626.03,F,4-NOT SPECIFIED,Customer#000124786,BUILDING,MOROCCO,AFRICA
3873573,1992-01-05,150968.91,F,5-LOW,Customer#000146420,HOUSEHOLD,GERMANY,EUROPE
1680772,1992-01-05,258778.09,F,1-URGENT,Customer#000017593,BUILDING,VIETNAM,ASIA
4127872,1992-01-05,251506.21,F,2-HIGH,Customer#000127112,HOUSEHOLD,ETHIOPIA,AFRICA
5788578,1992-01-05,71304.22,F,3-MEDIUM,Customer#000091162,AUTOMOBILE,JAPAN,ASIA
1796551,1992-01-05,306722.38,F,5-LOW,Customer#000078223,BUILDING,EGYPT,MIDDLE EAST
5312517,1992-01-05,279813.63,F,4-NOT SPECIFIED,Customer#000004324,HOUSEHOLD,UNITED KINGDOM,EUROPE
5927553,1992-01-05,237322.27,F,3-MEDIUM,Customer#000030889,MACHINERY,IRAN,MIDDLE EAST
1777632,1992-01-05,130230.45,F,3-MEDIUM,Customer#000097901,AUTOMOBILE,UNITED STATES,AMERICA
3665792,1992-01-05,284946.41,F,4-NOT SPECIFIED,Customer#000003281,AUTOMOBILE,IRAQ,MIDDLE EAST
1400387,1992-01-05,71145.22,F,1-URGENT,Customer#000014518,BUILDING,ARGENTINA,AMERICA
259751,1992-01-05,50367.71,F,3-MEDIUM,Customer#000087802,FURNITURE,JAPAN,ASIA
4911936,1992-01-05,308636.64,F,2-HIGH,Customer#000102976,BUILDING,INDIA,ASIA
5426948,1992-01-05,71548.65,F,2-HIGH,Customer#000028513,FURNITURE,ROMANIA,EUROPE
1221507,1992-01-05,94412.38,F,5-LOW,Customer#000057104,HOUSEHOLD,MOZAMBIQUE,AFRICA
5518850,1992-01-05,36388.73,F,5-LOW,Customer#000034823,BUILDING,PERU,AMERICA
5688263,1992-01-05,125827.27,F,3-MEDIUM,Customer#000023794,MACHINERY,ETHIOPIA,AFRICA
5413989,1992-01-05,270179.94,F,5-LOW,Customer#000073351,AUTOMOBILE,EGYPT,MIDDLE EAST
4520964,1992-01-05,120957.29,F,1-URGENT,Customer#000099523,BUILDING,MOROCCO,AFRICA
1273735,1992-01-05,4626.48,F,2-HIGH,Customer#000055126,BUILDING,JORDAN,MIDDLE EAST
4192864,1992-01-05,144966.58,F,5-LOW,Customer#000007453,MACHINERY,FRANCE,EUROPE
804486,1992-01-05,227776.75,F,2-HIGH,Customer#000054853,HOUSEHOLD,CANADA,AMERICA
5494246,1992-01-05,197062.34,F,4-NOT SPECIFIED,Customer#000023692,BUILDING,GERMANY,EUROPE
1066817,1992-01-05,144930.46,F,5-LOW,Customer#000102022,AUTOMOBILE,INDONESIA,ASIA
583171,1992-01-05,57801.75,F,3-MEDIUM,Customer#000149860,MACHINERY,MOZAMBIQUE,AFRICA
3901703,1992-01-05,102626.89,F,3-MEDIUM,Customer#000015094,FURNITURE,CHINA,ASIA
2237669,1992-01-05,82273.10,F,5-LOW,Customer#000074108,AUTOMOBILE,JAPAN,ASIA
3730662,1992-01-05,261148.86,F,2-HIGH,Customer#000090469,BUILDING,CANADA,AMERICA
3362624,1992-01-05,170844.56,F,2-HIGH,Customer#000079528,FURNITURE,UNITED STATES,AMERICA
3384870,1992-01-05,238941.83,F,1-URGENT,Customer#000145181,BUILDING,UNITED KINGDOM,EUROPE
3416199,1992-01-05,172085.63,F,1-URGENT,Customer#000089062,HOUSEHOLD,BRAZIL,AMERICA
3490372,1992-01-05,152486.26,F,1-URGENT,Customer#000121775,FURNITURE,INDONESIA,ASIA
3162021,1992-01-05,206888.77,F,4-NOT SPECIFIED,Customer#000102943,BUILDING,SAUDI ARABIA,MIDDLE EAST
3586917,1992-01-05,128178.64,F,4-NOT SPECIFIED,Customer#000062045,FURNITURE,UNITED STATES,AMERICA
3571265,1992-01-05,265973.83,F,1-URGENT,Customer#000028279,HOUSEHOLD,CANADA,AMERICA
3060545,1992-01-05,71442.15,F,4-NOT SPECIFIED,Customer#000005957,BUILDING,BRAZIL,AMERICA
3576358,1992-01-05,233385.02,F,4-NOT SPECIFIED,Customer#000097028,MACHINERY,FRANCE,EUROPE
3120294,1992-01-05,75104.87,F,4-NOT SPECIFIED,Customer#000114268,BUILDING,BRAZIL,AMERICA
3061189,1992-01-05,202865.06,F,5-LOW,Customer#000044360,BUILDING,BRAZIL,AMERICA
4979879,1992-01-05,55227.38,F,5-LOW,Customer#000057181,FURNITURE,EGYPT,MIDDLE EAST
2115492,1992-01-05,40802.90,F,5-LOW,Customer#000031757,FURNITURE,ALGERIA,AFRICA
2828037,1992-01-05,132215.45,F,2-HIGH,Customer#000135631,BUILDING,INDONESIA,ASIA
2049414,1992-01-05,132980.12,F,1-URGENT,Customer#000071311,HOUSEHOLD,CANADA,AMERICA
2798725,1992-01-05,51756.57,F,1-URGENT,Customer#000048404,HOUSEHOLD,PERU,AMERICA
2439495,1992-01-05,144079.46,F,2-HIGH,Customer#000126017,MACHINERY,KENYA,AFRICA
2779141,1992-01-05,152632.17,F,2-HIGH,Customer#000114817,BUILDING,ETHIOPIA,AFRICA
2587111,1992-01-05,35006.44,F,2-HIGH,Customer#000114632,AUTOMOBILE,ALGERIA,AFRICA
2727042,1992-01-05,37151.21,F,5-LOW,Customer#000049192,HOUSEHOLD,ALGERIA,AFRICA
2508737,1992-01-05,177519.21,F,1-URGENT,Customer#000096466,BUILDING,IRAQ,MIDDLE EAST
2552033,1992-01-05,95737.38,F,5-LOW,Customer#000093508,AUTOMOBILE,ROMANIA,EUROPE
2759396,1992-01-05,161491.92,F,4-NOT SPECIFIED,Customer#000047263,AUTOMOBILE,IRAN,MIDDLE EAST
2830279,1992-01-05,268463.42,F,2-HIGH,Customer#000040603,FURNITURE,INDIA,ASIA
2634212,1992-01-05,290781.57,F,3-MEDIUM,Customer#000025238,FURNITURE,MOZAMBIQUE,AFRICA
2668994,1992-01-05,230918.39,F,5-LOW,Customer#000074621,FURNITURE,MOROCCO,AFRICA
2473093,1992-01-05,264191.87,F,2-HIGH,Customer#000046405,HOUSEHOLD,INDONESIA,ASIA
2755200,1992-01-05,37189.02,F,1-URGENT,Customer#000007156,AUTOMOBILE,FRANCE,EUROPE
938721,1992-01-05,360047.11,F,4-NOT SPECIFIED,Customer#000062048,FURNITURE,ROMANIA,EUROPE
2544068,1992-01-05,231492.44,F,4-NOT SPECIFIED,Customer#000146984,HOUSEHOLD,MOZAMBIQUE,AFRICA
2094371,1992-01-05,246100.80,F,5-LOW,Customer#000014246,FURNITURE,BRAZIL,AMERICA
2653925,1992-01-05,258409.40,F,3-MEDIUM,Customer#000086506,FURNITURE,IRAN,MIDDLE EAST
3400706,1992-01-05,313502.96,F,3-MEDIUM,Customer#000115069,MACHINERY,RUSSIA,EUROPE
2053088,1992-01-05,158196.22,F,5-LOW,Customer#000063982,AUTOMOBILE,CANADA,AMERICA
404963,1992-01-05,256220.78,F,4-NOT SPECIFIED,Customer#000098306,FURNITURE,JAPAN,ASIA
2644451,1992-01-05,74032.18,F,2-HIGH,Customer#000059155,AUTOMOBILE,SAUDI ARABIA,MIDDLE EAST
4564612,1992-01-05,6197.93,F,2-HIGH,Customer#000097417,FURNITURE,UNITED STATES,AMERICA
2764641,1992-01-05,249932.16,F,1-URGENT,Customer#000044620,FURNITURE,ROMANIA,EUROPE
615172,1992-01-05,62524.30,F,4-NOT SPECIFIED,Customer#000129634,FURNITURE,IRAQ,MIDDLE EAST
5878306,1992-01-05,96611.81,F,5-LOW,Customer#000101287,BUILDING,BRAZIL,AMERICA
2632805,1992-01-05,136313.13,F,5-LOW,Customer#000038036,MACHINERY,ETHIOPIA,AFRICA
2981223,1992-01-05,55769.96,F,4-NOT SPECIFIED,Customer#000100775,HOUSEHOLD,RUSSIA,EUROPE
5106823,1992-01-05,222480.35,F,5-LOW,Customer#000083714,AUTOMOBILE,ALGERIA,AFRICA
2713031,1992-01-05,199536.43,F,5-LOW,Customer#000026003,FURNITURE,EGYPT,MIDDLE EAST
2837860,1992-01-05,96799.32,F,1-URGENT,Customer#000148954,FURNITURE,JORDAN,MIDDLE EAST
274656,1992-01-05,116327.79,F,4-NOT SPECIFIED,Customer#000097423,AUTOMOBILE,JORDAN,MIDDLE EAST
3805763,1992-01-05,37929.22,F,1-URGENT,Customer#000056486,MACHINERY,VIETNAM,ASIA
2420545,1992-01-05,209601.03,F,5-LOW,Customer#000117260,AUTOMOBILE,MOROCCO,AFRICA
3839365,1992-01-05,216507.22,F,2-HIGH,Customer#000091510,FURNITURE,SAUDI ARABIA,MIDDLE EAST
292964,1992-01-05,160223.39,F,1-URGENT,Customer#000033425,FURNITURE,IRAN,MIDDLE EAST
2511009,1992-01-05,71828.21,F,4-NOT SPECIFIED,Customer#000024619,AUTOMOBILE,ETHIOPIA,AFRICA
1354817,1992-01-05,51211.40,F,2-HIGH,Customer#000103738,BUILDING,UNITED KINGDOM,EUROPE
4315746,1992-01-05,85552.55,F,5-LOW,Customer#000034603,FURNITURE,RUSSIA,EUROPE
1116708,1992-01-05,190242.26,F,4-NOT SPECIFIED,Customer#000077120,HOUSEHOLD,UNITED STATES,AMERICA
2912262,1992-01-05,71651.40,F,4-NOT SPECIFIED,Customer#000077515,BUILDING,JAPAN,ASIA
968775,1992-01-05,241087.82,F,5-LOW,Customer#000010672,BUILDING,KENYA,AFRICA
3384292,1992-01-05,182327.86,F,5-LOW,Customer#000001159,HOUSEHOLD,BRAZIL,AMERICA
3923268,1992-01-05,315042.05,F,3-MEDIUM,Customer#000102542,BUILDING,MOROCCO,AFRICA
914662,1992-01-05,112775.21,F,2-HIGH,Customer#000061063,HOUSEHOLD,SAUDI ARABIA,MIDDLE EAST
3625156,1992-01-05,10828.33,F,1-URGENT,Customer#000047318,MACHINERY,INDONESIA,ASIA
913024,1992-01-05,297822.92,F,2-HIGH,Customer#000002620,FURNITURE,CHINA,ASIA
4840992,1992-01-05,282332.84,F,2-HIGH,Customer#000124306,HOUSEHOLD,PERU,AMERICA
117191,1992-01-05,209233.55,F,3-MEDIUM,Customer#000087935,MACHINERY,SAUDI ARABIA,MIDDLE EAST
2319558,1992-01-05,261620.51,F,3-MEDIUM,Customer#000056164,BUILDING,RUSSIA,EUROPE
5727205,1992-01-05,240985.96,F,2-HIGH,Customer#000089653,BUILDING,BRAZIL,AMERICA
2715140,1992-01-05,341116.06,F,5-LOW,Customer#000018538,FURNITURE,RUSSIA,EUROPE
1505570,1992-01-05,273401.77,F,4-NOT SPECIFIED,Customer#000132781,BUILDING,UNITED STATES,AMERICA
2371206,1992-01-05,164081.88,F,2-HIGH,Customer#000066239,BUILDING,EGYPT,MIDDLE EAST
628805,1992-01-05,83891.46,F,1-URGENT,Customer#000046247,MACHINERY,PERU,AMERICA
5527844,1992-01-05,178099.47,F,4-NOT SPECIFIED,Customer#000073651,MACHINERY,FRANCE,EUROPE
4959424,1992-01-05,245972.03,F,1-URGENT,Customer#000127984,MACHINERY,MOROCCO,AFRICA
5536998,1992-01-05,178910.11,F,2-HIGH,Customer#000062849,HOUSEHOLD,PERU,AMERICA
2571169,1992-01-05,132802.94,F,3-MEDIUM,Customer#000099583,MACHINERY,ARGENTINA,AMERICA
2484678,1992-01-05,107258.71,F,5-LOW,Customer#000018857,HOUSEHOLD,JORDAN,MIDDLE EAST
2780643,1992-01-05,161442.62,F,4-NOT SPECIFIED,Customer#000052576,MACHINERY,FRANCE,EUROPE
2954179,1992-01-05,165008.59,F,5-LOW,Customer#000095900,HOUSEHOLD,ARGENTINA,AMERICA
2951520,1992-01-05,224793.08,F,2-HIGH,Customer#000052540,AUTOMOBILE,CHINA,ASIA
601573,1992-01-05,112694.37,F,3-MEDIUM,Customer#000019460,MACHINERY,INDONESIA,ASIA
4839233,1992-01-05,235739.82,F,1-URGENT,Customer#000072532,AUTOMOBILE,BRAZIL,AMERICA
682081,1992-01-05,12417.06,F,4-NOT SPECIFIED,Customer#000137611,AUTOMOBILE,BRAZIL,AMERICA
4370630,1992-01-05,116776.29,F,2-HIGH,Customer#000019465,BUILDING,VIETNAM,ASIA
961248,1992-01-05,286731.62,F,1-URGENT,Customer#000070240,AUTOMOBILE,SAUDI ARABIA,MIDDLE EAST
5113349,1992-01-05,72852.86,F,4-NOT SPECIFIED,Customer#000107302,MACHINERY,VIETNAM,ASIA
5304195,1992-01-05,153064.00,F,3-MEDIUM,Customer#000083101,BUILDING,VIETNAM,ASIA
4930690,1992-01-05,113857.05,F,4-NOT SPECIFIED,Customer#000071113,BUILDING,IRAN,MIDDLE EAST
3607650,1992-01-05,259373.96,F,3-MEDIUM,Customer#000071362,FURNITURE,UNITED STATES,AMERICA
2517122,1992-01-05,131513.44,F,1-URGENT,Customer#000139547,MACHINERY,FRANCE,EUROPE
1450595,1992-01-05,323203.44,F,1-URGENT,Customer#000074758,BUILDING,RUSSIA,EUROPE
4847457,1992-01-05,200153.32,F,2-HIGH,Customer#000147316,HOUSEHOLD,MOROCCO,AFRICA
5424866,1992-01-05,156247.83,F,2-HIGH,Customer#000009925,AUTOMOBILE,IRAQ,MIDDLE EAST
5663366,1992-01-05,66499.15,F,1-URGENT,Customer#000034243,BUILDING,SAUDI ARABIA,MIDDLE EAST
5148261,1992-01-05,122153.39,F,2-HIGH,Customer#000050539,FURNITURE,GERMANY,EUROPE
5792772,1992-01-05,83388.72,F,3-MEDIUM,Customer#000040429,MACHINERY,KENYA,AFRICA
5258113,1992-01-05,118723.35,F,1-URGENT,Customer#000069164,AUTOMOBILE,GERMANY,EUROPE
5322370,1992-01-05,300228.18,F,1-URGENT,Customer#000091850,BUILDING,CHINA,ASIA
5271335,1992-01-05,185613.05,F,4-NOT SPECIFIED,Customer#000067591,MACHINERY,KENYA,AFRICA
815681,1992-01-05,247512.74,F,4-NOT SPECIFIED,Customer#000092470,FURNITURE,FRANCE,EUROPE
2184035,1992-01-05,147854.86,F,2-HIGH,Customer#000098144,HOUSEHOLD,JAPAN,ASIA
2212192,1992-01-05,171552.14,F,2-HIGH,Customer#000116240,BUILDING,ARGENTINA,AMERICA
2314432,1992-01-05,278940.78,F,5-LOW,Customer#000132661,FURNITURE,IRAQ,MIDDLE EAST
5990950,1992-01-05,136950.02,F,4-NOT SPECIFIED,Customer#000037315,BUILDING,MOZAMBIQUE,AFRICA
416230,1992-01-05,44741.01,F,1-URGENT,Customer#000017537,HOUSEHOLD,IRAQ,MIDDLE EAST
5379970,1992-01-05,264833.32,F,4-NOT SPECIFIED,Customer#000058306,FURNITURE,INDONESIA,ASIA
2439589,1992-01-05,73413.86,F,5-LOW,Customer#000133519,HOUSEHOLD,INDIA,ASIA
603111,1992-01-05,184791.68,F,5-LOW,Customer#000138074,FURNITURE,EGYPT,MIDDLE EAST
5193636,1992-01-05,16984.92,F,2-HIGH,Customer#000124456,FURNITURE,JAPAN,ASIA
149441,1992-01-05,154848.18,F,4-NOT SPECIFIED,Customer#000026956,HOUSEHOLD,SAUDI ARABIA,MIDDLE EAST
5424901,1992-01-05,361118.65,F,1-URGENT,Customer#000084401,FURNITURE,MOZAMBIQUE,AFRICA
806596,1992-01-05,55186.66,F,4-NOT SPECIFIED,Customer#000076516,HOUSEHOLD,CANADA,AMERICA
165410,1992-01-05,116401.70,F,4-NOT SPECIFIED,Customer#000131273,BUILDING,INDONESIA,ASIA
460706,1992-01-05,169730.28,F,3-MEDIUM,Customer#000071660,BUILDING,JAPAN,ASIA
5598467,1992-01-05,155374.37,F,1-URGENT,Customer#000058094,BUILDING,ALGERIA,AFRICA
1965798,1992-01-05,156698.53,F,2-HIGH,Customer#000080705,BUILDING,IRAQ,MIDDLE EAST
2739235,1992-01-05,152907.89,F,5-LOW,Customer#000081437,AUTOMOBILE,INDONESIA,ASIA
700258,1992-01-05,158576.42,F,5-LOW,Customer#000045493,FURNITURE,INDIA,ASIA
5268967,1992-01-05,63952.83,F,3-MEDIUM,Customer#000021491,FURNITURE,JORDAN,MIDDLE EAST
2895904,1992-01-05,221458.68,F,3-MEDIUM,Customer#000021202,AUTOMOBILE,JORDAN,MIDDLE EAST
1933026,1992-01-05,237170.29,F,3-MEDIUM,Customer#000123460,MACHINERY,IRAN,MIDDLE EAST
2043521,1992-01-05,227201.60,F,2-HIGH,Customer#000061792,BUILDING,INDIA,ASIA
341063,1992-01-05,46208.02,F,1-URGENT,Customer#000041221,AUTOMOBILE,ETHIOPIA,AFRICA
492711,1992-01-05,199535.40,F,5-LOW,Customer#000083609,HOUSEHOLD,JAPAN,ASIA
4887523,1992-01-05,304522.45,F,3-MEDIUM,Customer#000098842,AUTOMOBILE,EGYPT,MIDDLE EAST
627906,1992-01-05,137592.83,F,1-URGENT,Customer#000021877,MACHINERY,ETHIOPIA,AFRICA
5080513,1992-01-05,239841.16,F,5-LOW,Customer#000011576,BUILDING,RUSSIA,EUROPE
1903302,1992-01-05,345953.99,F,1-URGENT,Customer#000012947,BUILDING,FRANCE,EUROPE
525668,1992-01-05,137441.65,F,4-NOT SPECIFIED,Customer#000010261,FURNITURE,JORDAN,MIDDLE EAST
1882307,1992-01-05,164933.73,F,2-HIGH,Customer#000144721,AUTOMOBILE,JORDAN,MIDDLE EAST
2553126,1992-01-05,206698.18,F,1-URGENT,Customer#000017957,HOUSEHOLD,MOZAMBIQUE,AFRICA
1929511,1992-01-05,225713.65,F,1-URGENT,Customer#000008287,HOUSEHOLD,EGYPT,MIDDLE EAST
1978881,1992-01-05,260123.26,F,5-LOW,Customer#000083236,BUILDING,SAUDI ARABIA,MIDDLE EAST
652386,1992-01-05,115920.50,F,5-LOW,Customer#000048706,BUILDING,JAPAN,ASIA
2093282,1992-01-05,205717.21,F,2-HIGH,Customer#000100828,HOUSEHOLD,GERMANY,EUROPE
2387426,1992-01-05,197829.49,F,1-URGENT,Customer#000115070,BUILDING,UNITED STATES,AMERICA
2047590,1992-01-05,62620.86,F,5-LOW,Customer#000115726,BUILDING,UNITED KINGDOM,EUROPE
2139525,1992-01-05,167722.17,F,5-LOW,Customer#000127793,FURNITURE,EGYPT,MIDDLE EAST
1995845,1992-01-05,161417.04,F,1-URGENT,Customer#000073336,MACHINERY,BRAZIL,AMERICA
606755,1992-01-05,66531.13,F,5-LOW,Customer#000009031,HOUSEHOLD,JORDAN,MIDDLE EAST
4849571,1992-01-05,232730.85,F,1-URGENT,Customer#000112766,AUTOMOBILE,JORDAN,MIDDLE EAST
2293699,1992-01-05,225572.33,F,2-HIGH,Customer#000046013,FURNITURE,BRAZIL,AMERICA
2247139,1992-01-05,240091.10,F,1-URGENT,Customer#000097490,FURNITURE,ROMANIA,EUROPE
1836644,1992-01-05,333839.82,F,4-NOT SPECIFIED,Customer#000012835,FURNITURE,JAPAN,ASIA
160546,1992-01-05,57304.67,F,2-HIGH,Customer#000092632,AUTOMOBILE,MOZAMBIQUE,AFRICA
2353251,1992-01-05,118930.61,F,5-LOW,Customer#000033248,FURNITURE,IRAN,MIDDLE EAST
1840710,1992-01-05,123807.30,F,1-URGENT,Customer#000147706,FURNITURE,VIETNAM,ASIA
2301927,1992-01-05,163636.51,F,4-NOT SPECIFIED,Customer#000122923,MACHINERY,FRANCE,EUROPE
5659621,1992-01-05,241128.80,F,3-MEDIUM,Customer#000133318,HOUSEHOLD,CANADA,AMERICA
2054818,1992-01-05,15202.65,F,1-URGENT,Customer#000057938,AUTOMOBILE,INDONESIA,ASIA
2043459,1992-01-05,101415.52,F,1-URGENT,Customer#000009707,AUTOMOBILE,JORDAN,MIDDLE EAST
977638,1992-01-05,41566.12,F,4-NOT SPECIFIED,Customer#000144536,HOUSEHOLD,UNITED STATES,AMERICA
2014695,1992-01-05,291395.86,F,4-NOT SPECIFIED,Customer#000066763,AUTOMOBILE,MOROCCO,AFRICA
1171716,1992-01-05,154309.75,F,5-LOW,Customer#000142108,FURNITURE,ETHIOPIA,AFRICA
1915010,1992-01-05,211043.21,F,5-LOW,Customer#000048694,MACHINERY,IRAQ,MIDDLE EAST
2387718,1992-01-05,96376.15,F,3-MEDIUM,Customer#000076427,AUTOMOBILE,UNITED STATES,AMERICA
1855139,1992-01-05,99409.81,F,1-URGENT,Customer#000023209,BUILDING,EGYPT,MIDDLE EAST
2172320,1992-01-05,101244.50,F,3-MEDIUM,Customer#000061366,HOUSEHOLD,ALGERIA,AFRICA
1803713,1992-01-05,34554.36,F,3-MEDIUM,Customer#000134273,AUTOMOBILE,ARGENTINA,AMERICA
1873092,1992-01-05,140939.22,F,5-LOW,Customer#000050254,FURNITURE,SAUDI ARABIA,MIDDLE EAST
2030599,1992-01-05,21814.85,F,2-HIGH,Customer#000092170,HOUSEHOLD,PERU,AMERICA
1981536,1992-01-05,126698.95,F,1-URGENT,Customer#000010070,FURNITURE,ETHIOPIA,AFRICA
2281159,1992-01-05,210846.79,F,4-NOT SPECIFIED,Customer#000061208,AUTOMOBILE,PERU,AMERICA
2108838,1992-01-05,229294.65,F,4-NOT SPECIFIED,Customer#000136480,MACHINERY,MOROCCO,AFRICA
1918211,1992-01-05,70955.97,F,5-LOW,Customer#000026603,FURNITURE,CANADA,AMERICA
2281543,1992-01-05,149628.01,F,1-URGENT,Customer#000013762,BUILDING,INDIA,ASIA
2347143,1992-01-05,77951.56,F,4-NOT SPECIFIED,Customer#000039292,FURNITURE,ROMANIA,EUROPE
1803490,1992-01-05,74988.96,F,1-URGENT,Customer#000018755,FURNITURE,IRAN,MIDDLE EAST
768614,1992-01-05,111784.93,F,1-URGENT,Customer#000096230,AUTOMOBILE,SAUDI ARABIA,MIDDLE EAST
3203397,1992-01-05,176820.86,F,4-NOT SPECIFIED,Customer#000057887,MACHINERY,ARGENTINA,AMERICA
834374,1992-01-05,101343.51,F,3-MEDIUM,Customer#000020233,FURNITURE,ROMANIA,EUROPE
2221921,1992-01-05,231587.23,F,5-LOW,Customer#000001783,BUILDING,CANADA,AMERICA
2364677,1992-01-05,259000.70,F,3-MEDIUM,Customer#000005506,MACHINERY,GERMANY,EUROPE
1079812,1992-01-05,116389.58,F,4-NOT SPECIFIED,Customer#000141250,HOUSEHOLD,ALGERIA,AFRICA
2050406,1992-01-05,301966.33,F,1-URGENT,Customer#000106871,AUTOMOBILE,JAPAN,ASIA
875617,1992-01-05,130588.05,F,5-LOW,Customer#000149986,BUILDING,GERMANY,EUROPE
2130789,1992-01-05,79019.32,F,1-URGENT,Customer#000141301,HOUSEHOLD,SAUDI ARABIA,MIDDLE EAST
234022,1992-01-05,179320.71,F,3-MEDIUM,Customer#000106309,MACHINERY,IRAQ,MIDDLE EAST
2397634,1992-01-05,3090.19,F,4-NOT SPECIFIED,Customer#000104639,FURNITURE,MOZAMBIQUE,AFRICA
1917699,1992-01-05,139504.31,F,2-HIGH,Customer#000122482,BUILDING,BRAZIL,AMERICA
2500514,1992-01-05,81328.07,F,3-MEDIUM,Customer#000136969,FURNITURE,ALGERIA,AFRICA
2247619,1992-01-05,64819.31,F,5-LOW,Customer#000115102,FURNITURE,ALGERIA,AFRICA
2366850,1992-01-05,256210.29,F,1-URGENT,Customer#000148207,AUTOMOBILE,JAPAN,ASIA
1908741,1992-01-05,209336.72,F,1-URGENT,Customer#000062590,BUILDING,FRANCE,EUROPE
4196771,1992-01-05,188936.72,F,1-URGENT,Customer#000092755,AUTOMOBILE,GERMANY,EUROPE
4110823,1992-01-05,9483.61,F,3-MEDIUM,Customer#000128239,MACHINERY,VIETNAM,ASIA
5133408,1992-01-05,180738.01,F,3-MEDIUM,Customer#000056677,HOUSEHOLD,CHINA,ASIA
5486663,1992-01-05,230710.61,F,1-URGENT,Customer#000072046,BUILDING,IRAN,MIDDLE EAST
5672320,1992-01-05,25285.85,F,3-MEDIUM,Customer#000039962,AUTOMOBILE,SAUDI ARABIA,MIDDLE EAST
1216038,1992-01-05,150546.37,F,5-LOW,Customer#000106507,AUTOMOBILE,GERMANY,EUROPE
464294,1992-01-05,254974.72,F,3-MEDIUM,Customer#000107330,BUILDING,MOZAMBIQUE,AFRICA
1228294,1992-01-05,46030.79,F,5-LOW,Customer#000079105,HOUSEHOLD,EGYPT,MIDDLE EAST
4267394,1992-01-05,112944.28,F,2-HIGH,Customer#000029738,HOUSEHOLD,GERMANY,EUROPE
1329092,1992-01-05,332236.38,F,5-LOW,Customer#000146249,AUTOMOBILE,IRAQ,MIDDLE EAST
5610051,1992-01-05,166618.17,F,4-NOT SPECIFIED,Customer#000055141,FURNITURE,UNITED KINGDOM,EUROPE
5863879,1992-01-05,250422.99,F,3-MEDIUM,Customer#000039292,FURNITURE,ROMANIA,EUROPE
5372963,1992-01-05,67669.23,F,1-URGENT,Customer#000065341,FURNITURE,PERU,AMERICA
4437187,1992-01-05,125885.96,F,4-NOT SPECIFIED,Customer#000029848,HOUSEHOLD,CHINA,ASIA
4654850,1992-01-05,131247.61,F,4-NOT SPECIFIED,Customer#000117643,HOUSEHOLD,CANADA,AMERICA
4337315,1992-01-05,119291.48,F,3-MEDIUM,Customer#000096829,MACHINERY,ETHIOPIA,AFRICA
3667907,1992-01-05,159665.65,F,1-URGENT,Customer#000119611,BUILDING,KENYA,AFRICA
3866496,1992-01-05,353646.06,F,5-LOW,Customer#000039068,HOUSEHOLD,IRAQ,MIDDLE EAST
3827075,1992-01-05,282747.64,F,3-MEDIUM,Customer#000137482,BUILDING,RUSSIA,EUROPE
4053059,1992-01-05,187331.73,F,4-NOT SPECIFIED,Customer#000000989,AUTOMOBILE,IRAN,MIDDLE EAST
3991296,1992-01-05,115758.79,F,1-URGENT,Customer#000102437,MACHINERY,JORDAN,MIDDLE EAST
4965991,1992-01-05,141732.91,F,2-HIGH,Customer#000028142,FURNITURE,BRAZIL,AMERICA
3845122,1992-01-05,18771.26,F,1-URGENT,Customer#000088216,MACHINERY,UNITED KINGDOM,EUROPE
404480,1992-01-05,74938.92,F,1-URGENT,Customer#000000109,BUILDING,MOZAMBIQUE,AFRICA
4185124,1992-01-05,178777.63,F,4-NOT SPECIFIED,Customer#000127886,MACHINERY,CHINA,ASIA
4067910,1992-01-05,155404.45,F,2-HIGH,Customer#000008386,AUTOMOBILE,MOROCCO,AFRICA
4072292,1992-01-05,67730.95,F,4-NOT SPECIFIED,Customer#000020947,MACHINERY,INDONESIA,ASIA
5527652,1992-01-05,86509.60,F,1-URGENT,Customer#000139402,HOUSEHOLD,PERU,AMERICA
1332615,1992-01-05,28122.39,F,1-URGENT,Customer#000125885,BUILDING,SAUDI ARABIA,MIDDLE EAST
1528868,1992-01-05,102297.89,F,4-NOT SPECIFIED,Customer#000100502,MACHINERY,GERMANY,EUROPE
1401346,1992-01-05,109155.13,F,3-MEDIUM,Customer#000101825,AUTOMOBILE,VIETNAM,ASIA
3846400,1992-01-05,191669.14,F,5-LOW,Customer#000021292,MACHINERY,IRAN,MIDDLE EAST
1351683,1992-01-05,79993.91,F,2-HIGH,Customer#000090076,AUTOMOBILE,JAPAN,ASIA
3872262,1992-01-05,343882.40,F,3-MEDIUM,Customer#000063035,AUTOMOBILE,VIETNAM,ASIA
1608801,1992-01-05,233773.69,F,3-MEDIUM,Customer#000116495,BUILDING,UNITED KINGDOM,EUROPE
3633827,1992-01-05,150441.39,F,3-MEDIUM,Customer#000137878,BUILDING,ETHIOPIA,AFRICA
3830720,1992-01-05,10840.92,F,2-HIGH,Customer#000061390,MACHINERY,INDIA,ASIA
3622055,1992-01-05,59277.60,F,1-URGENT,Customer#000022825,MACHINERY,CHINA,ASIA
2865473,1992-01-05,218549.80,F,3-MEDIUM,Customer#000045280,MACHINERY,ARGENTINA,AMERICA
5332961,1992-01-05,234756.94,F,1-URGENT,Customer#000069916,MACHINERY,ROMANIA,EUROPE
5202918,1992-01-05,206115.13,F,3-MEDIUM,Customer#000068651,BUILDING,JAPAN,ASIA
5754439,1992-01-05,137899.85,F,3-MEDIUM,Customer#000115426,AUTOMOBILE,IRAQ,MIDDLE EAST
449862,1992-01-05,100306.85,F,3-MEDIUM,Customer#000146222,FURNITURE,JORDAN,MIDDLE EAST
7107,1992-01-05,242995.93,F,4-NOT SPECIFIED,Customer#000090740,BUILDING,BRAZIL,AMERICA
81794,1992-01-05,262895.93,F,1-URGENT,Customer#000108908,FURNITURE,ALGERIA,AFRICA
181767,1992-01-05,75334.49,F,2-HIGH,Customer#000067850,BUILDING,BRAZIL,AMERICA
191521,1992-01-05,351135.47,F,4-NOT SPECIFIED,Customer#000096601,MACHINERY,ALGERIA,AFRICA
530500,1992-01-05,185796.05,F,2-HIGH,Customer#000120562,FURNITURE,JORDAN,MIDDLE EAST
597607,1992-01-05,287646.80,F,1-URGENT,Customer#000030919,AUTOMOBILE,INDONESIA,ASIA
290240,1992-01-05,177918.35,F,1-URGENT,Customer#000015590,HOUSEHOLD,MOZAMBIQUE,AFRICA
161347,1992-01-05,15938.74,F,2-HIGH,Customer#000069076,BUILDING,CHINA,ASIA
553924,1992-01-05,37617.27,F,1-URGENT,Customer#000114542,BUILDING,ARGENTINA,AMERICA
4712934,1992-01-05,97770.66,F,5-LOW,Customer#000127912,BUILDING,CANADA,AMERICA
164451,1992-01-05,164925.35,F,3-MEDIUM,Customer#000048301,HOUSEHOLD,FRANCE,EUROPE
198817,1992-01-05,116062.21,F,5-LOW,Customer#000147128,HOUSEHOLD,PERU,AMERICA
445729,1992-01-05,133211.66,F,2-HIGH,Customer#000001525,AUTOMOBILE,ALGERIA,AFRICA
511846,1992-01-05,72801.87,F,2-HIGH,Customer#000043357,FURNITURE,JORDAN,MIDDLE EAST
173188,1992-01-05,149851.40,F,5-LOW,Customer#000053179,FURNITURE,MOROCCO,AFRICA
572708,1992-01-05,110099.53,F,4-NOT SPECIFIED,Customer#000141527,AUTOMOBILE,RUSSIA,EUROPE
44646,1992-01-05,112828.98,F,5-LOW,Customer#000139930,BUILDING,FRANCE,EUROPE
284294,1992-01-05,207320.27,F,4-NOT SPECIFIED,Customer#000115408,AUTOMOBILE,RUSSIA,EUROPE
1561058,1992-01-05,316644.03,F,4-NOT SPECIFIED,Customer#000070652,FURNITURE,ETHIOPIA,AFRICA
425952,1992-01-05,301645.62,F,5-LOW,Customer#000088603,AUTOMOBILE,ROMANIA,EUROPE
6278,1992-01-05,158726.14,F,2-HIGH,Customer#000033628,MACHINERY,CANADA,AMERICA
31555,1992-01-05,89370.28,F,1-URGENT,Customer#000067816,HOUSEHOLD,KENYA,AFRICA
183015,1992-01-05,83502.44,F,5-LOW,Customer#000084350,FURNITURE,ALGERIA,AFRICA
848354,1992-01-05,33225.90,F,2-HIGH,Customer#000010592,AUTOMOBILE,ALGERIA,AFRICA
106371,1992-01-05,85718.08,F,3-MEDIUM,Customer#000061393,HOUSEHOLD,MOZAMBIQUE,AFRICA
5078630,1992-01-05,56011.76,F,1-URGENT,Customer#000049963,HOUSEHOLD,JORDAN,MIDDLE EAST
2316356,1992-01-05,52608.15,F,3-MEDIUM,Customer#000071683,AUTOMOBILE,GERMANY,EUROPE
74215,1992-01-05,50109.83,F,1-URGENT,Customer#000005869,HOUSEHOLD,ALGERIA,AFRICA
2370918,1992-01-05,154945.81,F,1-URGENT,Customer#000098947,BUILDING,VIETNAM,ASIA
5320448,1992-01-05,10914.25,F,3-MEDIUM,Customer#000052300,HOUSEHOLD,GERMANY,EUROPE
5131137,1992-01-05,223252.86,F,3-MEDIUM,Customer#000096394,FURNITURE,EGYPT,MIDDLE EAST
492611,1992-01-05,38897.71,F,2-HIGH,Customer#000085319,HOUSEHOLD,MOZAMBIQUE,AFRICA
1146309,1992-01-05,34897.44,F,4-NOT SPECIFIED,Customer#000015437,FURNITURE,CHINA,ASIA
743910,1992-01-05,90230.91,F,3-MEDIUM,Customer#000147859,FURNITURE,GERMANY,EUROPE
377124,1992-01-05,321473.77,F,5-LOW,Customer#000136015,AUTOMOBILE,INDONESIA,ASIA
898945,1992-01-05,66772.21,F,1-URGENT,Customer#000081643,HOUSEHOLD,INDONESIA,ASIA
4722785,1992-01-05,140259.37,F,4-NOT SPECIFIED,Customer#000021658,AUTOMOBILE,INDIA,ASIA
4340615,1992-01-05,297808.58,F,1-URGENT,Customer#000096034,AUTOMOBILE,UNITED STATES,AMERICA
4414885,1992-01-05,245709.15,F,4-NOT SPECIFIED,Customer#000137527,HOUSEHOLD,MOROCCO,AFRICA
4748065,1992-01-05,259598.46,F,3-MEDIUM,Customer#000071260,BUILDING,JORDAN,MIDDLE EAST
5722432,1992-01-05,166299.82,F,5-LOW,Customer#000079118,MACHINERY,VIETNAM,ASIA
4524324,1992-01-05,347984.05,F,1-URGENT,Customer#000127543,FURNITURE,UNITED KINGDOM,EUROPE
2090725,1992-01-05,215920.72,F,3-MEDIUM,Customer#000100439,MACHINERY,ROMANIA,EUROPE
4273856,1992-01-05,353832.23,F,2-HIGH,Customer#000109831,MACHINERY,UNITED KINGDOM,EUROPE
5800519,1992-01-05,7832.41,F,5-LOW,Customer#000047212,BUILDING,JAPAN,ASIA
4542336,1992-01-05,215684.38,F,1-URGENT,Customer#000049928,FURNITURE,INDIA,ASIA
4307110,1992-01-05,260145.93,F,1-URGENT,Customer#000099832,HOUSEHOLD,PERU,AMERICA
5014275,1992-01-05,142087.27,F,4-NOT SPECIFIED,Customer#000035122,BUILDING,ETHIOPIA,AFRICA
5393735,1992-01-05,2931.72,F,4-NOT SPECIFIED,Customer#000037127,BUILDING,INDIA,ASIA
4272804,1992-01-05,202389.19,F,2-HIGH,Customer#000058423,BUILDING,SAUDI ARABIA,MIDDLE EAST
4585121,1992-01-05,239143.82,F,2-HIGH,Customer#000060569,AUTOMOBILE,UNITED KINGDOM,EUROPE
4783237,1992-01-05,260924.65,F,4-NOT SPECIFIED,Customer#000059006,AUTOMOBILE,ETHIOPIA,AFRICA
4340320,1992-01-05,293645.16,F,1-URGENT,Customer#000130138,BUILDING,VIETNAM,ASIA
4397795,1992-01-05,184924.65,F,5-LOW,Customer#000121129,BUILDING,FRANCE,EUROPE
2786212,1992-01-05,42541.00,F,5-LOW,Customer#000123118,AUTOMOBILE,SAUDI ARABIA,MIDDLE EAST
4406915,1992-01-05,143090.77,F,3-MEDIUM,Customer#000004180,FURNITURE,SAUDI ARABIA,MIDDLE EAST
4542337,1992-01-05,182191.80,F,2-HIGH,Customer#000026404,BUILDING,PERU,AMERICA
810436,1992-01-05,209211.18,F,4-NOT SPECIFIED,Customer#000110290,AUTOMOBILE,UNITED KINGDOM,EUROPE
5111623,1992-01-05,93417.03,F,3-MEDIUM,Customer#000058636,HOUSEHOLD,BRAZIL,AMERICA
788320,1992-01-05,182511.08,F,4-NOT SPECIFIED,Customer#000000994,HOUSEHOLD,MOZAMBIQUE,AFRICA
4796390,1992-01-05,209207.24,F,1-URGENT,Customer#000013423,HOUSEHOLD,IRAN,MIDDLE EAST
689733,1992-01-05,233900.68,F,3-MEDIUM,Customer#000045754,AUTOMOBILE,ALGERIA,AFRICA
2830695,1992-01-05,184877.94,F,4-NOT SPECIFIED,Customer#000036658,MACHINERY,GERMANY,EUROPE
2822498,1992-01-05,107105.39,F,1-URGENT,Customer#000058297,FURNITURE,ROMANIA,EUROPE
2594279,1992-01-05,57229.48,F,1-URGENT,Customer#000052175,AUTOMOBILE,FRANCE,EUROPE
989473,1992-01-05,202118.58,F,4-NOT SPECIFIED,Customer#000127810,FURNITURE,SAUDI ARABIA,MIDDLE EAST
2731969,1992-01-05,119080.03,F,4-NOT SPECIFIED,Customer#000089173,HOUSEHOLD,ETHIOPIA,AFRICA
2761889,1992-01-05,50376.93,F,2-HIGH,Customer#000043292,MACHINERY,JORDAN,MIDDLE EAST
4590464,1992-01-05,178200.94,F,4-NOT SPECIFIED,Customer#000067906,FURNITURE,GERMANY,EUROPE
4320839,1992-01-05,11612.12,F,4-NOT SPECIFIED,Customer#000107590,HOUSEHOLD,JAPAN,ASIA
1628355,1992-01-05,283908.26,F,2-HIGH,Customer#000088102,MACHINERY,GERMANY,EUROPE
2470950,1992-01-05,131859.22,F,2-HIGH,Customer#000139867,MACHINERY,EGYPT,MIDDLE EAST
2417575,1992-01-05,18970.29,F,4-NOT SPECIFIED,Customer#000065632,BUILDING,GERMANY,EUROPE
2432323,1992-01-05,67895.42,F,3-MEDIUM,Customer#000030131,FURNITURE,ETHIOPIA,AFRICA
3671556,1992-01-05,239744.63,F,2-HIGH,Customer#000097735,HOUSEHOLD,FRANCE,EUROPE
1607749,1992-01-05,120097.02,F,3-MEDIUM,Customer#000110986,FURNITURE,CANADA,AMERICA
5270241,1992-01-05,163156.64,F,2-HIGH,Customer#000046915,HOUSEHOLD,CANADA,AMERICA
4297408,1992-01-05,310704.54,F,4-NOT SPECIFIED,Customer#000131089,AUTOMOBILE,FRANCE,EUROPE
5061248,1992-01-05,230429.69,F,1-URGENT,Customer#000142888,MACHINERY,IRAN,MIDDLE EAST
5601159,1992-01-05,66707.80,F,5-LOW,Customer#000086963,BUILDING,ALGERIA,AFRICA
5167079,1992-01-05,240289.99,F,2-HIGH,Customer#000007018,BUILDING,RUSSIA,EUROPE
5979399,1992-01-05,120537.14,F,4-NOT SPECIFIED,Customer#000052163,FURNITURE,SAUDI ARABIA,MIDDLE EAST
104768,1992-01-05,159420.23,F,1-URGENT,Customer#000006617,MACHINERY,CHINA,ASIA
4345473,1992-01-05,85574.44,F,1-URGENT,Customer#000061670,AUTOMOBILE,IRAQ,MIDDLE EAST
4456449,1992-01-05,174692.19,F,4-NOT SPECIFIED,Customer#000040288,AUTOMOBILE,FRANCE,EUROPE
1315777,1992-01-05,27668.62,F,1-URGENT,Customer#000057988,BUILDING,JORDAN,MIDDLE EAST
4426246,1992-01-05,185864.41,F,1-URGENT,Customer#000121231,FURNITURE,JAPAN,ASIA
1938240,1992-01-05,74798.82,F,1-URGENT,Customer#000005030,AUTOMOBILE,EGYPT,MIDDLE EAST
4951393,1992-01-05,200259.71,F,3-MEDIUM,Customer#000019544,AUTOMOBILE,GERMANY,EUROPE
2020134,1992-01-05,203815.15,F,4-NOT SPECIFIED,Customer#000121867,MACHINERY,PERU,AMERICA
5940837,1992-01-05,291209.24,F,5-LOW,Customer#000141499,AUTOMOBILE,IRAQ,MIDDLE EAST
2993313,1992-01-05,12890.99,F,4-NOT SPECIFIED,Customer#000107131,FURNITURE,VIETNAM,ASIA
4418496,1992-01-05,150085.45,F,1-URGENT,Customer#000009679,BUILDING,ROMANIA,EUROPE
4147651,1992-01-05,51857.70,F,2-HIGH,Customer#000047602,BUILDING,JAPAN,ASIA
1649414,1992-01-05,198582.40,F,4-NOT SPECIFIED,Customer#000053827,MACHINERY,INDONESIA,ASIA
1390403,1992-01-05,32158.38,F,5-LOW,Customer#000108304,MACHINERY,PERU,AMERICA
5826245,1992-01-05,90058.39,F,2-HIGH,Customer#000060832,BUILDING,MOROCCO,AFRICA
1562662,1992-01-05,185358.91,F,1-URGENT,Customer#000017320,AUTOMOBILE,CHINA,ASIA
3993831,1992-01-05,218234.91,F,3-MEDIUM,Customer#000016801,BUILDING,ALGERIA,AFRICA
3363266,1992-01-05,86986.28,F,2-HIGH,Customer#000116563,MACHINERY,INDIA,ASIA
3057953,1992-01-05,165207.45,F,4-NOT SPECIFIED,Customer#000088315,MACHINERY,EGYPT,MIDDLE EAST
3201731,1992-01-05,304837.26,F,5-LOW,Customer#000000830,AUTOMOBILE,UNITED KINGDOM,EUROPE
4112519,1992-01-05,224139.90,F,2-HIGH,Customer#000125687,MACHINERY,CANADA,AMERICA
3606630,1992-01-05,51934.16,F,1-URGENT,Customer#000023876,FURNITURE,BRAZIL,AMERICA
1635427,1992-01-05,129783.30,F,4-NOT SPECIFIED,Customer#000113597,BUILDING,SAUDI ARABIA,MIDDLE EAST
3355395,1992-01-05,170112.89,F,5-LOW,Customer#000148096,AUTOMOBILE,BRAZIL,AMERICA
1337377,1992-01-05,221428.98,F,3-MEDIUM,Customer#000086596,HOUSEHOLD,ALGERIA,AFRICA
3160135,1992-01-05,42043.57,F,2-HIGH,Customer#000063124,FURNITURE,UNITED STATES,AMERICA
3152352,1992-01-05,56762.87,F,1-URGENT,Customer#000117797,BUILDING,UNITED STATES,AMERICA
3014915,1992-01-05,10692.45,F,1-URGENT,Customer#000037186,FURNITURE,VIETNAM,ASIA
3325857,1992-01-05,211169.34,F,5-LOW,Customer#000051601,BUILDING,RUSSIA,EUROPE
3058243,1992-01-05,282178.27,F,3-MEDIUM,Customer#000059893,AUTOMOBILE,IRAN,MIDDLE EAST
4267300,1992-01-05,91190.96,F,1-URGENT,Customer#000149053,MACHINERY,ROMANIA,EUROPE
666530,1992-01-05,63090.49,F,3-MEDIUM,Customer#000082330,HOUSEHOLD,CANADA,AMERICA
3761314,1992-01-05,35798.51,F,5-LOW,Customer#000044369,BUILDING,ALGERIA,AFRICA
1897764,1992-01-05,227046.39,F,1-URGENT,Customer#000078118,FURNITURE,VIETNAM,ASIA
3417639,1992-01-05,201661.14,F,2-HIGH,Customer#000042934,BUILDING,UNITED KINGDOM,EUROPE
3194214,1992-01-05,36799.54,F,5-LOW,Customer#000017785,HOUSEHOLD,IRAN,MIDDLE EAST
3288099,1992-01-05,198057.81,F,3-MEDIUM,Customer#000111928,AUTOMOBILE,VIETNAM,ASIA
4574820,1992-01-05,97937.63,F,2-HIGH,Customer#000042838,HOUSEHOLD,FRANCE,EUROPE
4501440,1992-01-05,30481.90,F,1-URGENT,Customer#000039151,HOUSEHOLD,JAPAN,ASIA
586500,1992-01-05,133899.09,F,2-HIGH,Customer#000114620,BUILDING,JORDAN,MIDDLE EAST
4356418,1992-01-05,97419.36,F,5-LOW,Customer#000102484,BUILDING,INDONESIA,ASIA
5551904,1992-01-05,322513.95,F,5-LOW,Customer#000019751,BUILDING,EGYPT,MIDDLE EAST
4452006,1992-01-05,49746.63,F,4-NOT SPECIFIED,Customer#000015788,HOUSEHOLD,PERU,AMERICA
4477794,1992-01-05,19086.00,F,4-NOT SPECIFIED,Customer#000018245,FURNITURE,INDIA,ASIA
3031591,1992-01-05,88207.00,F,5-LOW,Customer#000104059,HOUSEHOLD,ARGENTINA,AMERICA
4782880,1992-01-05,145141.49,F,2-HIGH,Customer#000029584,FURNITURE,RUSSIA,EUROPE
3456641,1992-01-05,81653.96,F,3-MEDIUM,Customer#000048494,BUILDING,CANADA,AMERICA
5147938,1992-01-05,75866.75,F,4-NOT SPECIFIED,Customer#000045356,FURNITURE,PERU,AMERICA
4222822,1992-01-05,93632.85,F,3-MEDIUM,Customer#000062216,BUILDING,INDONESIA,ASIA
3928259,1992-01-05,127891.27,F,4-NOT SPECIFIED,Customer#000010895,BUILDING,SAUDI ARABIA,MIDDLE EAST
1640711,1992-01-05,165222.97,F,2-HIGH,Customer#000010688,AUTOMOBILE,RUSSIA,EUROPE
1309090,1992-01-05,35801.52,F,4-NOT SPECIFIED,Customer#000039005,FURNITURE,JORDAN,MIDDLE EAST
1426981,1992-01-05,148895.15,F,5-LOW,Customer#000094595,HOUSEHOLD,VIETNAM,ASIA
3608487,1992-01-05,165363.40,F,2-HIGH,Customer#000114016,BUILDING,CANADA,AMERICA
3797633,1992-01-05,98957.19,F,2-HIGH,Customer#000100633,HOUSEHOLD,UNITED KINGDOM,EUROPE
1552866,1992-01-05,42666.74,F,3-MEDIUM,Customer#000073702,HOUSEHOLD,IRAN,MIDDLE EAST
3827684,1992-01-05,285792.86,F,4-NOT SPECIFIED,Customer#000124940,AUTOMOBILE,ALGERIA,AFRICA
1646759,1992-01-05,116517.79,F,4-NOT SPECIFIED,Customer#000016762,BUILDING,ETHIOPIA,AFRICA
1207616,1992-01-05,4790.79,F,4-NOT SPECIFIED,Customer#000048157,HOUSEHOLD,ROMANIA,EUROPE
1461895,1992-01-05,181396.17,F,1-URGENT,Customer#000011068,MACHINERY,RUSSIA,EUROPE
3806082,1992-01-05,165598.21,F,3-MEDIUM,Customer#000050824,MACHINERY,FRANCE,EUROPE
1434980,1992-01-05,164128.82,F,2-HIGH,Customer#000073780,AUTOMOBILE,ARGENTINA,AMERICA
4085088,1992-01-05,65697.74,F,1-URGENT,Customer#000006043,AUTOMOBILE,INDONESIA,ASIA
1579236,1992-01-05,142415.79,F,3-MEDIUM,Customer#000066586,MACHINERY,CHINA,ASIA
5650821,1992-01-05,283051.07,F,2-HIGH,Customer#000043333,AUTOMOBILE,CHINA,ASIA
3845440,1992-01-05,54349.65,F,5-LOW,Customer#000076303,MACHINERY,MOZAMBIQUE,AFRICA
4003360,1992-01-05,237073.16,F,5-LOW,Customer#000126362,MACHINERY,ROMANIA,EUROPE
163943,1992-01-05,46760.90,F,5-LOW,Customer#000108902,BUILDING,ALGERIA,AFRICA
1327687,1992-01-05,66607.75,F,3-MEDIUM,Customer#000045812,MACHINERY,GERMANY,EUROPE
3615907,1992-01-05,227814.02,F,3-MEDIUM,Customer#000078841,FURNITURE,KENYA,AFRICA
1399013,1992-01-05,173461.12,F,4-NOT SPECIFIED,Customer#000006694,HOUSEHOLD,EGYPT,MIDDLE EAST
1348801,1992-01-05,200426.60,F,1-URGENT,Customer#000013162,MACHINERY,ROMANIA,EUROPE
1756128,1992-01-05,218755.97,F,5-LOW,Customer#000030518,AUTOMOBILE,BRAZIL,AMERICA
1775138,1992-01-05,62549.07,F,3-MEDIUM,Customer#000026365,HOUSEHOLD,MOZAMBIQUE,AFRICA
1277602,1992-01-05,320666.36,F,4-NOT SPECIFIED,Customer#000065824,AUTOMOBILE,JORDAN,MIDDLE EAST
1580481,1992-01-05,56041.96,F,2-HIGH,Customer#000136349,BUILDING,ETHIOPIA,AFRICA
3601282,1992-01-05,78187.45,F,3-MEDIUM,Customer#000141875,MACHINERY,INDIA,ASIA
1982021,1992-01-05,66574.02,F,4-NOT SPECIFIED,Customer#000106352,AUTOMOBILE,JORDAN,MIDDLE EAST
3728294,1992-01-05,36149.55,F,1-URGENT,Customer#000028873,MACHINERY,IRAQ,MIDDLE EAST
3756192,1992-01-05,195410.56,F,3-MEDIUM,Customer#000113317,MACHINERY,INDONESIA,ASIA
1547715,1992-01-05,294247.09,F,3-MEDIUM,Customer#000013507,FURNITURE,CHINA,ASIA
3821830,1992-01-05,249784.10,F,3-MEDIUM,Customer#000095308,FURNITURE,UNITED STATES,AMERICA
196480,1992-01-05,248960.29,F,2-HIGH,Customer#000058612,AUTOMOBILE,CHINA,ASIA
419175,1992-01-05,219323.12,F,5-LOW,Customer#000077101,FURNITURE,VIETNAM,ASIA
1752321,1992-01-05,117714.14,F,2-HIGH,Customer#000033889,BUILDING,MOROCCO,AFRICA
1598980,1992-01-05,91882.10,F,1-URGENT,Customer#000004976,BUILDING,ROMANIA,EUROPE
3763584,1992-01-05,19208.31,F,3-MEDIUM,Customer#000102566,BUILDING,FRANCE,EUROPE
1469959,1992-01-05,270429.51,F,1-URGENT,Customer#000115814,MACHINERY,JORDAN,MIDDLE EAST
1208550,1992-01-05,69917.56,F,5-LOW,Customer#000123098,HOUSEHOLD,IRAQ,MIDDLE EAST
3811074,1992-01-05,107818.72,F,4-NOT SPECIFIED,Customer#000115108,FURNITURE,IRAN,MIDDLE EAST
3885153,1992-01-05,359022.21,F,1-URGENT,Customer#000095596,BUILDING,ROMANIA,EUROPE
520480,1992-01-05,238658.69,F,3-MEDIUM,Customer#000116957,HOUSEHOLD,BRAZIL,AMERICA
1896193,1992-01-05,242716.93,F,4-NOT SPECIFIED,Customer#000020392,MACHINERY,INDONESIA,ASIA
4846721,1992-01-05,102046.02,F,2-HIGH,Customer#000028963,HOUSEHOLD,UNITED KINGDOM,EUROPE
350528,1992-01-05,250349.84,F,1-URGENT,Customer#000124201,AUTOMOBILE,ARGENTINA,AMERICA
335303,1992-01-05,140685.08,F,3-MEDIUM,Customer#000071983,BUILDING,RUSSIA,EUROPE
4824646,1992-01-05,54834.71,F,3-MEDIUM,Customer#000142210,HOUSEHOLD,ROMANIA,EUROPE
426881,1992-01-05,241907.63,F,3-MEDIUM,Customer#000135922,MACHINERY,GERMANY,EUROPE
2112897,1992-01-05,305072.34,F,2-HIGH,Customer#000110746,HOUSEHOLD,IRAN,MIDDLE EAST
5711232,1992-01-05,225611.25,F,1-URGENT,Customer#000032155,HOUSEHOLD,SAUDI ARABIA,MIDDLE EAST
5692993,1992-01-05,108147.38,F,3-MEDIUM,Customer#000055792,BUILDING,JORDAN,MIDDLE EAST
4626720,1992-01-05,5758.75,F,1-URGENT,Customer#000053296,AUTOMOBILE,BRAZIL,AMERICA
2171687,1992-01-05,149501.75,F,5-LOW,Customer#000087746,MACHINERY,CHINA,ASIA
186048,1992-01-05,150670.69,F,2-HIGH,Customer#000067382,MACHINERY,INDONESIA,ASIA
5077761,1992-01-05,137318.27,F,5-LOW,Customer#000063262,FURNITURE,FRANCE,EUROPE
5024547,1992-01-05,237940.03,F,5-LOW,Customer#000145576,MACHINERY,ETHIOPIA,AFRICA
5886114,1992-01-05,218842.13,F,5-LOW,Customer#000135787,HOUSEHOLD,FRANCE,EUROPE
5815334,1992-01-05,125777.76,F,3-MEDIUM,Customer#000079960,AUTOMOBILE,VIETNAM,ASIA
5517349,1992-01-05,379110.30,F,5-LOW,Customer#000098711,HOUSEHOLD,IRAN,MIDDLE EAST
2095460,1992-01-05,187602.91,F,1-URGENT,Customer#000142081,AUTOMOBILE,UNITED KINGDOM,EUROPE
5391713,1992-01-05,62496.68,F,5-LOW,Customer#000054754,BUILDING,CHINA,ASIA
5292135,1992-01-05,125884.98,F,2-HIGH,Customer#000146216,BUILDING,GERMANY,EUROPE
5856935,1992-01-05,136958.23,F,1-URGENT,Customer#000139447,MACHINERY,JORDAN,MIDDLE EAST
5021190,1992-01-05,297639.01,F,5-LOW,Customer#000045188,AUTOMOBILE,ETHIOPIA,AFRICA
5207296,1992-01-05,186657.91,F,2-HIGH,Customer#000051637,AUTOMOBILE,ETHIOPIA,AFRICA
5568225,1992-01-05,76290.84,F,4-NOT SPECIFIED,Customer#000017953,HOUSEHOLD,UNITED KINGDOM,EUROPE
2119460,1992-01-05,257035.46,F,1-URGENT,Customer#000046310,BUILDING,CANADA,AMERICA
806051,1992-01-05,71866.90,F,2-HIGH,Customer#000047924,MACHINERY,UNITED STATES,AMERICA
1928260,1992-01-05,22696.30,F,3-MEDIUM,Customer#000007492,AUTOMOBILE,UNITED STATES,AMERICA
282725,1992-01-05,182390.21,F,5-LOW,Customer#000003988,AUTOMOBILE,EGYPT,MIDDLE EAST
492998,1992-01-05,164235.29,F,4-NOT SPECIFIED,Customer#000131911,MACHINERY,IRAN,MIDDLE EAST
260935,1992-01-05,46129.80,F,4-NOT SPECIFIED,Customer#000058028,FURNITURE,RUSSIA,EUROPE
55011,1992-01-05,222034.49,F,1-URGENT,Customer#000083203,MACHINERY,MOZAMBIQUE,AFRICA
5788193,1992-01-05,198124.89,F,2-HIGH,Customer#000045148,HOUSEHOLD,MOROCCO,AFRICA
510272,1992-01-05,160568.37,F,5-LOW,Customer#000114958,FURNITURE,IRAQ,MIDDLE EAST
1273957,1992-01-05,243971.90,F,2-HIGH,Customer#000045047,BUILDING,PERU,AMERICA
3805698,1992-01-05,119164.06,F,3-MEDIUM,Customer#000122671,BUILDING,ETHIOPIA,AFRICA
2500387,1992-01-05,171139.37,F,4-NOT SPECIFIED,Customer#000085474,BUILDING,IRAN,MIDDLE EAST
5518949,1992-01-05,116658.51,F,3-MEDIUM,Customer#000091753,BUILDING,IRAN,MIDDLE EAST
1020390,1992-01-05,145823.18,F,4-NOT SPECIFIED,Customer#000001681,HOUSEHOLD,MOZAMBIQUE,AFRICA
2631682,1992-01-05,173945.79,F,3-MEDIUM,Customer#000136610,BUILDING,CHINA,ASIA
2955045,1992-01-05,81220.29,F,3-MEDIUM,Customer#000121429,FURNITURE,KENYA,AFRICA
2559044,1992-01-05,240657.83,F,1-URGENT,Customer#000088954,AUTOMOBILE,ARGENTINA,AMERICA
674884,1992-01-05,253918.89,F,4-NOT SPECIFIED,Customer#000071557,MACHINERY,ALGERIA,AFRICA
2482247,1992-01-05,204203.04,F,2-HIGH,Customer#000116789,FURNITURE,MOROCCO,AFRICA
2617732,1992-01-05,123189.88,F,5-LOW,Customer#000109240,FURNITURE,JAPAN,ASIA
2427425,1992-01-05,149832.45,F,5-LOW,Customer#000053053,BUILDING,VIETNAM,ASIA
1428803,1992-01-05,139926.76,F,5-LOW,Customer#000118090,FURNITURE,CANADA,AMERICA
3729089,1992-01-05,265640.95,F,4-NOT SPECIFIED,Customer#000126760,BUILDING,CHINA,ASIA
1044160,1992-01-05,189120.79,F,1-URGENT,Customer#000096827,HOUSEHOLD,RUSSIA,EUROPE
1061444,1992-01-05,183520.98,F,1-URGENT,Customer#000089803,HOUSEHOLD,MOROCCO,AFRICA
1064611,1992-01-05,20437.49,F,4-NOT SPECIFIED,Customer#000058252,BUILDING,GERMANY,EUROPE
1029702,1992-01-05,49246.55,F,2-HIGH,Customer#000041861,BUILDING,CANADA,AMERICA
770532,1992-01-05,166237.91,F,1-URGENT,Customer#000145522,HOUSEHOLD,GERMANY,EUROPE
1751012,1992-01-05,230895.80,F,2-HIGH,Customer#000042259,MACHINERY,JORDAN,MIDDLE EAST
2786209,1992-01-05,112109.69,F,5-LOW,Customer#000099737,HOUSEHOLD,IRAN,MIDDLE EAST
3648039,1992-01-05,18041.24,F,5-LOW,Customer#000047050,FURNITURE,KENYA,AFRICA
4915680,1992-01-05,44260.36,F,1-URGENT,Customer#000006406,AUTOMOBILE,VIETNAM,ASIA
1340833,1992-01-05,147561.82,F,4-NOT SPECIFIED,Customer#000125131,MACHINERY,ETHIOPIA,AFRICA
3905891,1992-01-05,304511.01,F,3-MEDIUM,Customer#000128248,MACHINERY,CANADA,AMERICA
1259426,1992-01-05,274854.02,F,2-HIGH,Customer#000069007,FURNITURE,IRAQ,MIDDLE EAST
3924740,1992-01-05,109900.28,F,2-HIGH,Customer#000026887,FURNITURE,ALGERIA,AFRICA
1731171,1992-01-05,93907.37,F,3-MEDIUM,Customer#000033877,FURNITURE,CANADA,AMERICA
3857637,1992-01-05,64697.64,F,1-URGENT,Customer#000114562,AUTOMOBILE,VIETNAM,ASIA
3622375,1992-01-05,212891.55,F,1-URGENT,Customer#000007325,BUILDING,BRAZIL,AMERICA
3662084,1992-01-05,45250.76,F,4-NOT SPECIFIED,Customer#000066320,HOUSEHOLD,ARGENTINA,AMERICA
4072389,1992-01-05,203687.79,F,2-HIGH,Customer#000091645,BUILDING,GERMANY,EUROPE
3848102,1992-01-05,64133.82,F,4-NOT SPECIFIED,Customer#000000284,AUTOMOBILE,FRANCE,EUROPE
4006625,1992-01-05,237415.66,F,3-MEDIUM,Customer#000019657,MACHINERY,INDIA,ASIA
4101159,1992-01-05,72383.62,F,1-URGENT,Customer#000051562,AUTOMOBILE,ROMANIA,EUROPE
3780900,1992-01-05,25455.18,F,3-MEDIUM,Customer#000009382,MACHINERY,MOZAMBIQUE,AFRICA
1594144,1992-01-05,210552.74,F,4-NOT SPECIFIED,Customer#000138619,MACHINERY,ETHIOPIA,AFRICA
1666567,1992-01-05,191364.51,F,2-HIGH,Customer#000015202,HOUSEHOLD,MOROCCO,AFRICA
3925698,1992-01-05,208821.71,F,4-NOT SPECIFIED,Customer#000011575,MACHINERY,VIETNAM,ASIA
3728038,1992-01-05,218198.29,F,5-LOW,Customer#000104326,HOUSEHOLD,PERU,AMERICA
4506438,1992-01-05,114307.80,F,4-NOT SPECIFIED,Customer#000088444,HOUSEHOLD,JAPAN,ASIA
3863621,1992-01-05,72764.06,F,4-NOT SPECIFIED,Customer#000136709,AUTOMOBILE,BRAZIL,AMERICA
3740353,1992-01-05,37988.04,F,1-URGENT,Customer#000087502,MACHINERY,KENYA,AFRICA
4023264,1992-01-05,72752.96,F,4-NOT SPECIFIED,Customer#000083423,HOUSEHOLD,EGYPT,MIDDLE EAST
1657826,1992-01-05,60899.70,F,5-LOW,Customer#000124255,AUTOMOBILE,EGYPT,MIDDLE EAST
3888742,1992-01-05,98852.15,F,3-MEDIUM,Customer#000098893,HOUSEHOLD,MOZAMBIQUE,AFRICA
730311,1992-01-05,357405.51,F,5-LOW,Customer#000001370,BUILDING,CHINA,ASIA
5862882,1992-01-05,90934.13,F,3-MEDIUM,Customer#000010172,BUILDING,INDIA,ASIA
5909952,1992-01-05,182771.76,F,1-URGENT,Customer#000097633,FURNITURE,UNITED STATES,AMERICA
2135042,1992-01-05,151888.62,F,3-MEDIUM,Customer#000080869,FURNITURE,BRAZIL,AMERICA
5403873,1992-01-05,235469.81,F,5-LOW,Customer#000070412,MACHINERY,ARGENTINA,AMERICA
1592708,1992-01-05,198354.37,F,4-NOT SPECIFIED,Customer#000013802,AUTOMOBILE,ETHIOPIA,AFRICA
4087936,1992-01-05,39174.69,F,4-NOT SPECIFIED,Customer#000035749,BUILDING,UNITED STATES,AMERICA
5266471,1992-01-05,32551.23,F,1-URGENT,Customer#000038903,AUTOMOBILE,FRANCE,EUROPE
2592130,1992-01-05,27441.40,F,5-LOW,Customer#000083066,MACHINERY,IRAN,MIDDLE EAST
227620,1992-01-05,98358.60,F,3-MEDIUM,Customer#000127576,MACHINERY,EGYPT,MIDDLE EAST
5402852,1992-01-05,97871.97,F,5-LOW,Customer#000057436,FURNITURE,RUSSIA,EUROPE
5416006,1992-01-05,108619.96,F,4-NOT SPECIFIED,Customer#000029188,MACHINERY,EGYPT,MIDDLE EAST
1895814,1992-01-05,249089.48,F,3-MEDIUM,Customer#000113153,AUTOMOBILE,UNITED STATES,AMERICA
5345765,1992-01-05,190963.39,F,2-HIGH,Customer#000022118,FURNITURE,PERU,AMERICA
2421283,1992-01-05,96186.31,F,1-URGENT,Customer#000052513,BUILDING,BRAZIL,AMERICA
2561159,1992-01-05,79995.90,F,1-URGENT,Customer#000141301,HOUSEHOLD,SAUDI ARABIA,MIDDLE EAST
1550113,1992-01-05,101894.91,F,2-HIGH,Customer#000063173,MACHINERY,UNITED KINGDOM,EUROPE
3643680,1992-01-05,139924.22,F,2-HIGH,Customer#000123635,HOUSEHOLD,CANADA,AMERICA
5537184,1992-01-05,273119.99,F,3-MEDIUM,Customer#000099641,MACHINERY,JAPAN,ASIA
5253607,1992-01-05,138396.56,F,3-MEDIUM,Customer#000124114,AUTOMOBILE,PERU,AMERICA
5777666,1992-01-05,256882.22,F,3-MEDIUM,Customer#000017128,BUILDING,FRANCE,EUROPE
803106,1992-01-05,115735.16,F,5-LOW,Customer#000059587,BUILDING,RUSSIA,EUROPE
864551,1992-01-05,183787.05,F,3-MEDIUM,Customer#000023857,HOUSEHOLD,ALGERIA,AFRICA
2544998,1992-01-05,67582.81,F,1-URGENT,Customer#000067840,MACHINERY,INDONESIA,ASIA
4280386,1992-01-05,393128.13,F,2-HIGH,Customer#000108466,HOUSEHOLD,INDIA,ASIA
5570212,1992-01-05,192330.16,F,5-LOW,Customer#000032081,AUTOMOBILE,KENYA,AFRICA
2872868,1992-01-05,119537.64,F,2-HIGH,Customer#000061424,AUTOMOBILE,KENYA,AFRICA
4217989,1992-01-05,195684.55,F,3-MEDIUM,Customer#000141196,FURNITURE,CHINA,ASIA
4560865,1992-01-05,151632.09,F,5-LOW,Customer#000116131,FURNITURE,INDIA,ASIA
4736545,1992-01-05,60763.06,F,2-HIGH,Customer#000117140,FURNITURE,CHINA,ASIA
4741863,1992-01-05,171133.70,F,2-HIGH,Customer#000106504,AUTOMOBILE,ROMANIA,EUROPE
4374915,1992-01-05,137477.84,F,4-NOT SPECIFIED,Customer#000016235,MACHINERY,VIETNAM,ASIA
5639360,1992-01-05,135546.50,F,3-MEDIUM,Customer#000057728,FURNITURE,ETHIOPIA,AFRICA
5281763,1992-01-05,84694.72,F,1-URGENT,Customer#000124009,FURNITURE,JORDAN,MIDDLE EAST
4701888,1992-01-05,282208.03,F,1-URGENT,Customer#000076439,BUILDING,CHINA,ASIA
924064,1992-01-05,261817.08,F,4-NOT SPECIFIED,Customer#000046219,FURNITURE,JAPAN,ASIA
662019,1992-01-05,249876.90,F,4-NOT SPECIFIED,Customer#000037609,HOUSEHOLD,ETHIOPIA,AFRICA
5510403,1992-01-05,229899.58,F,5-LOW,Customer#000082378,HOUSEHOLD,UNITED STATES,AMERICA
2859170,1992-01-05,126689.08,F,1-URGENT,Customer#000029945,AUTOMOBILE,ROMANIA,EUROPE
969571,1992-01-05,141550.46,F,4-NOT SPECIFIED,Customer#000073351,AUTOMOBILE,EGYPT,MIDDLE EAST
5661665,1992-01-05,216649.15,F,3-MEDIUM,Customer#000100781,MACHINERY,IRAN,MIDDLE EAST
1196001,1992-01-05,161393.31,F,4-NOT SPECIFIED,Customer#000094619,HOUSEHOLD,UNITED STATES,AMERICA
5071907,1992-01-05,161072.71,F,3-MEDIUM,Customer#000134996,MACHINERY,GERMANY,EUROPE
5315138,1992-01-05,83670.31,F,3-MEDIUM,Customer#000107596,MACHINERY,IRAQ,MIDDLE EAST
4489345,1992-01-05,166396.89,F,3-MEDIUM,Customer#000049297,BUILDING,CHINA,ASIA
906819,1992-01-05,12366.51,F,5-LOW,Customer#000056444,BUILDING,ETHIOPIA,AFRICA
4448551,1992-01-05,284984.11,F,1-URGENT,Customer#000021562,HOUSEHOLD,UNITED KINGDOM,EUROPE
4736836,1992-01-05,29762.26,F,1-URGENT,Customer#000118900,MACHINERY,KENYA,AFRICA
1482563,1992-01-05,221780.22,F,1-URGENT,Customer#000050339,AUTOMOBILE,IRAQ,MIDDLE EAST
3772869,1992-01-05,48739.92,F,1-URGENT,Customer#000021073,MACHINERY,RUSSIA,EUROPE
2615361,1992-01-05,101105.11,F,3-MEDIUM,Customer#000058225,MACHINERY,CANADA,AMERICA
4648033,1992-01-05,84710.47,F,4-NOT SPECIFIED,Customer#000149170,BUILDING,CANADA,AMERICA
2527457,1992-01-05,178438.16,F,5-LOW,Customer#000064451,MACHINERY,IRAQ,MIDDLE EAST
4760929,1992-01-05,229777.84,F,5-LOW,Customer#000023023,HOUSEHOLD,JAPAN,ASIA
4664611,1992-01-05,226225.93,F,5-LOW,Customer#000037951,FURNITURE,GERMANY,EUROPE
4590245,1992-01-05,269310.73,F,4-NOT SPECIFIED,Customer#000020398,HOUSEHOLD,JAPAN,ASIA
4711655,1992-01-05,224745.31,F,5-LOW,Customer#000121433,BUILDING,MOROCCO,AFRICA
2539943,1992-01-05,228420.11,F,1-URGENT,Customer#000115909,FURNITURE,ROMANIA,EUROPE
4477477,1992-01-05,249969.86,F,4-NOT SPECIFIED,Customer#000056056,MACHINERY,JORDAN,MIDDLE EAST
1176707,1992-01-05,144775.50,F,3-MEDIUM,Customer#000126844,BUILDING,ETHIOPIA,AFRICA
2149798,1992-01-05,152429.62,F,3-MEDIUM,Customer#000049681,AUTOMOBILE,INDONESIA,ASIA
2745669,1992-01-05,124136.86,F,1-URGENT,Customer#000132322,HOUSEHOLD,VIETNAM,ASIA
2019109,1992-01-05,193191.42,F,2-HIGH,Customer#000116935,AUTOMOBILE,FRANCE,EUROPE
3196548,1992-01-05,375310.95,F,3-MEDIUM,Customer#000102119,MACHINERY,ROMANIA,EUROPE
3407717,1992-01-05,172617.32,F,2-HIGH,Customer#000122722,FURNITURE,MOZAMBIQUE,AFRICA
2358787,1992-01-05,105888.14,F,2-HIGH,Customer#000145562,BUILDING,CHINA,ASIA
2658884,1992-01-05,236592.64,F,2-HIGH,Customer#000065764,BUILDING,INDONESIA,ASIA
2313796,1992-01-05,174442.33,F,3-MEDIUM,Customer#000096433,HOUSEHOLD,IRAN,MIDDLE EAST
547329,1992-01-05,213946.04,F,1-URGENT,Customer#000130301,FURNITURE,MOROCCO,AFRICA
2995104,1992-01-05,204573.78,F,3-MEDIUM,Customer#000071257,MACHINERY,INDIA,ASIA
312038,1992-01-05,152920.11,F,3-MEDIUM,Customer#000115762,BUILDING,ALGERIA,AFRICA
5626497,1992-01-05,174368.92,F,4-NOT SPECIFIED,Customer#000039425,MACHINERY,RUSSIA,EUROPE
2559425,1992-01-05,148133.22,F,5-LOW,Customer#000005732,AUTOMOBILE,KENYA,AFRICA
1889445,1992-01-05,177609.81,F,3-MEDIUM,Customer#000127957,HOUSEHOLD,ROMANIA,EUROPE
4860514,1992-01-05,67455.92,F,2-HIGH,Customer#000022762,HOUSEHOLD,SAUDI ARABIA,MIDDLE EAST
5087202,1992-01-05,170887.84,F,1-URGENT,Customer#000118820,FURNITURE,SAUDI ARABIA,MIDDLE EAST
4456547,1992-01-05,238618.07,F,3-MEDIUM,Customer#000035135,HOUSEHOLD,ALGERIA,AFRICA
125989,1992-01-05,240539.45,F,3-MEDIUM,Customer#000119615,AUTOMOBILE,EGYPT,MIDDLE EAST
1152231,1992-01-05,215457.64,F,3-MEDIUM,Customer#000127213,FURNITURE,IRAN,MIDDLE EAST
69632,1992-01-05,373901.97,F,3-MEDIUM,Customer#000117508,FURNITURE,RUSSIA,EUROPE
625255,1992-01-05,96315.59,F,1-URGENT,Customer#000083218,FURNITURE,VIETNAM,ASIA
39619,1992-01-05,119541.37,F,5-LOW,Customer#000034699,FURNITURE,BRAZIL,AMERICA
16064,1992-01-05,143667.48,F,3-MEDIUM,Customer#000001795,MACHINERY,VIETNAM,ASIA
2804451,1992-01-05,283239.78,F,2-HIGH,Customer#000064793,MACHINERY,FRANCE,EUROPE
5893479,1992-01-05,87292.38,F,1-URGENT,Customer#000137179,MACHINERY,MOZAMBIQUE,AFRICA
5658309,1992-01-05,178647.08,F,2-HIGH,Customer#000083881,MACHINERY,RUSSIA,EUROPE
1968835,1992-01-05,281420.90,F,1-URGENT,Customer#000055424,BUILDING,ARGENTINA,AMERICA
1836869,1992-01-05,131729.55,F,4-NOT SPECIFIED,Customer#000098062,AUTOMOBILE,KENYA,AFRICA
3213252,1992-01-05,13829.04,F,2-HIGH,Customer#000085894,FURNITURE,UNITED STATES,AMERICA
3039558,1992-01-05,240803.64,F,1-URGENT,Customer#000094948,MACHINERY,KENYA,AFRICA
3565378,1992-01-05,31254.20,F,1-URGENT,Customer#000065029,MACHINERY,ALGERIA,AFRICA
3316385,1992-01-05,225566.24,F,1-URGENT,Customer#000054502,AUTOMOBILE,ARGENTINA,AMERICA
3474663,1992-01-05,125418.07,F,2-HIGH,Customer#000128842,AUTOMOBILE,FRANCE,EUROPE
3336999,1992-01-05,213793.15,F,5-LOW,Customer#000019538,FURNITURE,MOROCCO,AFRICA
3526688,1992-01-05,52364.45,F,1-URGENT,Customer#000113228,MACHINERY,MOROCCO,AFRICA
3573605,1992-01-05,199018.87,F,4-NOT SPECIFIED,Customer#000006268,BUILDING,ETHIOPIA,AFRICA
3235201,1992-01-05,218560.09,F,5-LOW,Customer#000059170,HOUSEHOLD,UNITED KINGDOM,EUROPE
3465280,1992-01-05,59865.42,F,4-NOT SPECIFIED,Customer#000117269,MACHINERY,ETHIOPIA,AFRICA
3391749,1992-01-05,29161.03,F,2-HIGH,Customer#000084466,AUTOMOBILE,INDIA,ASIA
1525378,1992-01-05,92388.01,F,4-NOT SPECIFIED,Customer#000022888,AUTOMOBILE,GERMANY,EUROPE
3443750,1992-01-05,137073.38,F,3-MEDIUM,Customer#000069857,FURNITURE,IRAN,MIDDLE EAST
3499203,1992-01-05,140416.63,F,1-URGENT,Customer#000090253,FURNITURE,ARGENTINA,AMERICA
3394022,1992-01-05,123872.69,F,4-NOT SPECIFIED,Customer#000137770,FURNITURE,KENYA,AFRICA
3457478,1992-01-05,112266.94,F,3-MEDIUM,Customer#000130358,FURNITURE,INDONESIA,ASIA
3456581,1992-01-05,176320.64,F,5-LOW,Customer#000149473,MACHINERY,MOZAMBIQUE,AFRICA
3199205,1992-01-05,133660.94,F,5-LOW,Customer#000039298,FURNITURE,CHINA,ASIA
3020867,1992-01-05,154826.37,F,1-URGENT,Customer#000121172,FURNITURE,JORDAN,MIDDLE EAST
3056960,1992-01-05,86708.31,F,2-HIGH,Customer#000002500,MACHINERY,ALGERIA,AFRICA
3596929,1992-01-05,202186.25,F,4-NOT SPECIFIED,Customer#000073745,BUILDING,EGYPT,MIDDLE EAST
3454115,1992-01-06,45996.39,F,2-HIGH,Customer#000108043,BUILDING,ETHIOPIA,AFRICA
3432450,1992-01-06,246278.50,F,3-MEDIUM,Customer#000134500,FURNITURE,ETHIOPIA,AFRICA
3217604,1992-01-06,48598.01,F,2-HIGH,Customer#000142648,FURNITURE,JAPAN,ASIA
3505571,1992-01-06,166618.41,F,1-URGENT,Customer#000101683,AUTOMOBILE,ETHIOPIA,AFRICA
3478880,1992-01-06,9489.79,F,3-MEDIUM,Customer#000008255,AUTOMOBILE,MOROCCO,AFRICA
3513473,1992-01-06,1507.91,F,3-MEDIUM,Customer#000140578,BUILDING,JORDAN,MIDDLE EAST
5762114,1992-01-06,254828.53,F,2-HIGH,Customer#000018574,HOUSEHOLD,FRANCE,EUROPE
3582018,1992-01-06,223431.46,F,1-URGENT,Customer#000007924,MACHINERY,ROMANIA,EUROPE
3485445,1992-01-06,319412.12,F,1-URGENT,Customer#000102460,BUILDING,IRAQ,MIDDLE EAST
3166309,1992-01-06,192969.14,F,2-HIGH,Customer#000076195,AUTOMOBILE,IRAN,MIDDLE EAST
3126339,1992-01-06,282246.71,F,4-NOT SPECIFIED,Customer#000108271,BUILDING,ETHIOPIA,AFRICA
3072422,1992-01-06,165740.85,F,1-URGENT,Customer#000039823,FURNITURE,JORDAN,MIDDLE EAST
3219363,1992-01-06,152110.22,F,1-URGENT,Customer#000048026,AUTOMOBILE,MOZAMBIQUE,AFRICA
3040832,1992-01-06,60562.34,F,1-URGENT,Customer#000101491,BUILDING,FRANCE,EUROPE
3285760,1992-01-06,149984.82,F,5-LOW,Customer#000069421,FURNITURE,MOZAMBIQUE,AFRICA
3446498,1992-01-06,120253.24,F,5-LOW,Customer#000056035,HOUSEHOLD,BRAZIL,AMERICA
3540101,1992-01-06,203737.42,F,1-URGENT,Customer#000046000,FURNITURE,IRAQ,MIDDLE EAST
3271973,1992-01-06,180989.87,F,2-HIGH,Customer#000088033,MACHINERY,RUSSIA,EUROPE
3467173,1992-01-06,159061.48,F,4-NOT SPECIFIED,Customer#000043358,BUILDING,KENYA,AFRICA
3250208,1992-01-06,225655.45,F,2-HIGH,Customer#000149854,HOUSEHOLD,BRAZIL,AMERICA
3576868,1992-01-06,221119.75,F,2-HIGH,Customer#000027433,BUILDING,RUSSIA,EUROPE
1415203,1992-01-06,15457.07,F,2-HIGH,Customer#000088885,AUTOMOBILE,IRAN,MIDDLE EAST
3450759,1992-01-06,148698.56,F,1-URGENT,Customer#000058046,HOUSEHOLD,PERU,AMERICA
3250342,1992-01-06,152735.10,F,3-MEDIUM,Customer#000129761,MACHINERY,JORDAN,MIDDLE EAST
4885317,1992-01-06,285016.81,F,5-LOW,Customer#000050407,FURNITURE,JAPAN,ASIA
431552,1992-01-06,289093.06,F,3-MEDIUM,Customer#000007208,FURNITURE,IRAQ,MIDDLE EAST
2197921,1992-01-06,3967.59,F,3-MEDIUM,Customer#000034642,HOUSEHOLD,ARGENTINA,AMERICA
783462,1992-01-06,183525.38,F,1-URGENT,Customer#000072254,FURNITURE,PERU,AMERICA
1205223,1992-01-06,28830.62,F,2-HIGH,Customer#000073972,HOUSEHOLD,JORDAN,MIDDLE EAST
1749829,1992-01-06,161635.63,F,2-HIGH,Customer#000091537,AUTOMOBILE,MOROCCO,AFRICA
1658919,1992-01-06,201272.72,F,1-URGENT,Customer#000093130,AUTOMOBILE,SAUDI ARABIA,MIDDLE EAST
1516708,1992-01-06,241789.51,F,3-MEDIUM,Customer#000086102,FURNITURE,INDIA,ASIA
3919361,1992-01-06,384147.36,F,2-HIGH,Customer#000030070,FURNITURE,RUSSIA,EUROPE
1476198,1992-01-06,42695.55,F,2-HIGH,Customer#000089035,BUILDING,UNITED KINGDOM,EUROPE
3863555,1992-01-06,207980.56,F,5-LOW,Customer#000090211,AUTOMOBILE,IRAN,MIDDLE EAST
1609157,1992-01-06,8153.04,F,5-LOW,Customer#000130642,HOUSEHOLD,RUSSIA,EUROPE
4116612,1992-01-06,268002.46,F,3-MEDIUM,Customer#000017425,AUTOMOBILE,KENYA,AFRICA
3970437,1992-01-06,94432.78,F,4-NOT SPECIFIED,Customer#000042346,AUTOMOBILE,UNITED KINGDOM,EUROPE
1310886,1992-01-06,24871.59,F,3-MEDIUM,Customer#000143791,AUTOMOBILE,PERU,AMERICA
3725408,1992-01-06,196446.02,F,3-MEDIUM,Customer#000081085,AUTOMOBILE,SAUDI ARABIA,MIDDLE EAST
4033347,1992-01-06,69754.96,F,5-LOW,Customer#000052894,AUTOMOBILE,FRANCE,EUROPE
4294119,1992-01-06,86128.54,F,5-LOW,Customer#000118253,MACHINERY,EGYPT,MIDDLE EAST
1520003,1992-01-06,276130.99,F,4-NOT SPECIFIED,Customer#000126931,HOUSEHOLD,JORDAN,MIDDLE EAST
1489094,1992-01-06,245446.39,F,4-NOT SPECIFIED,Customer#000013654,BUILDING,ALGERIA,AFRICA
1473792,1992-01-06,283607.38,F,3-MEDIUM,Customer#000032893,AUTOMOBILE,IRAN,MIDDLE EAST
4066017,1992-01-06,219674.72,F,1-URGENT,Customer#000020899,MACHINERY,VIETNAM,ASIA
196834,1992-01-06,84697.01,F,4-NOT SPECIFIED,Customer#000049459,BUILDING,INDONESIA,ASIA
2006341,1992-01-06,100800.52,F,4-NOT SPECIFIED,Customer#000039052,FURNITURE,BRAZIL,AMERICA
2036417,1992-01-06,5644.40,F,2-HIGH,Customer#000123736,AUTOMOBILE,ETHIOPIA,AFRICA
1285956,1992-01-06,183888.54,F,5-LOW,Customer#000015271,FURNITURE,KENYA,AFRICA
1810245,1992-01-06,86299.55,F,5-LOW,Customer#000030415,AUTOMOBILE,JAPAN,ASIA
2100642,1992-01-06,130074.51,F,2-HIGH,Customer#000027259,MACHINERY,INDIA,ASIA
1892291,1992-01-06,330856.30,F,5-LOW,Customer#000115700,MACHINERY,JAPAN,ASIA
2812678,1992-01-06,68372.61,F,4-NOT SPECIFIED,Customer#000109519,BUILDING,GERMANY,EUROPE
1144482,1992-01-06,122565.09,F,5-LOW,Customer#000126676,HOUSEHOLD,INDONESIA,ASIA
2480870,1992-01-06,170750.77,F,3-MEDIUM,Customer#000094255,FURNITURE,MOZAMBIQUE,AFRICA
2955008,1992-01-06,119376.02,F,3-MEDIUM,Customer#000119677,BUILDING,INDIA,ASIA
2717607,1992-01-06,175181.24,F,3-MEDIUM,Customer#000094549,HOUSEHOLD,MOROCCO,AFRICA
4085734,1992-01-06,242072.69,F,2-HIGH,Customer#000036191,AUTOMOBILE,CANADA,AMERICA
2693447,1992-01-06,420780.73,F,5-LOW,Customer#000026237,MACHINERY,IRAQ,MIDDLE EAST
2714656,1992-01-06,269589.62,F,4-NOT SPECIFIED,Customer#000131678,HOUSEHOLD,IRAN,MIDDLE EAST
2406178,1992-01-06,88976.97,F,5-LOW,Customer#000001738,AUTOMOBILE,INDIA,ASIA
2511493,1992-01-06,93262.39,F,1-URGENT,Customer#000080036,MACHINERY,VIETNAM,ASIA
1534790,1992-01-06,130489.88,F,1-URGENT,Customer#000009455,FURNITURE,MOZAMBIQUE,AFRICA
2869351,1992-01-06,144632.16,F,4-NOT SPECIFIED,Customer#000031922,HOUSEHOLD,MOROCCO,AFRICA
783840,1992-01-06,279023.70,F,4-NOT SPECIFIED,Customer#000029905,FURNITURE,IRAQ,MIDDLE EAST
2826944,1992-01-06,326226.40,F,5-LOW,Customer#000059341,BUILDING,RUSSIA,EUROPE
2276615,1992-01-06,78264.27,F,5-LOW,Customer#000114455,FURNITURE,FRANCE,EUROPE
508070,1992-01-06,117138.92,F,4-NOT SPECIFIED,Customer#000102290,HOUSEHOLD,PERU,AMERICA
103299,1992-01-06,29364.91,F,5-LOW,Customer#000131062,HOUSEHOLD,PERU,AMERICA
431715,1992-01-06,85155.98,F,1-URGENT,Customer#000054076,HOUSEHOLD,JAPAN,ASIA
1032070,1992-01-06,106015.81,F,5-LOW,Customer#000103112,MACHINERY,IRAQ,MIDDLE EAST
611779,1992-01-06,115525.23,F,5-LOW,Customer#000047123,FURNITURE,ARGENTINA,AMERICA
3525536,1992-01-06,244798.70,F,1-URGENT,Customer#000048047,BUILDING,RUSSIA,EUROPE
3570372,1992-01-06,214247.22,F,2-HIGH,Customer#000143440,HOUSEHOLD,PERU,AMERICA
3281890,1992-01-06,67651.72,F,1-URGENT,Customer#000058298,AUTOMOBILE,INDONESIA,ASIA
3487650,1992-01-06,155825.48,F,1-URGENT,Customer#000108685,AUTOMOBILE,KENYA,AFRICA
3369318,1992-01-06,109430.24,F,2-HIGH,Customer#000015349,MACHINERY,ALGERIA,AFRICA
3481511,1992-01-06,222207.53,F,1-URGENT,Customer#000130811,FURNITURE,ALGERIA,AFRICA
3563713,1992-01-06,197024.62,F,5-LOW,Customer#000130913,MACHINERY,ALGERIA,AFRICA
3198211,1992-01-06,84188.44,F,2-HIGH,Customer#000016744,AUTOMOBILE,BRAZIL,AMERICA
3566981,1992-01-06,199284.62,F,2-HIGH,Customer#000004349,MACHINERY,ALGERIA,AFRICA
3218241,1992-01-06,135126.72,F,3-MEDIUM,Customer#000078416,HOUSEHOLD,MOZAMBIQUE,AFRICA
590150,1992-01-06,180833.66,F,3-MEDIUM,Customer#000041086,HOUSEHOLD,UNITED STATES,AMERICA
5515778,1992-01-06,126442.54,F,4-NOT SPECIFIED,Customer#000085051,HOUSEHOLD,ROMANIA,EUROPE
3558657,1992-01-06,83098.03,F,1-URGENT,Customer#000085187,FURNITURE,ETHIOPIA,AFRICA
1977664,1992-01-06,113944.46,F,3-MEDIUM,Customer#000045274,MACHINERY,CANADA,AMERICA
3206371,1992-01-06,227881.44,F,2-HIGH,Customer#000107374,FURNITURE,EGYPT,MIDDLE EAST
763877,1992-01-06,246245.92,F,2-HIGH,Customer#000075005,FURNITURE,ARGENTINA,AMERICA
548294,1992-01-06,256532.36,F,4-NOT SPECIFIED,Customer#000107594,BUILDING,EGYPT,MIDDLE EAST
4846274,1992-01-06,177062.36,F,2-HIGH,Customer#000099893,AUTOMOBILE,SAUDI ARABIA,MIDDLE EAST
4114689,1992-01-06,159980.49,F,2-HIGH,Customer#000089303,FURNITURE,UNITED STATES,AMERICA
5580258,1992-01-06,284924.69,F,5-LOW,Customer#000079573,HOUSEHOLD,GERMANY,EUROPE
3964770,1992-01-06,253785.09,F,2-HIGH,Customer#000125719,BUILDING,UNITED KINGDOM,EUROPE
3720931,1992-01-06,158345.05,F,1-URGENT,Customer#000085093,MACHINERY,EGYPT,MIDDLE EAST
2335712,1992-01-06,263994.76,F,2-HIGH,Customer#000072247,BUILDING,JORDAN,MIDDLE EAST
1896706,1992-01-06,313163.10,F,2-HIGH,Customer#000132286,BUILDING,UNITED KINGDOM,EUROPE
2144452,1992-01-06,209912.59,F,1-URGENT,Customer#000054247,AUTOMOBILE,FRANCE,EUROPE
2327137,1992-01-06,192353.62,F,3-MEDIUM,Customer#000111466,FURNITURE,ROMANIA,EUROPE
1952353,1992-01-06,333040.44,F,4-NOT SPECIFIED,Customer#000118306,MACHINERY,MOROCCO,AFRICA
2142690,1992-01-06,80330.25,F,5-LOW,Customer#000017593,BUILDING,VIETNAM,ASIA
1822402,1992-01-06,173037.79,F,1-URGENT,Customer#000082864,AUTOMOBILE,KENYA,AFRICA
2004710,1992-01-06,77176.89,F,2-HIGH,Customer#000060989,FURNITURE,BRAZIL,AMERICA
2388483,1992-01-06,255287.74,F,1-URGENT,Customer#000132311,HOUSEHOLD,PERU,AMERICA
1926181,1992-01-06,203936.86,F,5-LOW,Customer#000128470,BUILDING,MOZAMBIQUE,AFRICA
1969893,1992-01-06,258601.95,F,4-NOT SPECIFIED,Customer#000124129,FURNITURE,MOZAMBIQUE,AFRICA
2303457,1992-01-06,158084.22,F,4-NOT SPECIFIED,Customer#000122452,MACHINERY,INDONESIA,ASIA
2101895,1992-01-06,224912.86,F,2-HIGH,Customer#000145630,HOUSEHOLD,INDIA,ASIA
1919014,1992-01-06,79892.60,F,4-NOT SPECIFIED,Customer#000080119,HOUSEHOLD,PERU,AMERICA
1363431,1992-01-06,350073.06,F,1-URGENT,Customer#000035161,FURNITURE,JAPAN,ASIA
234368,1992-01-06,137115.71,F,5-LOW,Customer#000061882,HOUSEHOLD,RUSSIA,EUROPE
52516,1992-01-06,178037.37,F,2-HIGH,Customer#000114901,AUTOMOBILE,RUSSIA,EUROPE
856294,1992-01-06,85571.64,F,5-LOW,Customer#000070078,MACHINERY,KENYA,AFRICA
4113091,1992-01-06,149870.91,F,4-NOT SPECIFIED,Customer#000067768,AUTOMOBILE,IRAQ,MIDDLE EAST
518690,1992-01-06,329702.03,F,3-MEDIUM,Customer#000092938,FURNITURE,CHINA,ASIA
3935394,1992-01-06,239443.66,F,1-URGENT,Customer#000099388,FURNITURE,VIETNAM,ASIA
2342500,1992-01-06,138912.13,F,1-URGENT,Customer#000034442,MACHINERY,UNITED KINGDOM,EUROPE
2235236,1992-01-06,37800.91,F,2-HIGH,Customer#000053449,BUILDING,FRANCE,EUROPE
4199747,1992-01-06,25722.53,F,5-LOW,Customer#000077401,HOUSEHOLD,PERU,AMERICA
1189824,1992-01-06,90948.71,F,5-LOW,Customer#000028627,FURNITURE,INDIA,ASIA
2050823,1992-01-06,165686.06,F,4-NOT SPECIFIED,Customer#000114839,AUTOMOBILE,ALGERIA,AFRICA
1480519,1992-01-06,136997.94,F,3-MEDIUM,Customer#000137437,HOUSEHOLD,JAPAN,ASIA
5825031,1992-01-06,99172.89,F,3-MEDIUM,Customer#000137317,AUTOMOBILE,BRAZIL,AMERICA
2055266,1992-01-06,267376.12,F,2-HIGH,Customer#000144614,HOUSEHOLD,CHINA,ASIA
5133218,1992-01-06,69468.13,F,2-HIGH,Customer#000072013,BUILDING,UNITED KINGDOM,EUROPE
5650916,1992-01-06,79538.27,F,2-HIGH,Customer#000131626,BUILDING,CANADA,AMERICA
5547616,1992-01-06,85440.91,F,2-HIGH,Customer#000134755,FURNITURE,IRAN,MIDDLE EAST
130848,1992-01-06,259380.19,F,3-MEDIUM,Customer#000118621,AUTOMOBILE,INDIA,ASIA
1860609,1992-01-06,141476.27,F,5-LOW,Customer#000062596,FURNITURE,ETHIOPIA,AFRICA
5504614,1992-01-06,288392.21,F,5-LOW,Customer#000078176,AUTOMOBILE,IRAN,MIDDLE EAST
5364582,1992-01-06,193606.92,F,5-LOW,Customer#000116122,MACHINERY,ROMANIA,EUROPE
4092256,1992-01-06,135347.13,F,5-LOW,Customer#000034519,BUILDING,PERU,AMERICA
1443397,1992-01-06,32464.62,F,4-NOT SPECIFIED,Customer#000083660,MACHINERY,UNITED STATES,AMERICA
2474469,1992-01-06,77474.33,F,4-NOT SPECIFIED,Customer#000133828,HOUSEHOLD,UNITED STATES,AMERICA
10432,1992-01-06,180353.24,F,5-LOW,Customer#000122957,AUTOMOBILE,ALGERIA,AFRICA
2649376,1992-01-06,131731.16,F,4-NOT SPECIFIED,Customer#000138335,FURNITURE,EGYPT,MIDDLE EAST
1987938,1992-01-06,62726.39,F,4-NOT SPECIFIED,Customer#000140855,HOUSEHOLD,BRAZIL,AMERICA
2572514,1992-01-06,92579.33,F,3-MEDIUM,Customer#000146984,HOUSEHOLD,MOZAMBIQUE,AFRICA
2696773,1992-01-06,132655.04,F,5-LOW,Customer#000067270,FURNITURE,UNITED STATES,AMERICA
2855367,1992-01-06,106371.75,F,4-NOT SPECIFIED,Customer#000018526,HOUSEHOLD,INDONESIA,ASIA
2413221,1992-01-06,102077.16,F,3-MEDIUM,Customer#000016132,AUTOMOBILE,ARGENTINA,AMERICA
4136544,1992-01-06,119264.77,F,5-LOW,Customer#000067130,HOUSEHOLD,ROMANIA,EUROPE
2588646,1992-01-06,257978.18,F,3-MEDIUM,Customer#000075955,HOUSEHOLD,GERMANY,EUROPE
2974053,1992-01-06,180415.94,F,4-NOT SPECIFIED,Customer#000019204,BUILDING,INDONESIA,ASIA
2159110,1992-01-06,102325.61,F,2-HIGH,Customer#000112111,BUILDING,PERU,AMERICA
289824,1992-01-06,89316.19,F,1-URGENT,Customer#000033911,FURNITURE,MOROCCO,AFRICA
2914951,1992-01-06,205368.08,F,1-URGENT,Customer#000123385,FURNITURE,JORDAN,MIDDLE EAST
2693955,1992-01-06,217778.18,F,4-NOT SPECIFIED,Customer#000053987,AUTOMOBILE,INDONESIA,ASIA
2427078,1992-01-06,249000.56,F,4-NOT SPECIFIED,Customer#000019522,AUTOMOBILE,MOZAMBIQUE,AFRICA
2800263,1992-01-06,136968.22,F,1-URGENT,Customer#000132535,BUILDING,CANADA,AMERICA
2524867,1992-01-06,209570.99,F,3-MEDIUM,Customer#000110333,BUILDING,INDIA,ASIA
2595268,1992-01-06,235932.27,F,2-HIGH,Customer#000058310,MACHINERY,KENYA,AFRICA
2509093,1992-01-06,323488.60,F,2-HIGH,Customer#000008428,BUILDING,JORDAN,MIDDLE EAST
2945888,1992-01-06,268055.60,F,4-NOT SPECIFIED,Customer#000067798,FURNITURE,INDONESIA,ASIA
2726183,1992-01-06,56938.85,F,3-MEDIUM,Customer#000123349,FURNITURE,ROMANIA,EUROPE
2607814,1992-01-06,43292.06,F,1-URGENT,Customer#000065678,HOUSEHOLD,MOROCCO,AFRICA
2948224,1992-01-06,243695.61,F,1-URGENT,Customer#000099680,AUTOMOBILE,IRAN,MIDDLE EAST
334308,1992-01-06,31441.52,F,4-NOT SPECIFIED,Customer#000111197,AUTOMOBILE,BRAZIL,AMERICA
2813956,1992-01-06,193007.51,F,1-URGENT,Customer#000127153,FURNITURE,INDONESIA,ASIA
2622018,1992-01-06,123179.82,F,5-LOW,Customer#000146563,BUILDING,GERMANY,EUROPE
2464102,1992-01-06,52370.95,F,2-HIGH,Customer#000011446,HOUSEHOLD,PERU,AMERICA
2553059,1992-01-06,193250.07,F,4-NOT SPECIFIED,Customer#000110693,BUILDING,UNITED KINGDOM,EUROPE
428289,1992-01-06,148622.55,F,4-NOT SPECIFIED,Customer#000001789,FURNITURE,ALGERIA,AFRICA
234727,1992-01-06,232230.29,F,2-HIGH,Customer#000121949,MACHINERY,UNITED STATES,AMERICA
2420195,1992-01-06,96150.37,F,2-HIGH,Customer#000025595,FURNITURE,RUSSIA,EUROPE
341510,1992-01-06,279156.02,F,5-LOW,Customer#000022459,BUILDING,FRANCE,EUROPE
5663106,1992-01-06,122910.17,F,4-NOT SPECIFIED,Customer#000059351,BUILDING,VIETNAM,ASIA
152450,1992-01-06,36114.24,F,5-LOW,Customer#000045587,FURNITURE,SAUDI ARABIA,MIDDLE EAST
2490982,1992-01-06,219240.88,F,2-HIGH,Customer#000074254,FURNITURE,EGYPT,MIDDLE EAST
2779973,1992-01-06,188283.15,F,5-LOW,Customer#000069316,FURNITURE,ALGERIA,AFRICA
242048,1992-01-06,240704.38,F,3-MEDIUM,Customer#000063920,MACHINERY,FRANCE,EUROPE
16036,1992-01-06,288746.34,F,3-MEDIUM,Customer#000080684,BUILDING,PERU,AMERICA
411684,1992-01-06,139329.34,F,1-URGENT,Customer#000126343,BUILDING,BRAZIL,AMERICA
260644,1992-01-06,163562.18,F,1-URGENT,Customer#000103583,BUILDING,GERMANY,EUROPE
429285,1992-01-06,145544.21,F,1-URGENT,Customer#000066158,HOUSEHOLD,KENYA,AFRICA
1689248,1992-01-06,165765.40,F,1-URGENT,Customer#000143710,HOUSEHOLD,JORDAN,MIDDLE EAST
87619,1992-01-06,49544.50,F,4-NOT SPECIFIED,Customer#000119188,FURNITURE,JAPAN,ASIA
25442,1992-01-06,139076.99,F,2-HIGH,Customer#000049870,HOUSEHOLD,ALGERIA,AFRICA
2896643,1992-01-06,63706.57,F,1-URGENT,Customer#000126736,MACHINERY,JAPAN,ASIA
292416,1992-01-06,163661.69,F,5-LOW,Customer#000109948,AUTOMOBILE,CHINA,ASIA
2432001,1992-01-06,196153.36,F,3-MEDIUM,Customer#000106978,HOUSEHOLD,INDIA,ASIA
2592583,1992-01-06,23774.11,F,1-URGENT,Customer#000040342,HOUSEHOLD,VIETNAM,ASIA
18625,1992-01-06,300837.36,F,1-URGENT,Customer#000148795,FURNITURE,UNITED STATES,AMERICA
164129,1992-01-06,79633.16,F,5-LOW,Customer#000088036,AUTOMOBILE,ALGERIA,AFRICA
352743,1992-01-06,233472.61,F,3-MEDIUM,Customer#000092705,MACHINERY,UNITED KINGDOM,EUROPE
2207842,1992-01-06,94725.14,F,3-MEDIUM,Customer#000137539,BUILDING,KENYA,AFRICA
261825,1992-01-06,107220.45,F,1-URGENT,Customer#000142765,FURNITURE,UNITED KINGDOM,EUROPE
2078532,1992-01-06,152454.45,F,5-LOW,Customer#000062360,BUILDING,KENYA,AFRICA
2877254,1992-01-06,42444.61,F,3-MEDIUM,Customer#000075164,FURNITURE,IRAQ,MIDDLE EAST
2052867,1992-01-06,240260.50,F,2-HIGH,Customer#000023194,BUILDING,VIETNAM,ASIA
556130,1992-01-06,251526.86,F,5-LOW,Customer#000039970,HOUSEHOLD,VIETNAM,ASIA
2056320,1992-01-06,180099.33,F,2-HIGH,Customer#000140527,MACHINERY,IRAQ,MIDDLE EAST
403460,1992-01-06,156945.33,F,4-NOT SPECIFIED,Customer#000000931,BUILDING,ALGERIA,AFRICA
4091809,1992-01-06,54785.27,F,4-NOT SPECIFIED,Customer#000141392,FURNITURE,VIETNAM,ASIA
395748,1992-01-06,1858.85,F,2-HIGH,Customer#000126332,FURNITURE,SAUDI ARABIA,MIDDLE EAST
272675,1992-01-06,197714.73,F,4-NOT SPECIFIED,Customer#000025498,MACHINERY,CHINA,ASIA
2125088,1992-01-06,143162.80,F,2-HIGH,Customer#000144382,BUILDING,BRAZIL,AMERICA
2041570,1992-01-06,244015.06,F,5-LOW,Customer#000086635,FURNITURE,ROMANIA,EUROPE
2269184,1992-01-06,222429.62,F,1-URGENT,Customer#000086245,AUTOMOBILE,ARGENTINA,AMERICA
308675,1992-01-06,355871.11,F,2-HIGH,Customer#000093911,AUTOMOBILE,KENYA,AFRICA
5601,1992-01-06,170229.81,F,2-HIGH,Customer#000010915,BUILDING,JORDAN,MIDDLE EAST
1200293,1992-01-06,336300.13,F,4-NOT SPECIFIED,Customer#000049828,FURNITURE,JAPAN,ASIA
2427141,1992-01-06,150623.66,F,4-NOT SPECIFIED,Customer#000057898,MACHINERY,KENYA,AFRICA
3840416,1992-01-06,179158.24,F,5-LOW,Customer#000149998,BUILDING,BRAZIL,AMERICA
4187073,1992-01-06,166659.62,F,3-MEDIUM,Customer#000008948,FURNITURE,IRAQ,MIDDLE EAST
1476832,1992-01-06,206124.22,F,5-LOW,Customer#000030058,AUTOMOBILE,ALGERIA,AFRICA
1698531,1992-01-06,252517.55,F,2-HIGH,Customer#000033109,AUTOMOBILE,CANADA,AMERICA
4114275,1992-01-06,124275.63,F,1-URGENT,Customer#000143843,HOUSEHOLD,KENYA,AFRICA
1233734,1992-01-06,231781.89,F,5-LOW,Customer#000135047,BUILDING,INDONESIA,ASIA
1641474,1992-01-06,255681.19,F,4-NOT SPECIFIED,Customer#000032383,MACHINERY,MOZAMBIQUE,AFRICA
3628359,1992-01-06,28669.18,F,4-NOT SPECIFIED,Customer#000051226,AUTOMOBILE,MOZAMBIQUE,AFRICA
1557027,1992-01-06,58907.18,F,2-HIGH,Customer#000014446,BUILDING,INDONESIA,ASIA
3938882,1992-01-06,84307.60,F,5-LOW,Customer#000140155,AUTOMOBILE,BRAZIL,AMERICA
924804,1992-01-06,168512.60,F,2-HIGH,Customer#000094705,MACHINERY,ETHIOPIA,AFRICA
1597159,1992-01-06,121561.89,F,5-LOW,Customer#000006304,FURNITURE,JORDAN,MIDDLE EAST
1448197,1992-01-06,286456.98,F,5-LOW,Customer#000014431,MACHINERY,IRAN,MIDDLE EAST
3879589,1992-01-06,245589.24,F,5-LOW,Customer#000130484,BUILDING,IRAQ,MIDDLE EAST
751616,1992-01-06,68681.19,F,2-HIGH,Customer#000128119,FURNITURE,BRAZIL,AMERICA
1490630,1992-01-06,366882.60,F,5-LOW,Customer#000128764,MACHINERY,MOZAMBIQUE,AFRICA
1637504,1992-01-06,103779.68,F,4-NOT SPECIFIED,Customer#000004412,MACHINERY,GERMANY,EUROPE
927045,1992-01-06,182526.73,F,3-MEDIUM,Customer#000051739,FURNITURE,UNITED KINGDOM,EUROPE
3767557,1992-01-06,172796.48,F,2-HIGH,Customer#000085651,FURNITURE,IRAN,MIDDLE EAST
3928388,1992-01-06,301207.02,F,2-HIGH,Customer#000001895,HOUSEHOLD,JAPAN,ASIA
3699396,1992-01-06,175859.95,F,5-LOW,Customer#000077353,FURNITURE,INDIA,ASIA
1793605,1992-01-06,102356.97,F,5-LOW,Customer#000025921,HOUSEHOLD,UNITED STATES,AMERICA
1427461,1992-01-06,150512.70,F,3-MEDIUM,Customer#000044438,HOUSEHOLD,UNITED STATES,AMERICA
1588672,1992-01-06,117092.44,F,3-MEDIUM,Customer#000011194,HOUSEHOLD,ALGERIA,AFRICA
1280231,1992-01-06,17897.68,F,1-URGENT,Customer#000034519,BUILDING,PERU,AMERICA
3691621,1992-01-06,270013.32,F,3-MEDIUM,Customer#000093241,BUILDING,RUSSIA,EUROPE
3848101,1992-01-06,181044.55,F,3-MEDIUM,Customer#000018958,AUTOMOBILE,ALGERIA,AFRICA
3885314,1992-01-06,40077.30,F,4-NOT SPECIFIED,Customer#000079570,AUTOMOBILE,FRANCE,EUROPE
1396064,1992-01-06,52571.60,F,5-LOW,Customer#000062689,FURNITURE,KENYA,AFRICA
1021318,1992-01-06,145100.16,F,4-NOT SPECIFIED,Customer#000044468,HOUSEHOLD,SAUDI ARABIA,MIDDLE EAST
1191874,1992-01-06,135604.92,F,2-HIGH,Customer#000005111,HOUSEHOLD,IRAN,MIDDLE EAST
3673927,1992-01-06,147989.25,F,2-HIGH,Customer#000055564,AUTOMOBILE,RUSSIA,EUROPE
3927207,1992-01-06,265183.94,F,2-HIGH,Customer#000120817,FURNITURE,INDIA,ASIA
3601988,1992-01-06,129828.41,F,1-URGENT,Customer#000013687,FURNITURE,IRAQ,MIDDLE EAST
1694915,1992-01-06,231418.92,F,2-HIGH,Customer#000136816,FURNITURE,UNITED KINGDOM,EUROPE
3649187,1992-01-06,119710.93,F,4-NOT SPECIFIED,Customer#000069760,MACHINERY,VIETNAM,ASIA
1768224,1992-01-06,46089.07,F,5-LOW,Customer#000005686,MACHINERY,INDIA,ASIA
664609,1992-01-06,44764.96,F,1-URGENT,Customer#000038390,MACHINERY,JORDAN,MIDDLE EAST
824292,1992-01-06,217879.76,F,2-HIGH,Customer#000014644,HOUSEHOLD,IRAQ,MIDDLE EAST
1374497,1992-01-06,34420.61,F,3-MEDIUM,Customer#000052771,BUILDING,UNITED KINGDOM,EUROPE
610022,1992-01-06,223624.15,F,5-LOW,Customer#000040718,FURNITURE,JORDAN,MIDDLE EAST
1542374,1992-01-06,42675.20,F,3-MEDIUM,Customer#000010207,HOUSEHOLD,MOROCCO,AFRICA
3857152,1992-01-06,86421.90,F,4-NOT SPECIFIED,Customer#000148037,BUILDING,JORDAN,MIDDLE EAST
4890081,1992-01-06,194767.52,F,1-URGENT,Customer#000076111,AUTOMOBILE,CHINA,ASIA
817440,1992-01-06,204265.93,F,1-URGENT,Customer#000015901,MACHINERY,MOROCCO,AFRICA
5801988,1992-01-06,145138.67,F,2-HIGH,Customer#000110081,BUILDING,UNITED KINGDOM,EUROPE
811015,1992-01-06,150788.41,F,2-HIGH,Customer#000126661,BUILDING,GERMANY,EUROPE
4968228,1992-01-06,170829.82,F,2-HIGH,Customer#000115981,AUTOMOBILE,INDONESIA,ASIA
1180516,1992-01-06,254907.66,F,1-URGENT,Customer#000037201,AUTOMOBILE,ETHIOPIA,AFRICA
4815526,1992-01-06,93519.17,F,5-LOW,Customer#000074509,BUILDING,JAPAN,ASIA
5467207,1992-01-06,73776.10,F,2-HIGH,Customer#000149281,AUTOMOBILE,SAUDI ARABIA,MIDDLE EAST
5677537,1992-01-06,171833.57,F,5-LOW,Customer#000131788,AUTOMOBILE,JAPAN,ASIA
5749376,1992-01-06,57922.10,F,3-MEDIUM,Customer#000006110,BUILDING,INDIA,ASIA
1082275,1992-01-06,106810.96,F,3-MEDIUM,Customer#000082217,HOUSEHOLD,IRAQ,MIDDLE EAST
978113,1992-01-06,142225.44,F,3-MEDIUM,Customer#000014800,HOUSEHOLD,EGYPT,MIDDLE EAST
5194499,1992-01-06,60594.82,F,2-HIGH,Customer#000103862,MACHINERY,JAPAN,ASIA
3891137,1992-01-06,291302.47,F,4-NOT SPECIFIED,Customer#000147460,BUILDING,MOZAMBIQUE,AFRICA
5551235,1992-01-06,71157.69,F,5-LOW,Customer#000095849,AUTOMOBILE,INDIA,ASIA
5632871,1992-01-06,227539.81,F,4-NOT SPECIFIED,Customer#000145744,HOUSEHOLD,BRAZIL,AMERICA
4918882,1992-01-06,6149.55,F,3-MEDIUM,Customer#000034141,HOUSEHOLD,PERU,AMERICA
937447,1992-01-06,156239.85,F,1-URGENT,Customer#000051733,AUTOMOBILE,UNITED KINGDOM,EUROPE
1127073,1992-01-06,37748.44,F,2-HIGH,Customer#000126377,BUILDING,ALGERIA,AFRICA
4180835,1992-01-06,232318.73,F,3-MEDIUM,Customer#000063688,MACHINERY,ALGERIA,AFRICA
1197827,1992-01-06,176243.57,F,2-HIGH,Customer#000114763,AUTOMOBILE,CHINA,ASIA
2330980,1992-01-06,240886.07,F,1-URGENT,Customer#000085993,MACHINERY,KENYA,AFRICA
3752612,1992-01-06,175627.09,F,3-MEDIUM,Customer#000109862,MACHINERY,INDONESIA,ASIA
945152,1992-01-06,254674.55,F,5-LOW,Customer#000125221,MACHINERY,KENYA,AFRICA
3712518,1992-01-06,164024.30,F,3-MEDIUM,Customer#000034903,FURNITURE,KENYA,AFRICA
1133830,1992-01-06,151264.02,F,3-MEDIUM,Customer#000027937,HOUSEHOLD,PERU,AMERICA
84930,1992-01-06,33720.26,F,4-NOT SPECIFIED,Customer#000016250,HOUSEHOLD,INDONESIA,ASIA
1046503,1992-01-06,117310.61,F,2-HIGH,Customer#000003986,FURNITURE,INDIA,ASIA
104292,1992-01-06,173885.03,F,4-NOT SPECIFIED,Customer#000115267,FURNITURE,ETHIOPIA,AFRICA
1411681,1992-01-06,61726.90,F,5-LOW,Customer#000081011,MACHINERY,SAUDI ARABIA,MIDDLE EAST
2963108,1992-01-06,192729.19,F,5-LOW,Customer#000080632,BUILDING,EGYPT,MIDDLE EAST
2209285,1992-01-06,96181.66,F,2-HIGH,Customer#000146186,AUTOMOBILE,UNITED STATES,AMERICA
1151427,1992-01-06,111518.42,F,1-URGENT,Customer#000048439,AUTOMOBILE,ROMANIA,EUROPE
591271,1992-01-06,170409.58,F,4-NOT SPECIFIED,Customer#000029530,FURNITURE,PERU,AMERICA
959360,1992-01-06,48194.91,F,1-URGENT,Customer#000118835,MACHINERY,BRAZIL,AMERICA
516256,1992-01-06,155921.33,F,4-NOT SPECIFIED,Customer#000093875,HOUSEHOLD,INDIA,ASIA
246115,1992-01-06,109910.56,F,3-MEDIUM,Customer#000034537,AUTOMOBILE,INDIA,ASIA
280642,1992-01-06,232689.53,F,5-LOW,Customer#000048343,AUTOMOBILE,CANADA,AMERICA
13444,1992-01-06,340600.61,F,2-HIGH,Customer#000017533,AUTOMOBILE,UNITED KINGDOM,EUROPE
2049409,1992-01-06,76096.75,F,5-LOW,Customer#000123350,AUTOMOBILE,IRAN,MIDDLE EAST
2155553,1992-01-06,51479.50,F,5-LOW,Customer#000052682,AUTOMOBILE,INDONESIA,ASIA
2180096,1992-01-06,24307.16,F,4-NOT SPECIFIED,Customer#000143413,MACHINERY,UNITED STATES,AMERICA
1949669,1992-01-06,127677.98,F,4-NOT SPECIFIED,Customer#000113407,FURNITURE,IRAQ,MIDDLE EAST
677254,1992-01-06,24963.66,F,5-LOW,Customer#000048928,FURNITURE,VIETNAM,ASIA
342725,1992-01-06,220280.55,F,1-URGENT,Customer#000114247,FURNITURE,VIETNAM,ASIA
644513,1992-01-06,163378.54,F,2-HIGH,Customer#000142414,FURNITURE,JAPAN,ASIA
2492291,1992-01-06,214565.63,F,4-NOT SPECIFIED,Customer#000062119,MACHINERY,IRAN,MIDDLE EAST
2723712,1992-01-06,166926.40,F,2-HIGH,Customer#000000784,BUILDING,KENYA,AFRICA
596679,1992-01-06,52802.03,F,4-NOT SPECIFIED,Customer#000135095,FURNITURE,INDONESIA,ASIA
2973121,1992-01-06,331916.37,F,2-HIGH,Customer#000023422,FURNITURE,JAPAN,ASIA
1088967,1992-01-06,132607.65,F,1-URGENT,Customer#000041677,FURNITURE,ETHIOPIA,AFRICA
842851,1992-01-06,81886.41,F,2-HIGH,Customer#000094786,AUTOMOBILE,EGYPT,MIDDLE EAST
3861476,1992-01-06,159765.73,F,4-NOT SPECIFIED,Customer#000143449,MACHINERY,INDONESIA,ASIA
781603,1992-01-06,187719.51,F,4-NOT SPECIFIED,Customer#000035440,BUILDING,KENYA,AFRICA
752642,1992-01-06,206369.26,F,3-MEDIUM,Customer#000124237,MACHINERY,IRAN,MIDDLE EAST
854212,1992-01-06,306531.62,F,2-HIGH,Customer#000080710,BUILDING,INDONESIA,ASIA
1010528,1992-01-06,133530.07,F,1-URGENT,Customer#000030221,MACHINERY,SAUDI ARABIA,MIDDLE EAST
2010433,1992-01-06,54431.35,F,1-URGENT,Customer#000086726,HOUSEHOLD,ARGENTINA,AMERICA
1252225,1992-01-06,337592.63,F,5-LOW,Customer#000092098,AUTOMOBILE,MOROCCO,AFRICA
180544,1992-01-06,124600.67,F,2-HIGH,Customer#000094901,BUILDING,GERMANY,EUROPE
932933,1992-01-06,124275.93,F,3-MEDIUM,Customer#000114269,AUTOMOBILE,VIETNAM,ASIA
683271,1992-01-06,186511.67,F,5-LOW,Customer#000118975,BUILDING,EGYPT,MIDDLE EAST
809125,1992-01-06,130163.59,F,1-URGENT,Customer#000142093,AUTOMOBILE,CANADA,AMERICA
616770,1992-01-06,234941.77,F,3-MEDIUM,Customer#000018067,MACHINERY,IRAQ,MIDDLE EAST
747654,1992-01-06,33700.40,F,1-URGENT,Customer#000066092,AUTOMOBILE,INDONESIA,ASIA
5424647,1992-01-06,218653.08,F,1-URGENT,Customer#000069200,HOUSEHOLD,CHINA,ASIA
1082756,1992-01-06,75841.99,F,1-URGENT,Customer#000011948,HOUSEHOLD,INDONESIA,ASIA
4992678,1992-01-06,31961.43,F,3-MEDIUM,Customer#000015470,MACHINERY,UNITED KINGDOM,EUROPE
991526,1992-01-06,116064.80,F,2-HIGH,Customer#000102010,AUTOMOBILE,INDONESIA,ASIA
989697,1992-01-06,144065.98,F,2-HIGH,Customer#000037915,FURNITURE,RUSSIA,EUROPE
4431395,1992-01-06,191338.34,F,2-HIGH,Customer#000102818,FURNITURE,UNITED KINGDOM,EUROPE
4914150,1992-01-06,184969.44,F,5-LOW,Customer#000030790,HOUSEHOLD,MOZAMBIQUE,AFRICA
1158149,1992-01-06,200936.40,F,3-MEDIUM,Customer#000030628,FURNITURE,IRAQ,MIDDLE EAST
1196097,1992-01-06,101731.48,F,2-HIGH,Customer#000091517,BUILDING,UNITED KINGDOM,EUROPE
5418178,1992-01-06,73043.51,F,4-NOT SPECIFIED,Customer#000102568,MACHINERY,UNITED STATES,AMERICA
824423,1992-01-06,129784.70,F,4-NOT SPECIFIED,Customer#000129868,MACHINERY,RUSSIA,EUROPE
941157,1992-01-06,194552.17,F,5-LOW,Customer#000103444,BUILDING,EGYPT,MIDDLE EAST
806533,1992-01-06,288446.60,F,1-URGENT,Customer#000055220,FURNITURE,BRAZIL,AMERICA
1035554,1992-01-06,278896.71,F,3-MEDIUM,Customer#000132985,MACHINERY,INDONESIA,ASIA
820418,1992-01-06,275566.11,F,4-NOT SPECIFIED,Customer#000085924,MACHINERY,INDONESIA,ASIA
698275,1992-01-06,30274.37,F,5-LOW,Customer#000065833,AUTOMOBILE,ARGENTINA,AMERICA
5644770,1992-01-06,118683.26,F,1-URGENT,Customer#000020866,FURNITURE,EGYPT,MIDDLE EAST
783906,1992-01-06,208489.57,F,4-NOT SPECIFIED,Customer#000101387,HOUSEHOLD,ARGENTINA,AMERICA
1187239,1992-01-06,78635.76,F,1-URGENT,Customer#000118720,AUTOMOBILE,FRANCE,EUROPE
1166567,1992-01-06,213154.08,F,2-HIGH,Customer#000067190,HOUSEHOLD,INDIA,ASIA
942022,1992-01-06,237724.05,F,3-MEDIUM,Customer#000110765,BUILDING,UNITED STATES,AMERICA
5120359,1992-01-06,135449.52,F,1-URGENT,Customer#000094927,BUILDING,JAPAN,ASIA
1014631,1992-01-06,32996.38,F,4-NOT SPECIFIED,Customer#000148100,MACHINERY,SAUDI ARABIA,MIDDLE EAST
682662,1992-01-06,163823.10,F,5-LOW,Customer#000045950,FURNITURE,RUSSIA,EUROPE
2125954,1992-01-06,301766.63,F,5-LOW,Customer#000003433,FURNITURE,UNITED STATES,AMERICA
2278791,1992-01-06,100364.36,F,1-URGENT,Customer#000110293,BUILDING,EGYPT,MIDDLE EAST
5656324,1992-01-06,15249.77,F,4-NOT SPECIFIED,Customer#000093793,AUTOMOBILE,SAUDI ARABIA,MIDDLE EAST
5323649,1992-01-06,268292.27,F,1-URGENT,Customer#000089834,FURNITURE,ARGENTINA,AMERICA
5402593,1992-01-06,215663.39,F,4-NOT SPECIFIED,Customer#000119948,MACHINERY,JORDAN,MIDDLE EAST
5131716,1992-01-06,87824.74,F,4-NOT SPECIFIED,Customer#000018094,HOUSEHOLD,INDIA,ASIA
5510693,1992-01-06,351945.59,F,1-URGENT,Customer#000072242,BUILDING,CANADA,AMERICA
4867457,1992-01-06,291729.84,F,5-LOW,Customer#000008780,AUTOMOBILE,KENYA,AFRICA
5224610,1992-01-06,146640.27,F,2-HIGH,Customer#000017413,FURNITURE,ALGERIA,AFRICA
5998756,1992-01-06,138643.15,F,3-MEDIUM,Customer#000122914,FURNITURE,SAUDI ARABIA,MIDDLE EAST
3687655,1992-01-06,118437.00,F,2-HIGH,Customer#000001511,MACHINERY,EGYPT,MIDDLE EAST
5329543,1992-01-06,88209.49,F,3-MEDIUM,Customer#000001192,BUILDING,SAUDI ARABIA,MIDDLE EAST
1182690,1992-01-06,85878.73,F,3-MEDIUM,Customer#000148012,BUILDING,ROMANIA,EUROPE
5317765,1992-01-06,164615.66,F,4-NOT SPECIFIED,Customer#000005975,MACHINERY,UNITED KINGDOM,EUROPE
5355713,1992-01-06,115508.45,F,5-LOW,Customer#000091865,AUTOMOBILE,JAPAN,ASIA
3427654,1992-01-06,140814.34,F,4-NOT SPECIFIED,Customer#000027929,HOUSEHOLD,GERMANY,EUROPE
3463591,1992-01-06,368002.98,F,4-NOT SPECIFIED,Customer#000070640,BUILDING,VIETNAM,ASIA
3171008,1992-01-06,86533.27,F,2-HIGH,Customer#000140513,AUTOMOBILE,ETHIOPIA,AFRICA
3088806,1992-01-06,1401.19,F,1-URGENT,Customer#000102568,MACHINERY,UNITED STATES,AMERICA
3737255,1992-01-06,198754.86,F,4-NOT SPECIFIED,Customer#000090946,FURNITURE,ROMANIA,EUROPE
3122247,1992-01-06,189713.43,F,1-URGENT,Customer#000099556,MACHINERY,GERMANY,EUROPE
5149700,1992-01-06,101826.93,F,2-HIGH,Customer#000026375,HOUSEHOLD,IRAN,MIDDLE EAST
3441792,1992-01-06,75536.53,F,3-MEDIUM,Customer#000047212,BUILDING,JAPAN,ASIA
3089508,1992-01-06,127913.35,F,4-NOT SPECIFIED,Customer#000067591,MACHINERY,KENYA,AFRICA
3537317,1992-01-06,119390.07,F,1-URGENT,Customer#000095230,BUILDING,INDONESIA,ASIA
4880039,1992-01-06,28144.05,F,4-NOT SPECIFIED,Customer#000080419,AUTOMOBILE,ALGERIA,AFRICA
664262,1992-01-06,108590.14,F,3-MEDIUM,Customer#000112643,HOUSEHOLD,SAUDI ARABIA,MIDDLE EAST
3390183,1992-01-06,326924.13,F,2-HIGH,Customer#000119407,HOUSEHOLD,EGYPT,MIDDLE EAST
5686978,1992-01-06,56802.03,F,3-MEDIUM,Customer#000138106,HOUSEHOLD,JAPAN,ASIA
3294151,1992-01-06,241104.88,F,4-NOT SPECIFIED,Customer#000147634,AUTOMOBILE,PERU,AMERICA
1027171,1992-01-06,147540.51,F,4-NOT SPECIFIED,Customer#000045172,HOUSEHOLD,GERMANY,EUROPE
3137796,1992-01-06,219653.57,F,3-MEDIUM,Customer#000064288,FURNITURE,PERU,AMERICA
3506727,1992-01-06,167973.83,F,3-MEDIUM,Customer#000037003,FURNITURE,CANADA,AMERICA
3345792,1992-01-06,120173.64,F,4-NOT SPECIFIED,Customer#000144457,FURNITURE,ROMANIA,EUROPE
3450240,1992-01-06,220063.58,F,4-NOT SPECIFIED,Customer#000009944,FURNITURE,UNITED KINGDOM,EUROPE
1183042,1992-01-06,67155.68,F,5-LOW,Customer#000092281,AUTOMOBILE,EGYPT,MIDDLE EAST
3512160,1992-01-06,157030.45,F,3-MEDIUM,Customer#000074458,HOUSEHOLD,EGYPT,MIDDLE EAST
4345088,1992-01-06,140858.29,F,5-LOW,Customer#000042211,BUILDING,EGYPT,MIDDLE EAST
4783139,1992-01-06,249619.07,F,4-NOT SPECIFIED,Customer#000067390,FURNITURE,SAUDI ARABIA,MIDDLE EAST
4294722,1992-01-06,149507.59,F,5-LOW,Customer#000003296,FURNITURE,JAPAN,ASIA
872995,1992-01-06,159350.23,F,5-LOW,Customer#000047521,BUILDING,ARGENTINA,AMERICA
3192579,1992-01-06,271703.81,F,3-MEDIUM,Customer#000074006,MACHINERY,ETHIOPIA,AFRICA
1106592,1992-01-06,110718.98,F,5-LOW,Customer#000109849,HOUSEHOLD,EGYPT,MIDDLE EAST
3939270,1992-01-06,247641.62,F,1-URGENT,Customer#000137990,FURNITURE,IRAN,MIDDLE EAST
5096742,1992-01-06,193041.35,F,3-MEDIUM,Customer#000053780,HOUSEHOLD,GERMANY,EUROPE
4856965,1992-01-06,259221.91,F,3-MEDIUM,Customer#000090997,MACHINERY,IRAN,MIDDLE EAST
926626,1992-01-06,32679.37,F,2-HIGH,Customer#000098513,BUILDING,CHINA,ASIA
5955651,1992-01-06,197062.82,F,5-LOW,Customer#000108554,HOUSEHOLD,EGYPT,MIDDLE EAST
5803329,1992-01-06,181891.40,F,4-NOT SPECIFIED,Customer#000081502,HOUSEHOLD,INDIA,ASIA
4859650,1992-01-06,134496.40,F,2-HIGH,Customer#000133502,FURNITURE,SAUDI ARABIA,MIDDLE EAST
5413220,1992-01-06,61908.34,F,1-URGENT,Customer#000137668,FURNITURE,RUSSIA,EUROPE
5713763,1992-01-06,135777.15,F,3-MEDIUM,Customer#000080720,MACHINERY,INDONESIA,ASIA
5690311,1992-01-06,277677.54,F,4-NOT SPECIFIED,Customer#000112546,FURNITURE,KENYA,AFRICA
3284448,1992-01-06,108265.07,F,1-URGENT,Customer#000017111,FURNITURE,CHINA,ASIA
914087,1992-01-06,148814.53,F,4-NOT SPECIFIED,Customer#000002275,AUTOMOBILE,FRANCE,EUROPE
5107014,1992-01-06,199484.70,F,4-NOT SPECIFIED,Customer#000096184,BUILDING,JAPAN,ASIA
4966855,1992-01-06,123842.82,F,2-HIGH,Customer#000071623,BUILDING,ALGERIA,AFRICA
5432551,1992-01-06,34911.81,F,4-NOT SPECIFIED,Customer#000061135,AUTOMOBILE,PERU,AMERICA
5884199,1992-01-06,91676.13,F,2-HIGH,Customer#000139696,MACHINERY,BRAZIL,AMERICA
5886211,1992-01-06,273737.94,F,2-HIGH,Customer#000100538,BUILDING,MOZAMBIQUE,AFRICA
5637511,1992-01-06,74471.61,F,5-LOW,Customer#000027010,MACHINERY,UNITED STATES,AMERICA
5070753,1992-01-06,167784.47,F,4-NOT SPECIFIED,Customer#000138176,HOUSEHOLD,ROMANIA,EUROPE
5736673,1992-01-06,84819.56,F,2-HIGH,Customer#000075284,MACHINERY,SAUDI ARABIA,MIDDLE EAST
4352545,1992-01-06,62188.82,F,1-URGENT,Customer#000080920,AUTOMOBILE,IRAQ,MIDDLE EAST
4559687,1992-01-06,256565.09,F,1-URGENT,Customer#000017404,FURNITURE,VIETNAM,ASIA
5673025,1992-01-06,25419.55,F,3-MEDIUM,Customer#000026902,MACHINERY,UNITED KINGDOM,EUROPE
4372580,1992-01-06,209881.46,F,3-MEDIUM,Customer#000048083,MACHINERY,VIETNAM,ASIA
4705028,1992-01-06,23126.93,F,1-URGENT,Customer#000064421,BUILDING,UNITED STATES,AMERICA
4419847,1992-01-06,217519.75,F,2-HIGH,Customer#000079963,BUILDING,IRAQ,MIDDLE EAST
957953,1992-01-06,125445.92,F,3-MEDIUM,Customer#000146327,AUTOMOBILE,JAPAN,ASIA
4762884,1992-01-06,66676.58,F,3-MEDIUM,Customer#000112285,BUILDING,UNITED STATES,AMERICA
4771617,1992-01-06,142063.14,F,2-HIGH,Customer#000120518,MACHINERY,INDIA,ASIA
4747494,1992-01-06,327256.94,F,5-LOW,Customer#000132787,FURNITURE,KENYA,AFRICA
4394022,1992-01-06,116669.76,F,1-URGENT,Customer#000140284,HOUSEHOLD,JORDAN,MIDDLE EAST
4765702,1992-01-06,139137.72,F,4-NOT SPECIFIED,Customer#000047890,MACHINERY,PERU,AMERICA
4475463,1992-01-06,127685.13,F,5-LOW,Customer#000112502,HOUSEHOLD,INDONESIA,ASIA
4304353,1992-01-06,231240.32,F,5-LOW,Customer#000085153,FURNITURE,IRAQ,MIDDLE EAST
5162566,1992-01-06,247062.27,F,4-NOT SPECIFIED,Customer#000074389,BUILDING,BRAZIL,AMERICA
4274244,1992-01-06,13877.62,F,4-NOT SPECIFIED,Customer#000034720,FURNITURE,RUSSIA,EUROPE
4320004,1992-01-06,148332.55,F,3-MEDIUM,Customer#000143677,AUTOMOBILE,PERU,AMERICA
4320899,1992-01-06,164992.13,F,4-NOT SPECIFIED,Customer#000071557,MACHINERY,ALGERIA,AFRICA
4274470,1992-01-06,124463.76,F,5-LOW,Customer#000085066,AUTOMOBILE,KENYA,AFRICA
4718209,1992-01-06,18604.71,F,2-HIGH,Customer#000145403,FURNITURE,IRAN,MIDDLE EAST
4350915,1992-01-06,205693.64,F,4-NOT SPECIFIED,Customer#000051143,BUILDING,IRAN,MIDDLE EAST
4272355,1992-01-06,5096.90,F,1-URGENT,Customer#000133687,HOUSEHOLD,ALGERIA,AFRICA
4672928,1992-01-06,95802.30,F,5-LOW,Customer#000077452,BUILDING,ROMANIA,EUROPE
4647591,1992-01-06,5143.83,F,4-NOT SPECIFIED,Customer#000082310,MACHINERY,SAUDI ARABIA,MIDDLE EAST
4727623,1992-01-06,3225.01,F,1-URGENT,Customer#000071102,FURNITURE,ALGERIA,AFRICA
4304356,1992-01-06,240426.42,F,2-HIGH,Customer#000013777,HOUSEHOLD,SAUDI ARABIA,MIDDLE EAST
4635362,1992-01-06,115389.79,F,3-MEDIUM,Customer#000027226,MACHINERY,UNITED KINGDOM,EUROPE
4810084,1992-01-06,328944.66,F,3-MEDIUM,Customer#000124897,BUILDING,MOROCCO,AFRICA
4372803,1992-01-06,71756.03,F,4-NOT SPECIFIED,Customer#000108808,FURNITURE,ETHIOPIA,AFRICA
1144164,1992-01-06,158946.03,F,5-LOW,Customer#000082585,AUTOMOBILE,GERMANY,EUROPE
4595301,1992-01-06,28207.66,F,5-LOW,Customer#000089864,BUILDING,RUSSIA,EUROPE
4657636,1992-01-06,228821.98,F,4-NOT SPECIFIED,Customer#000014980,FURNITURE,CANADA,AMERICA
4282374,1992-01-06,165169.31,F,5-LOW,Customer#000090448,AUTOMOBILE,EGYPT,MIDDLE EAST
4788385,1992-01-06,133317.82,F,2-HIGH,Customer#000000196,FURNITURE,CHINA,ASIA
4412258,1992-01-06,253154.18,F,4-NOT SPECIFIED,Customer#000132907,HOUSEHOLD,FRANCE,EUROPE
4793409,1992-01-06,178871.17,F,3-MEDIUM,Customer#000018341,BUILDING,GERMANY,EUROPE
4722817,1992-01-06,203508.24,F,3-MEDIUM,Customer#000004144,HOUSEHOLD,PERU,AMERICA
4702337,1992-01-06,201663.67,F,3-MEDIUM,Customer#000074029,FURNITURE,VIETNAM,ASIA
4669410,1992-01-06,132063.72,F,5-LOW,Customer#000036814,HOUSEHOLD,CHINA,ASIA
4780579,1992-01-06,201283.04,F,2-HIGH,Customer#000055154,HOUSEHOLD,BRAZIL,AMERICA
4628769,1992-01-06,131104.87,F,3-MEDIUM,Customer#000069859,AUTOMOBILE,BRAZIL,AMERICA
4428742,1992-01-06,63409.61,F,1-URGENT,Customer#000016649,BUILDING,PERU,AMERICA
4494400,1992-01-06,7933.31,F,1-URGENT,Customer#000025676,BUILDING,VIETNAM,ASIA
4628322,1992-01-06,129152.93,F,4-NOT SPECIFIED,Customer#000148565,HOUSEHOLD,INDONESIA,ASIA
4285859,1992-01-06,217866.74,F,5-LOW,Customer#000061159,BUILDING,INDIA,ASIA
1339073,1992-01-06,39162.55,F,3-MEDIUM,Customer#000114086,AUTOMOBILE,JORDAN,MIDDLE EAST
4432033,1992-01-06,68789.31,F,5-LOW,Customer#000122987,AUTOMOBILE,INDONESIA,ASIA
4427489,1992-01-06,217489.32,F,1-URGENT,Customer#000066298,FURNITURE,INDIA,ASIA
4491681,1992-01-06,57229.31,F,2-HIGH,Customer#000031381,AUTOMOBILE,INDONESIA,ASIA
4540418,1992-01-06,96333.83,F,4-NOT SPECIFIED,Customer#000042071,FURNITURE,IRAQ,MIDDLE EAST
4535937,1992-01-06,116535.47,F,3-MEDIUM,Customer#000112126,BUILDING,INDIA,ASIA
4552800,1992-01-06,63210.37,F,3-MEDIUM,Customer#000071720,HOUSEHOLD,PERU,AMERICA
4542821,1992-01-06,349833.53,F,2-HIGH,Customer#000081412,AUTOMOBILE,IRAN,MIDDLE EAST
4601506,1992-01-06,72902.48,F,5-LOW,Customer#000090091,MACHINERY,VIETNAM,ASIA
4452903,1992-01-06,266342.69,F,1-URGENT,Customer#000060580,BUILDING,BRAZIL,AMERICA
4440391,1992-01-06,201709.41,F,3-MEDIUM,Customer#000039317,AUTOMOBILE,EGYPT,MIDDLE EAST
4583879,1992-01-06,32883.46,F,1-URGENT,Customer#000127879,MACHINERY,UNITED KINGDOM,EUROPE
4690727,1992-01-06,62428.30,F,2-HIGH,Customer#000115456,AUTOMOBILE,IRAQ,MIDDLE EAST
1538598,1992-01-06,253998.23,F,4-NOT SPECIFIED,Customer#000134345,MACHINERY,CHINA,ASIA
4656960,1992-01-06,173850.27,F,4-NOT SPECIFIED,Customer#000139810,HOUSEHOLD,RUSSIA,EUROPE
4388708,1992-01-06,41883.99,F,2-HIGH,Customer#000004471,MACHINERY,BRAZIL,AMERICA
4413989,1992-01-06,183126.76,F,2-HIGH,Customer#000132085,BUILDING,ARGENTINA,AMERICA
4247328,1992-01-06,56578.57,F,1-URGENT,Customer#000048319,MACHINERY,BRAZIL,AMERICA
5821063,1992-01-06,108899.70,F,1-URGENT,Customer#000028366,HOUSEHOLD,ALGERIA,AFRICA
4531558,1992-01-06,161535.70,F,4-NOT SPECIFIED,Customer#000062537,MACHINERY,UNITED STATES,AMERICA
3815201,1992-01-06,322594.12,F,4-NOT SPECIFIED,Customer#000089462,FURNITURE,ARGENTINA,AMERICA
5285409,1992-01-06,182657.29,F,4-NOT SPECIFIED,Customer#000007727,MACHINERY,MOROCCO,AFRICA
5477607,1992-01-06,223522.18,F,4-NOT SPECIFIED,Customer#000066217,AUTOMOBILE,EGYPT,MIDDLE EAST
5336000,1992-01-06,195792.94,F,5-LOW,Customer#000003722,MACHINERY,SAUDI ARABIA,MIDDLE EAST
5340452,1992-01-06,75247.73,F,3-MEDIUM,Customer#000004847,MACHINERY,ROMANIA,EUROPE
4775072,1992-01-06,163503.13,F,5-LOW,Customer#000076897,AUTOMOBILE,UNITED STATES,AMERICA
4465575,1992-01-06,208748.82,F,1-URGENT,Customer#000119302,MACHINERY,CANADA,AMERICA
4283745,1992-01-06,236188.97,F,2-HIGH,Customer#000079261,MACHINERY,ROMANIA,EUROPE
4558534,1992-01-06,254475.80,F,4-NOT SPECIFIED,Customer#000113959,AUTOMOBILE,RUSSIA,EUROPE
1713284,1992-01-06,270428.10,F,5-LOW,Customer#000116744,HOUSEHOLD,FRANCE,EUROPE
3649350,1992-01-06,126196.42,F,2-HIGH,Customer#000042961,MACHINERY,MOROCCO,AFRICA
1412037,1992-01-06,280458.46,F,3-MEDIUM,Customer#000019840,AUTOMOBILE,ROMANIA,EUROPE
1368582,1992-01-06,70939.30,F,4-NOT SPECIFIED,Customer#000053578,BUILDING,JAPAN,ASIA
1378596,1992-01-06,232142.42,F,2-HIGH,Customer#000139540,BUILDING,JAPAN,ASIA
1573952,1992-01-06,45283.18,F,1-URGENT,Customer#000144845,MACHINERY,IRAQ,MIDDLE EAST
4072352,1992-01-06,88687.58,F,3-MEDIUM,Customer#000143455,HOUSEHOLD,RUSSIA,EUROPE
5497668,1992-01-06,180483.24,F,5-LOW,Customer#000072037,AUTOMOBILE,RUSSIA,EUROPE
3838083,1992-01-06,309807.48,F,5-LOW,Customer#000039586,BUILDING,BRAZIL,AMERICA
1501281,1992-01-06,105619.26,F,2-HIGH,Customer#000081970,HOUSEHOLD,INDONESIA,ASIA
4117123,1992-01-06,281678.57,F,5-LOW,Customer#000048119,HOUSEHOLD,MOROCCO,AFRICA
1647014,1992-01-06,42966.19,F,4-NOT SPECIFIED,Customer#000047785,HOUSEHOLD,ALGERIA,AFRICA
3703559,1992-01-06,258206.79,F,4-NOT SPECIFIED,Customer#000035326,AUTOMOBILE,VIETNAM,ASIA
1610880,1992-01-06,31032.76,F,5-LOW,Customer#000034000,MACHINERY,UNITED STATES,AMERICA
2704385,1992-01-06,86210.18,F,5-LOW,Customer#000018281,AUTOMOBILE,INDIA,ASIA
578533,1992-01-06,100931.59,F,2-HIGH,Customer#000058454,FURNITURE,EGYPT,MIDDLE EAST
1595622,1992-01-06,93653.36,F,3-MEDIUM,Customer#000146032,BUILDING,SAUDI ARABIA,MIDDLE EAST
3917415,1992-01-06,114182.23,F,2-HIGH,Customer#000014758,HOUSEHOLD,ARGENTINA,AMERICA
3764803,1992-01-06,129994.73,F,3-MEDIUM,Customer#000055390,FURNITURE,BRAZIL,AMERICA
4088513,1992-01-06,78655.94,F,3-MEDIUM,Customer#000034627,MACHINERY,CANADA,AMERICA
3608834,1992-01-06,81454.90,F,3-MEDIUM,Customer#000054842,AUTOMOBILE,ARGENTINA,AMERICA
1248197,1992-01-06,167154.15,F,3-MEDIUM,Customer#000143018,MACHINERY,SAUDI ARABIA,MIDDLE EAST
4070400,1992-01-06,75967.66,F,5-LOW,Customer#000143849,AUTOMOBILE,MOROCCO,AFRICA
3842983,1992-01-06,271239.86,F,2-HIGH,Customer#000019942,BUILDING,CHINA,ASIA
2876099,1992-01-06,197713.77,F,2-HIGH,Customer#000119572,MACHINERY,ETHIOPIA,AFRICA
1312770,1992-01-06,103285.81,F,2-HIGH,Customer#000090332,HOUSEHOLD,EGYPT,MIDDLE EAST
3602918,1992-01-06,153997.31,F,1-URGENT,Customer#000026362,MACHINERY,EGYPT,MIDDLE EAST
1813985,1992-01-06,21007.54,F,4-NOT SPECIFIED,Customer#000016099,BUILDING,BRAZIL,AMERICA
828000,1992-01-06,297760.36,F,4-NOT SPECIFIED,Customer#000059132,FURNITURE,CANADA,AMERICA
3986501,1992-01-06,250881.57,F,4-NOT SPECIFIED,Customer#000078242,HOUSEHOLD,INDIA,ASIA
2485505,1992-01-06,103168.94,F,2-HIGH,Customer#000046582,MACHINERY,PERU,AMERICA
5619106,1992-01-06,101917.30,F,5-LOW,Customer#000057253,BUILDING,PERU,AMERICA
1428353,1992-01-06,165156.82,F,4-NOT SPECIFIED,Customer#000120703,AUTOMOBILE,CHINA,ASIA
3575906,1992-01-06,72200.07,F,3-MEDIUM,Customer#000127672,AUTOMOBILE,KENYA,AFRICA
1438656,1992-01-06,140738.55,F,1-URGENT,Customer#000019765,FURNITURE,PERU,AMERICA
3890213,1992-01-06,231404.24,F,4-NOT SPECIFIED,Customer#000069377,FURNITURE,ETHIOPIA,AFRICA
2864612,1992-01-06,87968.58,F,5-LOW,Customer#000106381,AUTOMOBILE,JAPAN,ASIA
2476964,1992-01-06,330916.12,F,1-URGENT,Customer#000129707,FURNITURE,JORDAN,MIDDLE EAST
2701063,1992-01-06,114295.63,F,3-MEDIUM,Customer#000106471,FURNITURE,ROMANIA,EUROPE
2694080,1992-01-06,254933.97,F,3-MEDIUM,Customer#000086693,MACHINERY,BRAZIL,AMERICA
5142694,1992-01-06,178985.95,F,4-NOT SPECIFIED,Customer#000108667,HOUSEHOLD,ARGENTINA,AMERICA
2468773,1992-01-06,83657.35,F,1-URGENT,Customer#000112471,FURNITURE,JAPAN,ASIA
2794563,1992-01-06,218302.41,F,1-URGENT,Customer#000079912,BUILDING,RUSSIA,EUROPE
2469252,1992-01-06,62369.90,F,4-NOT SPECIFIED,Customer#000096370,FURNITURE,GERMANY,EUROPE
5872519,1992-01-06,163163.97,F,1-URGENT,Customer#000137845,MACHINERY,INDONESIA,ASIA
2461281,1992-01-06,28515.00,F,2-HIGH,Customer#000038308,HOUSEHOLD,JORDAN,MIDDLE EAST
5863682,1992-01-06,308065.73,F,5-LOW,Customer#000038605,HOUSEHOLD,JAPAN,ASIA
5323331,1992-01-06,127539.26,F,4-NOT SPECIFIED,Customer#000079603,MACHINERY,IRAN,MIDDLE EAST
5269701,1992-01-06,99938.72,F,3-MEDIUM,Customer#000004610,AUTOMOBILE,ETHIOPIA,AFRICA
5823140,1992-01-06,212710.69,F,3-MEDIUM,Customer#000037090,MACHINERY,PERU,AMERICA
5874244,1992-01-06,106435.81,F,5-LOW,Customer#000021034,BUILDING,MOZAMBIQUE,AFRICA
5091618,1992-01-06,109950.18,F,3-MEDIUM,Customer#000094570,BUILDING,UNITED KINGDOM,EUROPE
5792103,1992-01-06,183908.79,F,3-MEDIUM,Customer#000058021,MACHINERY,SAUDI ARABIA,MIDDLE EAST
5881926,1992-01-06,94607.68,F,3-MEDIUM,Customer#000058159,HOUSEHOLD,IRAN,MIDDLE EAST
5080421,1992-01-06,106092.36,F,1-URGENT,Customer#000088979,HOUSEHOLD,GERMANY,EUROPE
4950212,1992-01-06,102682.66,F,1-URGENT,Customer#000026449,FURNITURE,VIETNAM,ASIA
5444642,1992-01-06,41694.44,F,5-LOW,Customer#000127745,FURNITURE,ARGENTINA,AMERICA
5454145,1992-01-06,199318.61,F,2-HIGH,Customer#000111721,BUILDING,ALGERIA,AFRICA
5300867,1992-01-06,279309.31,F,2-HIGH,Customer#000023140,MACHINERY,BRAZIL,AMERICA
5991650,1992-01-06,169910.85,F,3-MEDIUM,Customer#000089773,FURNITURE,EGYPT,MIDDLE EAST
2418725,1992-01-06,121014.20,F,4-NOT SPECIFIED,Customer#000051760,AUTOMOBILE,ETHIOPIA,AFRICA
5905443,1992-01-06,256657.88,F,1-URGENT,Customer#000034510,FURNITURE,RUSSIA,EUROPE
5676803,1992-01-06,81834.05,F,5-LOW,Customer#000084376,FURNITURE,PERU,AMERICA
5580225,1992-01-06,47119.27,F,1-URGENT,Customer#000003050,AUTOMOBILE,MOROCCO,AFRICA
5337698,1992-01-06,175310.74,F,1-URGENT,Customer#000093757,MACHINERY,BRAZIL,AMERICA
4596902,1992-01-06,201716.72,F,2-HIGH,Customer#000029002,FURNITURE,ARGENTINA,AMERICA
5166560,1992-01-06,56834.65,F,4-NOT SPECIFIED,Customer#000018181,MACHINERY,ARGENTINA,AMERICA
1593862,1992-01-06,182285.33,F,3-MEDIUM,Customer#000022036,FURNITURE,JAPAN,ASIA
5002021,1992-01-06,54274.45,F,3-MEDIUM,Customer#000025879,FURNITURE,VIETNAM,ASIA
5236294,1992-01-06,139399.31,F,4-NOT SPECIFIED,Customer#000034442,MACHINERY,UNITED KINGDOM,EUROPE
2402915,1992-01-06,213638.57,F,3-MEDIUM,Customer#000076124,BUILDING,IRAQ,MIDDLE EAST
5984705,1992-01-06,69535.63,F,3-MEDIUM,Customer#000013888,MACHINERY,IRAQ,MIDDLE EAST
4932069,1992-01-06,308833.25,F,5-LOW,Customer#000127370,MACHINERY,SAUDI ARABIA,MIDDLE EAST
5907716,1992-01-06,87332.17,F,4-NOT SPECIFIED,Customer#000049505,HOUSEHOLD,KENYA,AFRICA
4861731,1992-01-06,69846.54,F,4-NOT SPECIFIED,Customer#000003587,AUTOMOBILE,ROMANIA,EUROPE
3896708,1992-01-06,52833.76,F,1-URGENT,Customer#000115867,MACHINERY,ARGENTINA,AMERICA
5870983,1992-01-06,32973.33,F,5-LOW,Customer#000098770,FURNITURE,INDIA,ASIA
5358759,1992-01-06,61060.90,F,5-LOW,Customer#000034651,FURNITURE,INDIA,ASIA
5612132,1992-01-06,250994.51,F,4-NOT SPECIFIED,Customer#000067825,BUILDING,EGYPT,MIDDLE EAST
4859814,1992-01-06,242567.76,F,4-NOT SPECIFIED,Customer#000100424,BUILDING,INDIA,ASIA
5866180,1992-01-06,22747.60,F,5-LOW,Customer#000023618,BUILDING,INDIA,ASIA
4934598,1992-01-06,224804.24,F,3-MEDIUM,Customer#000081103,MACHINERY,KENYA,AFRICA
2889607,1992-01-06,40484.27,F,5-LOW,Customer#000108938,MACHINERY,JAPAN,ASIA
5837605,1992-01-06,167997.39,F,1-URGENT,Customer#000056692,HOUSEHOLD,CANADA,AMERICA
5880866,1992-01-06,85809.55,F,2-HIGH,Customer#000049811,MACHINERY,IRAQ,MIDDLE EAST
5245381,1992-01-06,176171.65,F,3-MEDIUM,Customer#000031882,AUTOMOBILE,FRANCE,EUROPE
5260736,1992-01-06,96734.04,F,4-NOT SPECIFIED,Customer#000048983,MACHINERY,IRAQ,MIDDLE EAST
5316800,1992-01-06,127027.75,F,3-MEDIUM,Customer#000017803,HOUSEHOLD,INDONESIA,ASIA
5219873,1992-01-06,43528.69,F,1-URGENT,Customer#000061747,HOUSEHOLD,EGYPT,MIDDLE EAST
4906499,1992-01-06,230696.51,F,3-MEDIUM,Customer#000069245,HOUSEHOLD,MOZAMBIQUE,AFRICA
4832263,1992-01-06,77263.01,F,1-URGENT,Customer#000123830,FURNITURE,FRANCE,EUROPE
5597825,1992-01-06,172023.65,F,4-NOT SPECIFIED,Customer#000032362,BUILDING,IRAN,MIDDLE EAST
5390755,1992-01-06,182991.05,F,4-NOT SPECIFIED,Customer#000107776,MACHINERY,MOZAMBIQUE,AFRICA
4911335,1992-01-06,219960.41,F,4-NOT SPECIFIED,Customer#000034705,BUILDING,MOROCCO,AFRICA
1557376,1992-01-06,44414.72,F,2-HIGH,Customer#000114220,MACHINERY,SAUDI ARABIA,MIDDLE EAST
1508546,1992-01-06,148293.13,F,2-HIGH,Customer#000003475,FURNITURE,UNITED STATES,AMERICA
3736806,1992-01-06,329312.26,F,3-MEDIUM,Customer#000134353,HOUSEHOLD,UNITED STATES,AMERICA
3759619,1992-01-06,49853.04,F,3-MEDIUM,Customer#000056621,FURNITURE,ROMANIA,EUROPE
1668871,1992-01-06,268536.29,F,3-MEDIUM,Customer#000077261,AUTOMOBILE,SAUDI ARABIA,MIDDLE EAST
5848999,1992-01-06,158866.61,F,5-LOW,Customer#000114730,AUTOMOBILE,FRANCE,EUROPE
1520711,1992-01-06,51153.30,F,2-HIGH,Customer#000099427,BUILDING,JORDAN,MIDDLE EAST
4928102,1992-01-06,199926.64,F,2-HIGH,Customer#000028718,AUTOMOBILE,BRAZIL,AMERICA
1264993,1992-01-06,224552.13,F,1-URGENT,Customer#000107521,MACHINERY,INDIA,ASIA
5651044,1992-01-06,215682.96,F,1-URGENT,Customer#000129523,HOUSEHOLD,INDONESIA,ASIA
5548388,1992-01-06,206829.24,F,3-MEDIUM,Customer#000124726,MACHINERY,ALGERIA,AFRICA
1452965,1992-01-06,97615.39,F,5-LOW,Customer#000109282,FURNITURE,INDIA,ASIA
607137,1992-01-06,204583.26,F,2-HIGH,Customer#000129676,MACHINERY,INDONESIA,ASIA
2973062,1992-01-06,153101.65,F,4-NOT SPECIFIED,Customer#000030158,HOUSEHOLD,PERU,AMERICA
72901,1992-01-06,63831.88,F,5-LOW,Customer#000065920,BUILDING,EGYPT,MIDDLE EAST
513377,1992-01-06,198987.67,F,2-HIGH,Customer#000033868,FURNITURE,PERU,AMERICA
289958,1992-01-06,194115.84,F,4-NOT SPECIFIED,Customer#000146380,HOUSEHOLD,PERU,AMERICA
473409,1992-01-06,118379.23,F,4-NOT SPECIFIED,Customer#000045008,AUTOMOBILE,MOZAMBIQUE,AFRICA
189415,1992-01-06,221955.17,F,4-NOT SPECIFIED,Customer#000112018,MACHINERY,RUSSIA,EUROPE
180995,1992-01-06,35981.10,F,5-LOW,Customer#000023584,MACHINERY,ETHIOPIA,AFRICA
4800,1992-01-06,122013.08,F,5-LOW,Customer#000035170,AUTOMOBILE,ROMANIA,EUROPE
582368,1992-01-06,84959.65,F,1-URGENT,Customer#000094288,MACHINERY,JORDAN,MIDDLE EAST
586212,1992-01-06,64081.67,F,3-MEDIUM,Customer#000109627,HOUSEHOLD,INDIA,ASIA
432165,1992-01-06,77121.72,F,4-NOT SPECIFIED,Customer#000115858,HOUSEHOLD,KENYA,AFRICA
52517,1992-01-06,115035.08,F,3-MEDIUM,Customer#000035842,MACHINERY,SAUDI ARABIA,MIDDLE EAST
2458146,1992-01-06,51965.75,F,3-MEDIUM,Customer#000143140,BUILDING,MOZAMBIQUE,AFRICA
5747456,1992-01-06,3602.11,F,1-URGENT,Customer#000100427,MACHINERY,ETHIOPIA,AFRICA
744549,1992-01-06,118224.88,F,5-LOW,Customer#000105376,BUILDING,IRAQ,MIDDLE EAST
1975424,1992-01-06,303427.71,F,3-MEDIUM,Customer#000042145,FURNITURE,ALGERIA,AFRICA
751874,1992-01-06,383048.31,F,2-HIGH,Customer#000091156,AUTOMOBILE,INDONESIA,ASIA
2241925,1992-01-06,998.18,F,3-MEDIUM,Customer#000074654,AUTOMOBILE,CHINA,ASIA
1874404,1992-01-06,43244.60,F,1-URGENT,Customer#000071461,MACHINERY,INDONESIA,ASIA
1814725,1992-01-06,153059.15,F,3-MEDIUM,Customer#000093094,BUILDING,JAPAN,ASIA
2031458,1992-01-06,52111.55,F,2-HIGH,Customer#000010565,MACHINERY,UNITED STATES,AMERICA
423299,1992-01-06,136101.59,F,4-NOT SPECIFIED,Customer#000083995,FURNITURE,RUSSIA,EUROPE
2118405,1992-01-06,213111.78,F,4-NOT SPECIFIED,Customer#000006028,MACHINERY,ALGERIA,AFRICA
2020260,1992-01-06,222681.09,F,1-URGENT,Customer#000134095,BUILDING,CANADA,AMERICA
2292576,1992-01-06,221569.38,F,1-URGENT,Customer#000128588,BUILDING,JORDAN,MIDDLE EAST
5439008,1992-01-06,82448.90,F,3-MEDIUM,Customer#000004121,BUILDING,UNITED KINGDOM,EUROPE
1806822,1992-01-06,175378.07,F,4-NOT SPECIFIED,Customer#000043543,HOUSEHOLD,GERMANY,EUROPE
556742,1992-01-06,126712.77,F,5-LOW,Customer#000013783,MACHINERY,JORDAN,MIDDLE EAST
1382336,1992-01-06,203775.90,F,1-URGENT,Customer#000119389,MACHINERY,PERU,AMERICA
4963618,1992-01-06,283449.53,F,3-MEDIUM,Customer#000134563,AUTOMOBILE,FRANCE,EUROPE
1235840,1992-01-06,44029.73,F,5-LOW,Customer#000063418,BUILDING,VIETNAM,ASIA
1512999,1992-01-06,297635.26,F,1-URGENT,Customer#000013072,HOUSEHOLD,FRANCE,EUROPE
3638950,1992-01-06,208171.18,F,3-MEDIUM,Customer#000048635,AUTOMOBILE,CHINA,ASIA
5819943,1992-01-06,256280.59,F,2-HIGH,Customer#000019675,MACHINERY,PERU,AMERICA
1259201,1992-01-06,153685.69,F,5-LOW,Customer#000128257,MACHINERY,MOZAMBIQUE,AFRICA
5533761,1992-01-06,128604.06,F,4-NOT SPECIFIED,Customer#000035917,FURNITURE,CHINA,ASIA
1417536,1992-01-06,192223.28,F,2-HIGH,Customer#000078598,MACHINERY,UNITED STATES,AMERICA
3764960,1992-01-06,203865.30,F,1-URGENT,Customer#000097291,HOUSEHOLD,UNITED STATES,AMERICA
5077319,1992-01-06,285594.25,F,5-LOW,Customer#000046298,AUTOMOBILE,MOROCCO,AFRICA
5098914,1992-01-06,174985.38,F,1-URGENT,Customer#000004244,MACHINERY,EGYPT,MIDDLE EAST
2861024,1992-01-06,47775.08,F,1-URGENT,Customer#000028144,FURNITURE,ARGENTINA,AMERICA
5154019,1992-01-06,128587.02,F,3-MEDIUM,Customer#000137887,FURNITURE,UNITED KINGDOM,EUROPE
5960866,1992-01-06,211271.87,F,3-MEDIUM,Customer#000005339,MACHINERY,JAPAN,ASIA
487427,1992-01-06,142105.59,F,3-MEDIUM,Customer#000079054,MACHINERY,MOROCCO,AFRICA
1926274,1992-01-06,143668.03,F,2-HIGH,Customer#000013231,BUILDING,MOROCCO,AFRICA
2092837,1992-01-06,260842.90,F,1-URGENT,Customer#000015901,MACHINERY,MOROCCO,AFRICA
2392674,1992-01-06,100147.01,F,3-MEDIUM,Customer#000068149,AUTOMOBILE,CHINA,ASIA
2140771,1992-01-07,221739.43,F,1-URGENT,Customer#000137375,BUILDING,CANADA,AMERICA
2384963,1992-01-07,35852.44,F,5-LOW,Customer#000112015,HOUSEHOLD,INDIA,ASIA
3356069,1992-01-07,230958.91,F,4-NOT SPECIFIED,Customer#000144373,HOUSEHOLD,INDONESIA,ASIA
3101765,1992-01-07,233322.60,F,1-URGENT,Customer#000075736,HOUSEHOLD,RUSSIA,EUROPE
3187235,1992-01-07,258095.74,F,3-MEDIUM,Customer#000024299,MACHINERY,INDIA,ASIA
3583713,1992-01-07,239341.93,F,1-URGENT,Customer#000113126,MACHINERY,INDONESIA,ASIA
3227265,1992-01-07,98065.10,F,5-LOW,Customer#000079289,AUTOMOBILE,ARGENTINA,AMERICA
3148006,1992-01-07,62283.83,F,3-MEDIUM,Customer#000131066,AUTOMOBILE,UNITED KINGDOM,EUROPE
3350247,1992-01-07,200887.88,F,2-HIGH,Customer#000120646,MACHINERY,JORDAN,MIDDLE EAST
3116997,1992-01-07,100691.16,F,1-URGENT,Customer#000097655,BUILDING,EGYPT,MIDDLE EAST
3098599,1992-01-07,188579.15,F,3-MEDIUM,Customer#000036814,HOUSEHOLD,CHINA,ASIA
3014948,1992-01-07,148428.99,F,3-MEDIUM,Customer#000045103,BUILDING,ETHIOPIA,AFRICA
3517317,1992-01-07,230074.68,F,2-HIGH,Customer#000141748,HOUSEHOLD,UNITED KINGDOM,EUROPE
3290628,1992-01-07,204452.90,F,2-HIGH,Customer#000089518,AUTOMOBILE,ALGERIA,AFRICA
3338949,1992-01-07,106539.76,F,1-URGENT,Customer#000038744,MACHINERY,ETHIOPIA,AFRICA
3205316,1992-01-07,54730.65,F,2-HIGH,Customer#000009070,AUTOMOBILE,VIETNAM,ASIA
3307715,1992-01-07,201421.87,F,2-HIGH,Customer#000003269,AUTOMOBILE,IRAQ,MIDDLE EAST
3060004,1992-01-07,57640.56,F,5-LOW,Customer#000021322,FURNITURE,EGYPT,MIDDLE EAST
3492130,1992-01-07,105617.01,F,3-MEDIUM,Customer#000023632,HOUSEHOLD,INDIA,ASIA
3153348,1992-01-07,177568.67,F,3-MEDIUM,Customer#000121610,BUILDING,VIETNAM,ASIA
3597957,1992-01-07,107787.08,F,1-URGENT,Customer#000138931,BUILDING,RUSSIA,EUROPE
3368867,1992-01-07,17614.33,F,5-LOW,Customer#000077164,AUTOMOBILE,JORDAN,MIDDLE EAST
3562723,1992-01-07,56034.62,F,1-URGENT,Customer#000080323,BUILDING,INDONESIA,ASIA
3085665,1992-01-07,84182.47,F,4-NOT SPECIFIED,Customer#000119699,MACHINERY,PERU,AMERICA
3006406,1992-01-07,287077.59,F,5-LOW,Customer#000019699,MACHINERY,KENYA,AFRICA
3452577,1992-01-07,142638.43,F,2-HIGH,Customer#000108781,HOUSEHOLD,MOZAMBIQUE,AFRICA
3126755,1992-01-07,221655.66,F,3-MEDIUM,Customer#000095516,BUILDING,ALGERIA,AFRICA
3426791,1992-01-07,143266.73,F,3-MEDIUM,Customer#000011503,AUTOMOBILE,MOROCCO,AFRICA
3265250,1992-01-07,182596.98,F,2-HIGH,Customer#000101717,BUILDING,GERMANY,EUROPE
3415840,1992-01-07,260348.47,F,3-MEDIUM,Customer#000093865,HOUSEHOLD,ETHIOPIA,AFRICA
3398304,1992-01-07,236310.44,F,5-LOW,Customer#000047953,HOUSEHOLD,JORDAN,MIDDLE EAST
3165191,1992-01-07,173692.32,F,3-MEDIUM,Customer#000135556,AUTOMOBILE,INDIA,ASIA
3582311,1992-01-07,260896.74,F,5-LOW,Customer#000050797,FURNITURE,GERMANY,EUROPE
3517664,1992-01-07,168420.09,F,5-LOW,Customer#000088192,AUTOMOBILE,MOZAMBIQUE,AFRICA
834530,1992-01-07,72167.55,F,5-LOW,Customer#000004015,HOUSEHOLD,INDIA,ASIA
3228068,1992-01-07,174353.54,F,3-MEDIUM,Customer#000122993,FURNITURE,UNITED STATES,AMERICA
3018145,1992-01-07,14424.28,F,1-URGENT,Customer#000005074,MACHINERY,UNITED STATES,AMERICA
4685574,1992-01-07,302889.25,F,2-HIGH,Customer#000032522,FURNITURE,JORDAN,MIDDLE EAST
1804291,1992-01-07,134190.56,F,5-LOW,Customer#000017518,FURNITURE,CHINA,ASIA
2926178,1992-01-07,40223.96,F,4-NOT SPECIFIED,Customer#000110420,FURNITURE,INDONESIA,ASIA
2762176,1992-01-07,235512.70,F,1-URGENT,Customer#000064352,BUILDING,ARGENTINA,AMERICA
2690657,1992-01-07,229038.76,F,5-LOW,Customer#000071834,BUILDING,IRAQ,MIDDLE EAST
2897030,1992-01-07,38940.92,F,3-MEDIUM,Customer#000094609,AUTOMOBILE,CANADA,AMERICA
2428262,1992-01-07,264897.36,F,3-MEDIUM,Customer#000125500,BUILDING,PERU,AMERICA
1143874,1992-01-07,139184.11,F,4-NOT SPECIFIED,Customer#000002665,FURNITURE,MOZAMBIQUE,AFRICA
2788352,1992-01-07,280509.73,F,2-HIGH,Customer#000033076,MACHINERY,ARGENTINA,AMERICA
2877217,1992-01-07,249859.79,F,4-NOT SPECIFIED,Customer#000104731,AUTOMOBILE,ALGERIA,AFRICA
653890,1992-01-07,280328.49,F,3-MEDIUM,Customer#000053192,BUILDING,RUSSIA,EUROPE
2760704,1992-01-07,154582.91,F,4-NOT SPECIFIED,Customer#000133709,BUILDING,MOROCCO,AFRICA
1016035,1992-01-07,134245.75,F,1-URGENT,Customer#000004135,MACHINERY,IRAN,MIDDLE EAST
4400513,1992-01-07,50535.00,F,2-HIGH,Customer#000011279,MACHINERY,KENYA,AFRICA
1094053,1992-01-07,132537.81,F,2-HIGH,Customer#000082459,FURNITURE,ALGERIA,AFRICA
2777029,1992-01-07,164775.36,F,5-LOW,Customer#000046000,FURNITURE,IRAQ,MIDDLE EAST
2957668,1992-01-07,96103.29,F,3-MEDIUM,Customer#000028772,FURNITURE,ETHIOPIA,AFRICA
2914215,1992-01-07,60001.70,F,5-LOW,Customer#000069538,FURNITURE,INDONESIA,ASIA
4382276,1992-01-07,89568.24,F,1-URGENT,Customer#000148799,MACHINERY,MOROCCO,AFRICA
4330055,1992-01-07,247309.68,F,1-URGENT,Customer#000059429,MACHINERY,JAPAN,ASIA
2596224,1992-01-07,66354.31,F,5-LOW,Customer#000097124,BUILDING,SAUDI ARABIA,MIDDLE EAST
4578243,1992-01-07,148558.75,F,4-NOT SPECIFIED,Customer#000037523,BUILDING,IRAN,MIDDLE EAST
2683461,1992-01-07,129125.56,F,4-NOT SPECIFIED,Customer#000138367,FURNITURE,ALGERIA,AFRICA
4324643,1992-01-07,86340.31,F,2-HIGH,Customer#000048290,BUILDING,IRAN,MIDDLE EAST
4571264,1992-01-07,80744.49,F,5-LOW,Customer#000148768,AUTOMOBILE,FRANCE,EUROPE
4339367,1992-01-07,236820.78,F,4-NOT SPECIFIED,Customer#000020054,MACHINERY,ARGENTINA,AMERICA
4475266,1992-01-07,68035.74,F,4-NOT SPECIFIED,Customer#000084785,AUTOMOBILE,IRAQ,MIDDLE EAST
4367778,1992-01-07,237831.66,F,4-NOT SPECIFIED,Customer#000024068,HOUSEHOLD,INDIA,ASIA
2902080,1992-01-07,38788.70,F,5-LOW,Customer#000138439,HOUSEHOLD,INDONESIA,ASIA
4590050,1992-01-07,186253.15,F,1-URGENT,Customer#000138754,AUTOMOBILE,PERU,AMERICA
2947461,1992-01-07,58730.65,F,4-NOT SPECIFIED,Customer#000134377,FURNITURE,JAPAN,ASIA
4342626,1992-01-07,331606.40,F,2-HIGH,Customer#000036229,BUILDING,ETHIOPIA,AFRICA
4786050,1992-01-07,110935.09,F,5-LOW,Customer#000070363,AUTOMOBILE,MOZAMBIQUE,AFRICA
2729698,1992-01-07,92477.86,F,2-HIGH,Customer#000034670,BUILDING,RUSSIA,EUROPE
4581573,1992-01-07,98468.94,F,5-LOW,Customer#000012769,MACHINERY,ALGERIA,AFRICA
4659015,1992-01-07,136017.04,F,5-LOW,Customer#000047146,HOUSEHOLD,ALGERIA,AFRICA
2525508,1992-01-07,272022.03,F,4-NOT SPECIFIED,Customer#000047212,BUILDING,JAPAN,ASIA
4320801,1992-01-07,93739.53,F,3-MEDIUM,Customer#000014413,MACHINERY,EGYPT,MIDDLE EAST
2931201,1992-01-07,237083.67,F,2-HIGH,Customer#000127709,AUTOMOBILE,ARGENTINA,AMERICA
2688868,1992-01-07,221846.28,F,5-LOW,Customer#000027955,MACHINERY,EGYPT,MIDDLE EAST
2246115,1992-01-07,183981.00,F,2-HIGH,Customer#000007459,HOUSEHOLD,UNITED STATES,AMERICA
2979973,1992-01-07,17198.85,F,1-URGENT,Customer#000062833,BUILDING,INDONESIA,ASIA
1842528,1992-01-07,249226.44,F,5-LOW,Customer#000129617,HOUSEHOLD,UNITED STATES,AMERICA
1819974,1992-01-07,143661.99,F,5-LOW,Customer#000065402,BUILDING,JAPAN,ASIA
2434758,1992-01-07,226334.66,F,4-NOT SPECIFIED,Customer#000034660,FURNITURE,CANADA,AMERICA
2714470,1992-01-07,183708.92,F,2-HIGH,Customer#000086347,AUTOMOBILE,CANADA,AMERICA
796357,1992-01-07,1436.88,F,5-LOW,Customer#000002104,FURNITURE,UNITED STATES,AMERICA
2730592,1992-01-07,162040.34,F,5-LOW,Customer#000061555,BUILDING,ETHIOPIA,AFRICA
2732485,1992-01-07,209221.23,F,4-NOT SPECIFIED,Customer#000031531,BUILDING,ARGENTINA,AMERICA
2808388,1992-01-07,355381.48,F,5-LOW,Customer#000072074,AUTOMOBILE,GERMANY,EUROPE
2855558,1992-01-07,310314.62,F,5-LOW,Customer#000031897,HOUSEHOLD,UNITED STATES,AMERICA
2356039,1992-01-07,134119.87,F,3-MEDIUM,Customer#000017465,BUILDING,GERMANY,EUROPE
2164995,1992-01-07,270980.84,F,1-URGENT,Customer#000069860,BUILDING,IRAQ,MIDDLE EAST
2011746,1992-01-07,44707.40,F,5-LOW,Customer#000032698,AUTOMOBILE,SAUDI ARABIA,MIDDLE EAST
5312996,1992-01-07,85404.32,F,2-HIGH,Customer#000051079,AUTOMOBILE,VIETNAM,ASIA
2405796,1992-01-07,84133.11,F,5-LOW,Customer#000044261,FURNITURE,INDIA,ASIA
5340551,1992-01-07,186444.00,F,4-NOT SPECIFIED,Customer#000128251,HOUSEHOLD,UNITED STATES,AMERICA
5838660,1992-01-07,206890.36,F,4-NOT SPECIFIED,Customer#000088234,AUTOMOBILE,MOROCCO,AFRICA
2973057,1992-01-07,143499.17,F,4-NOT SPECIFIED,Customer#000037660,FURNITURE,EGYPT,MIDDLE EAST
2538469,1992-01-07,279681.43,F,3-MEDIUM,Customer#000134128,HOUSEHOLD,MOZAMBIQUE,AFRICA
2019905,1992-01-07,145893.49,F,5-LOW,Customer#000072172,FURNITURE,ETHIOPIA,AFRICA
2002435,1992-01-07,129937.18,F,5-LOW,Customer#000072955,HOUSEHOLD,VIETNAM,ASIA
4904739,1992-01-07,171528.77,F,1-URGENT,Customer#000081145,HOUSEHOLD,INDONESIA,ASIA
5041571,1992-01-07,106189.63,F,2-HIGH,Customer#000115151,BUILDING,RUSSIA,EUROPE
1863873,1992-01-07,31793.78,F,3-MEDIUM,Customer#000045838,AUTOMOBILE,CHINA,ASIA
843748,1992-01-07,260495.28,F,3-MEDIUM,Customer#000141799,HOUSEHOLD,UNITED STATES,AMERICA
5103520,1992-01-07,126830.47,F,5-LOW,Customer#000136222,HOUSEHOLD,IRAQ,MIDDLE EAST
1173476,1992-01-07,185430.41,F,5-LOW,Customer#000122743,FURNITURE,GERMANY,EUROPE
4992805,1992-01-07,209137.24,F,4-NOT SPECIFIED,Customer#000077926,HOUSEHOLD,CHINA,ASIA
2204516,1992-01-07,224345.70,F,3-MEDIUM,Customer#000080066,BUILDING,UNITED STATES,AMERICA
2009062,1992-01-07,51514.99,F,4-NOT SPECIFIED,Customer#000032219,FURNITURE,UNITED KINGDOM,EUROPE
4694949,1992-01-07,158392.66,F,5-LOW,Customer#000060733,AUTOMOBILE,SAUDI ARABIA,MIDDLE EAST
4367943,1992-01-07,141112.08,F,5-LOW,Customer#000052291,BUILDING,MOZAMBIQUE,AFRICA
5902211,1992-01-07,207615.70,F,1-URGENT,Customer#000108157,AUTOMOBILE,UNITED KINGDOM,EUROPE
290432,1992-01-07,155984.03,F,2-HIGH,Customer#000129841,AUTOMOBILE,GERMANY,EUROPE
358501,1992-01-07,110924.93,F,4-NOT SPECIFIED,Customer#000018016,BUILDING,UNITED STATES,AMERICA
57698,1992-01-07,215426.43,F,1-URGENT,Customer#000095219,BUILDING,PERU,AMERICA
439235,1992-01-07,287614.75,F,1-URGENT,Customer#000048868,HOUSEHOLD,ROMANIA,EUROPE
1874566,1992-01-07,102139.42,F,2-HIGH,Customer#000091486,BUILDING,VIETNAM,ASIA
102085,1992-01-07,134112.85,F,2-HIGH,Customer#000037348,BUILDING,IRAN,MIDDLE EAST
4002279,1992-01-07,231986.06,F,1-URGENT,Customer#000121202,MACHINERY,BRAZIL,AMERICA
4046788,1992-01-07,238810.17,F,5-LOW,Customer#000030226,MACHINERY,UNITED STATES,AMERICA
1424961,1992-01-07,181358.95,F,5-LOW,Customer#000089057,MACHINERY,EGYPT,MIDDLE EAST
731015,1992-01-07,121936.79,F,5-LOW,Customer#000144346,BUILDING,JORDAN,MIDDLE EAST
1473187,1992-01-07,87224.60,F,4-NOT SPECIFIED,Customer#000089605,MACHINERY,JAPAN,ASIA
1953218,1992-01-07,255614.89,F,5-LOW,Customer#000142051,MACHINERY,IRAN,MIDDLE EAST
2323367,1992-01-07,138784.46,F,2-HIGH,Customer#000053539,AUTOMOBILE,FRANCE,EUROPE
3955974,1992-01-07,86739.39,F,2-HIGH,Customer#000045712,FURNITURE,BRAZIL,AMERICA
3857191,1992-01-07,237534.25,F,2-HIGH,Customer#000023929,HOUSEHOLD,GERMANY,EUROPE
1820643,1992-01-07,127577.62,F,5-LOW,Customer#000107980,BUILDING,KENYA,AFRICA
1493698,1992-01-07,202541.68,F,1-URGENT,Customer#000119248,AUTOMOBILE,EGYPT,MIDDLE EAST
1263779,1992-01-07,273011.86,F,3-MEDIUM,Customer#000090235,FURNITURE,VIETNAM,ASIA
2071588,1992-01-07,46168.28,F,1-URGENT,Customer#000094414,FURNITURE,UNITED KINGDOM,EUROPE
2097956,1992-01-07,171261.08,F,1-URGENT,Customer#000138047,MACHINERY,FRANCE,EUROPE
1825319,1992-01-07,183715.99,F,5-LOW,Customer#000011536,MACHINERY,VIETNAM,ASIA
1819329,1992-01-07,179071.63,F,2-HIGH,Customer#000052958,HOUSEHOLD,PERU,AMERICA
4125378,1992-01-07,221458.15,F,2-HIGH,Customer#000002167,HOUSEHOLD,CHINA,ASIA
2643815,1992-01-07,8803.20,F,5-LOW,Customer#000021439,FURNITURE,FRANCE,EUROPE
4408486,1992-01-07,239070.69,F,1-URGENT,Customer#000035888,FURNITURE,INDIA,ASIA
4566662,1992-01-07,115139.62,F,2-HIGH,Customer#000052139,FURNITURE,PERU,AMERICA
3294305,1992-01-07,282744.61,F,3-MEDIUM,Customer#000148165,FURNITURE,CANADA,AMERICA
3509539,1992-01-07,198103.59,F,3-MEDIUM,Customer#000082723,BUILDING,ETHIOPIA,AFRICA
3437988,1992-01-07,318172.72,F,4-NOT SPECIFIED,Customer#000036467,HOUSEHOLD,CANADA,AMERICA
3220737,1992-01-07,60438.71,F,2-HIGH,Customer#000113387,BUILDING,MOROCCO,AFRICA
2078663,1992-01-07,254194.72,F,1-URGENT,Customer#000052153,FURNITURE,INDONESIA,ASIA
3115714,1992-01-07,80755.90,F,2-HIGH,Customer#000086308,BUILDING,JAPAN,ASIA
2114179,1992-01-07,243876.41,F,1-URGENT,Customer#000028285,MACHINERY,ROMANIA,EUROPE
2238566,1992-01-07,263235.69,F,1-URGENT,Customer#000034972,HOUSEHOLD,CANADA,AMERICA
2371969,1992-01-07,48756.77,F,2-HIGH,Customer#000044701,FURNITURE,KENYA,AFRICA
2159040,1992-01-07,94863.64,F,2-HIGH,Customer#000109703,HOUSEHOLD,UNITED STATES,AMERICA
5150983,1992-01-07,320781.69,F,2-HIGH,Customer#000026512,FURNITURE,IRAQ,MIDDLE EAST
4392485,1992-01-07,85918.21,F,5-LOW,Customer#000024983,HOUSEHOLD,UNITED KINGDOM,EUROPE
1837797,1992-01-07,289439.53,F,1-URGENT,Customer#000138589,BUILDING,VIETNAM,ASIA
1829190,1992-01-07,168098.30,F,5-LOW,Customer#000000653,BUILDING,IRAQ,MIDDLE EAST
3335521,1992-01-07,67111.38,F,4-NOT SPECIFIED,Customer#000006341,AUTOMOBILE,MOZAMBIQUE,AFRICA
2213446,1992-01-07,192729.53,F,5-LOW,Customer#000096428,HOUSEHOLD,ETHIOPIA,AFRICA
5934694,1992-01-07,136488.04,F,4-NOT SPECIFIED,Customer#000021782,AUTOMOBILE,CANADA,AMERICA
4671399,1992-01-07,60692.09,F,5-LOW,Customer#000000700,MACHINERY,ALGERIA,AFRICA
4543428,1992-01-07,65043.78,F,1-URGENT,Customer#000024422,AUTOMOBILE,GERMANY,EUROPE
5816802,1992-01-07,140716.21,F,1-URGENT,Customer#000052261,HOUSEHOLD,IRAN,MIDDLE EAST
2569412,1992-01-07,70456.62,F,5-LOW,Customer#000072493,AUTOMOBILE,ALGERIA,AFRICA
5889505,1992-01-07,82499.28,F,3-MEDIUM,Customer#000005282,MACHINERY,ARGENTINA,AMERICA
5293794,1992-01-07,106596.87,F,3-MEDIUM,Customer#000048037,MACHINERY,VIETNAM,ASIA
2765059,1992-01-07,253192.46,F,3-MEDIUM,Customer#000045064,BUILDING,MOROCCO,AFRICA
2889829,1992-01-07,21433.74,F,4-NOT SPECIFIED,Customer#000105359,FURNITURE,EGYPT,MIDDLE EAST
2989125,1992-01-07,20611.26,F,1-URGENT,Customer#000124996,AUTOMOBILE,MOZAMBIQUE,AFRICA
2578755,1992-01-07,280402.71,F,3-MEDIUM,Customer#000076571,MACHINERY,CANADA,AMERICA
2513382,1992-01-07,81446.39,F,1-URGENT,Customer#000024223,BUILDING,CANADA,AMERICA
2752067,1992-01-07,84347.79,F,3-MEDIUM,Customer#000119017,FURNITURE,IRAQ,MIDDLE EAST
3168103,1992-01-07,191207.49,F,3-MEDIUM,Customer#000027925,AUTOMOBILE,GERMANY,EUROPE
3436834,1992-01-07,12138.59,F,5-LOW,Customer#000112847,BUILDING,JAPAN,ASIA
3315492,1992-01-07,167167.07,F,4-NOT SPECIFIED,Customer#000059708,BUILDING,INDIA,ASIA
3208198,1992-01-07,139753.67,F,1-URGENT,Customer#000005434,MACHINERY,PERU,AMERICA
2263109,1992-01-07,22055.31,F,2-HIGH,Customer#000136033,MACHINERY,EGYPT,MIDDLE EAST
3168518,1992-01-07,274900.24,F,3-MEDIUM,Customer#000126260,MACHINERY,UNITED KINGDOM,EUROPE
3083171,1992-01-07,100953.28,F,2-HIGH,Customer#000135871,AUTOMOBILE,ETHIOPIA,AFRICA
4621059,1992-01-07,293944.88,F,2-HIGH,Customer#000120910,AUTOMOBILE,ROMANIA,EUROPE
3021025,1992-01-07,195707.11,F,4-NOT SPECIFIED,Customer#000116200,HOUSEHOLD,INDONESIA,ASIA
3313319,1992-01-07,73235.51,F,5-LOW,Customer#000037204,HOUSEHOLD,UNITED KINGDOM,EUROPE
5764646,1992-01-07,220712.22,F,4-NOT SPECIFIED,Customer#000044990,MACHINERY,MOROCCO,AFRICA
3153058,1992-01-07,24666.26,F,2-HIGH,Customer#000028177,BUILDING,JAPAN,ASIA
4854021,1992-01-07,143546.17,F,5-LOW,Customer#000068344,FURNITURE,INDONESIA,ASIA
5625635,1992-01-07,118467.70,F,5-LOW,Customer#000145786,BUILDING,CHINA,ASIA
4852035,1992-01-07,41116.63,F,4-NOT SPECIFIED,Customer#000012700,BUILDING,FRANCE,EUROPE
3140227,1992-01-07,49732.46,F,4-NOT SPECIFIED,Customer#000115579,HOUSEHOLD,MOROCCO,AFRICA
2452580,1992-01-07,42571.68,F,2-HIGH,Customer#000004354,AUTOMOBILE,BRAZIL,AMERICA
91941,1992-01-07,180862.43,F,4-NOT SPECIFIED,Customer#000088321,HOUSEHOLD,VIETNAM,ASIA
967430,1992-01-07,109492.83,F,4-NOT SPECIFIED,Customer#000136352,MACHINERY,RUSSIA,EUROPE
228805,1992-01-07,1730.59,F,4-NOT SPECIFIED,Customer#000128594,MACHINERY,BRAZIL,AMERICA
78276,1992-01-07,201238.43,F,5-LOW,Customer#000036581,MACHINERY,INDONESIA,ASIA
400903,1992-01-07,156966.04,F,2-HIGH,Customer#000126784,AUTOMOBILE,CANADA,AMERICA
72807,1992-01-07,72816.21,F,2-HIGH,Customer#000145174,MACHINERY,ALGERIA,AFRICA
2983,1992-01-07,66398.29,F,1-URGENT,Customer#000061165,BUILDING,MOZAMBIQUE,AFRICA
475681,1992-01-07,45594.20,F,4-NOT SPECIFIED,Customer#000060902,FURNITURE,CANADA,AMERICA
252672,1992-01-07,40543.48,F,2-HIGH,Customer#000063541,FURNITURE,VIETNAM,ASIA
394945,1992-01-07,102739.09,F,2-HIGH,Customer#000039589,AUTOMOBILE,BRAZIL,AMERICA
450567,1992-01-07,193748.39,F,4-NOT SPECIFIED,Customer#000045860,HOUSEHOLD,INDIA,ASIA
1320645,1992-01-07,262415.70,F,3-MEDIUM,Customer#000025274,HOUSEHOLD,GERMANY,EUROPE
497030,1992-01-07,24457.01,F,4-NOT SPECIFIED,Customer#000037684,BUILDING,MOZAMBIQUE,AFRICA
3943974,1992-01-07,204965.23,F,3-MEDIUM,Customer#000077599,MACHINERY,ROMANIA,EUROPE
3758498,1992-01-07,180225.58,F,4-NOT SPECIFIED,Customer#000126445,AUTOMOBILE,VIETNAM,ASIA
3622660,1992-01-07,164519.92,F,2-HIGH,Customer#000136765,FURNITURE,UNITED KINGDOM,EUROPE
3712160,1992-01-07,244156.76,F,3-MEDIUM,Customer#000143779,HOUSEHOLD,KENYA,AFRICA
5648804,1992-01-07,141941.65,F,2-HIGH,Customer#000019450,MACHINERY,ARGENTINA,AMERICA
457536,1992-01-07,90217.85,F,3-MEDIUM,Customer#000069991,FURNITURE,GERMANY,EUROPE
5064929,1992-01-07,241628.55,F,1-URGENT,Customer#000081833,MACHINERY,ALGERIA,AFRICA
5615107,1992-01-07,86425.73,F,2-HIGH,Customer#000033692,BUILDING,MOROCCO,AFRICA
5172356,1992-01-07,171615.59,F,2-HIGH,Customer#000046303,FURNITURE,ROMANIA,EUROPE
3738500,1992-01-07,319168.11,F,1-URGENT,Customer#000091649,HOUSEHOLD,CANADA,AMERICA
4845600,1992-01-07,37545.59,F,2-HIGH,Customer#000016513,BUILDING,IRAQ,MIDDLE EAST
3631392,1992-01-07,143674.04,F,2-HIGH,Customer#000019906,BUILDING,CANADA,AMERICA
2062851,1992-01-07,179279.05,F,5-LOW,Customer#000026932,FURNITURE,INDONESIA,ASIA
902468,1992-01-07,107551.35,F,3-MEDIUM,Customer#000063841,BUILDING,INDIA,ASIA
4694242,1992-01-07,150470.82,F,4-NOT SPECIFIED,Customer#000052798,FURNITURE,FRANCE,EUROPE
1935815,1992-01-07,53018.53,F,3-MEDIUM,Customer#000042442,BUILDING,SAUDI ARABIA,MIDDLE EAST
3925476,1992-01-07,82723.77,F,1-URGENT,Customer#000143623,FURNITURE,IRAN,MIDDLE EAST
4689701,1992-01-07,195526.31,F,4-NOT SPECIFIED,Customer#000129725,AUTOMOBILE,SAUDI ARABIA,MIDDLE EAST
3639942,1992-01-07,68630.37,F,2-HIGH,Customer#000102838,MACHINERY,UNITED STATES,AMERICA
5203078,1992-01-07,53658.47,F,1-URGENT,Customer#000053716,MACHINERY,FRANCE,EUROPE
4487746,1992-01-07,47123.99,F,2-HIGH,Customer#000147571,FURNITURE,KENYA,AFRICA
5696551,1992-01-07,53577.67,F,2-HIGH,Customer#000141292,HOUSEHOLD,MOROCCO,AFRICA
5084578,1992-01-07,180573.23,F,4-NOT SPECIFIED,Customer#000000194,HOUSEHOLD,MOZAMBIQUE,AFRICA
1829445,1992-01-07,276670.21,F,5-LOW,Customer#000003556,MACHINERY,RUSSIA,EUROPE
4042245,1992-01-07,303913.53,F,2-HIGH,Customer#000113353,HOUSEHOLD,VIETNAM,ASIA
680129,1992-01-07,144358.19,F,1-URGENT,Customer#000059764,AUTOMOBILE,RUSSIA,EUROPE
5380006,1992-01-07,168898.57,F,2-HIGH,Customer#000145360,AUTOMOBILE,JAPAN,ASIA
2301831,1992-01-07,232457.78,F,5-LOW,Customer#000075815,FURNITURE,INDONESIA,ASIA
759014,1992-01-07,2893.26,F,4-NOT SPECIFIED,Customer#000027854,AUTOMOBILE,ROMANIA,EUROPE
1122432,1992-01-07,103803.77,F,2-HIGH,Customer#000018448,MACHINERY,INDONESIA,ASIA
4996161,1992-01-07,80859.51,F,5-LOW,Customer#000097717,HOUSEHOLD,CHINA,ASIA
2821125,1992-01-07,87500.35,F,5-LOW,Customer#000127270,AUTOMOBILE,SAUDI ARABIA,MIDDLE EAST
2865828,1992-01-07,73758.23,F,4-NOT SPECIFIED,Customer#000106160,FURNITURE,MOROCCO,AFRICA
2787557,1992-01-07,219415.47,F,5-LOW,Customer#000110842,FURNITURE,ALGERIA,AFRICA
2702275,1992-01-07,244705.40,F,1-URGENT,Customer#000063649,HOUSEHOLD,MOZAMBIQUE,AFRICA
2822340,1992-01-07,199379.44,F,3-MEDIUM,Customer#000004387,HOUSEHOLD,UNITED KINGDOM,EUROPE
5684772,1992-01-07,144433.47,F,5-LOW,Customer#000023515,HOUSEHOLD,KENYA,AFRICA
5008837,1992-01-07,97755.21,F,5-LOW,Customer#000123835,HOUSEHOLD,ETHIOPIA,AFRICA
5662917,1992-01-07,65501.15,F,4-NOT SPECIFIED,Customer#000028744,FURNITURE,CANADA,AMERICA
5836612,1992-01-07,89691.03,F,5-LOW,Customer#000147041,BUILDING,JORDAN,MIDDLE EAST
5109348,1992-01-07,110244.76,F,4-NOT SPECIFIED,Customer#000120595,HOUSEHOLD,UNITED KINGDOM,EUROPE
4877444,1992-01-07,105165.08,F,5-LOW,Customer#000000145,HOUSEHOLD,JORDAN,MIDDLE EAST
5111298,1992-01-07,248597.49,F,3-MEDIUM,Customer#000138890,HOUSEHOLD,GERMANY,EUROPE
5182599,1992-01-07,181811.87,F,5-LOW,Customer#000034829,BUILDING,GERMANY,EUROPE
5662631,1992-01-07,28343.84,F,5-LOW,Customer#000044092,FURNITURE,INDONESIA,ASIA
5263201,1992-01-07,25017.17,F,5-LOW,Customer#000141830,BUILDING,EGYPT,MIDDLE EAST
5968865,1992-01-07,136088.34,F,3-MEDIUM,Customer#000060583,MACHINERY,JAPAN,ASIA
5411968,1992-01-07,116512.51,F,5-LOW,Customer#000036149,MACHINERY,CANADA,AMERICA
5096579,1992-01-07,47146.10,F,3-MEDIUM,Customer#000063694,FURNITURE,INDIA,ASIA
5049986,1992-01-07,83586.07,F,4-NOT SPECIFIED,Customer#000103256,AUTOMOBILE,INDIA,ASIA
5752388,1992-01-07,202068.18,F,4-NOT SPECIFIED,Customer#000057838,MACHINERY,CHINA,ASIA
4912486,1992-01-07,186475.41,F,4-NOT SPECIFIED,Customer#000028912,MACHINERY,SAUDI ARABIA,MIDDLE EAST
5194113,1992-01-07,52257.46,F,1-URGENT,Customer#000136330,MACHINERY,IRAQ,MIDDLE EAST
5707527,1992-01-07,41675.42,F,3-MEDIUM,Customer#000110989,HOUSEHOLD,IRAQ,MIDDLE EAST
5235008,1992-01-07,40455.88,F,2-HIGH,Customer#000115858,HOUSEHOLD,KENYA,AFRICA
5064007,1992-01-07,129271.41,F,4-NOT SPECIFIED,Customer#000113536,MACHINERY,INDIA,ASIA
5392037,1992-01-07,104372.27,F,3-MEDIUM,Customer#000123871,FURNITURE,MOROCCO,AFRICA
5062823,1992-01-07,367562.00,F,5-LOW,Customer#000084136,HOUSEHOLD,INDIA,ASIA
5961282,1992-01-07,118681.60,F,2-HIGH,Customer#000007885,HOUSEHOLD,VIETNAM,ASIA
5442467,1992-01-07,250971.38,F,1-URGENT,Customer#000099955,BUILDING,BRAZIL,AMERICA
5191748,1992-01-07,41793.08,F,1-URGENT,Customer#000061561,AUTOMOBILE,BRAZIL,AMERICA
5191808,1992-01-07,81710.17,F,2-HIGH,Customer#000066820,FURNITURE,EGYPT,MIDDLE EAST
5443712,1992-01-07,36329.23,F,4-NOT SPECIFIED,Customer#000120952,FURNITURE,BRAZIL,AMERICA
5893539,1992-01-07,273438.46,F,4-NOT SPECIFIED,Customer#000073168,HOUSEHOLD,ALGERIA,AFRICA
5361959,1992-01-07,32104.86,F,4-NOT SPECIFIED,Customer#000037763,MACHINERY,BRAZIL,AMERICA
4865127,1992-01-07,41831.08,F,2-HIGH,Customer#000114893,BUILDING,GERMANY,EUROPE
4833669,1992-01-07,57073.58,F,3-MEDIUM,Customer#000104467,FURNITURE,INDONESIA,ASIA
5416806,1992-01-07,294568.83,F,3-MEDIUM,Customer#000019378,FURNITURE,INDONESIA,ASIA
5706247,1992-01-07,238704.36,F,2-HIGH,Customer#000040979,BUILDING,VIETNAM,ASIA
5163009,1992-01-07,148457.53,F,3-MEDIUM,Customer#000048424,MACHINERY,JAPAN,ASIA
5628289,1992-01-07,56381.75,F,2-HIGH,Customer#000054511,MACHINERY,JAPAN,ASIA
5135136,1992-01-07,121298.69,F,2-HIGH,Customer#000113108,AUTOMOBILE,MOZAMBIQUE,AFRICA
5194145,1992-01-07,267755.88,F,1-URGENT,Customer#000049132,FURNITURE,RUSSIA,EUROPE
5789924,1992-01-07,256583.73,F,1-URGENT,Customer#000099190,HOUSEHOLD,EGYPT,MIDDLE EAST
5327968,1992-01-07,46766.82,F,2-HIGH,Customer#000069697,AUTOMOBILE,ARGENTINA,AMERICA
5438721,1992-01-07,16627.70,F,3-MEDIUM,Customer#000025861,MACHINERY,ARGENTINA,AMERICA
5477506,1992-01-07,223356.92,F,1-URGENT,Customer#000075320,FURNITURE,JAPAN,ASIA
5443301,1992-01-07,73411.93,F,5-LOW,Customer#000072403,HOUSEHOLD,CANADA,AMERICA
5298275,1992-01-07,179639.93,F,5-LOW,Customer#000068744,AUTOMOBILE,MOZAMBIQUE,AFRICA
2980164,1992-01-07,223544.47,F,3-MEDIUM,Customer#000136646,BUILDING,ROMANIA,EUROPE
5651074,1992-01-07,77394.01,F,5-LOW,Customer#000090400,FURNITURE,RUSSIA,EUROPE
5679397,1992-01-07,28025.82,F,3-MEDIUM,Customer#000044807,HOUSEHOLD,IRAN,MIDDLE EAST
5278535,1992-01-07,112400.89,F,3-MEDIUM,Customer#000098930,FURNITURE,ARGENTINA,AMERICA
5995104,1992-01-07,63723.67,F,1-URGENT,Customer#000010870,HOUSEHOLD,JAPAN,ASIA
5324035,1992-01-07,37530.75,F,1-URGENT,Customer#000042421,FURNITURE,GERMANY,EUROPE
2740612,1992-01-07,204204.98,F,4-NOT SPECIFIED,Customer#000014315,MACHINERY,MOZAMBIQUE,AFRICA
5893028,1992-01-07,175402.55,F,4-NOT SPECIFIED,Customer#000147982,FURNITURE,KENYA,AFRICA
5492258,1992-01-07,228116.76,F,3-MEDIUM,Customer#000025492,FURNITURE,MOZAMBIQUE,AFRICA
5943428,1992-01-07,271758.37,F,1-URGENT,Customer#000047746,AUTOMOBILE,SAUDI ARABIA,MIDDLE EAST
5911650,1992-01-07,122007.41,F,2-HIGH,Customer#000015845,MACHINERY,UNITED KINGDOM,EUROPE
5839745,1992-01-07,194657.84,F,1-URGENT,Customer#000092476,AUTOMOBILE,BRAZIL,AMERICA
5598723,1992-01-07,222036.14,F,2-HIGH,Customer#000129637,BUILDING,ETHIOPIA,AFRICA
5050535,1992-01-07,58668.32,F,2-HIGH,Customer#000090112,AUTOMOBILE,CHINA,ASIA
4868226,1992-01-07,151809.63,F,1-URGENT,Customer#000108499,AUTOMOBILE,VIETNAM,ASIA
5019015,1992-01-07,82895.24,F,3-MEDIUM,Customer#000130013,MACHINERY,ETHIOPIA,AFRICA
5553090,1992-01-07,144905.75,F,5-LOW,Customer#000131047,HOUSEHOLD,FRANCE,EUROPE
5377479,1992-01-07,319142.13,F,1-URGENT,Customer#000106756,HOUSEHOLD,ETHIOPIA,AFRICA
5627527,1992-01-07,304574.20,F,1-URGENT,Customer#000008384,MACHINERY,PERU,AMERICA
5978757,1992-01-07,185288.03,F,1-URGENT,Customer#000100904,AUTOMOBILE,ARGENTINA,AMERICA
5174944,1992-01-07,61726.34,F,2-HIGH,Customer#000034771,FURNITURE,UNITED STATES,AMERICA
5490401,1992-01-07,98459.92,F,5-LOW,Customer#000127330,BUILDING,BRAZIL,AMERICA
5219554,1992-01-07,222488.65,F,4-NOT SPECIFIED,Customer#000068965,MACHINERY,ROMANIA,EUROPE
5457120,1992-01-07,238050.62,F,5-LOW,Customer#000100651,BUILDING,GERMANY,EUROPE
5531846,1992-01-07,95867.49,F,3-MEDIUM,Customer#000007597,MACHINERY,PERU,AMERICA
5386693,1992-01-07,196177.83,F,2-HIGH,Customer#000108041,FURNITURE,INDONESIA,ASIA
5921063,1992-01-07,183847.50,F,3-MEDIUM,Customer#000055324,AUTOMOBILE,CANADA,AMERICA
3741413,1992-01-07,130915.77,F,5-LOW,Customer#000076673,MACHINERY,JORDAN,MIDDLE EAST
4161543,1992-01-07,120792.08,F,4-NOT SPECIFIED,Customer#000142685,HOUSEHOLD,INDIA,ASIA
4131972,1992-01-07,232989.17,F,2-HIGH,Customer#000049738,AUTOMOBILE,VIETNAM,ASIA
1321413,1992-01-07,301969.22,F,2-HIGH,Customer#000074074,HOUSEHOLD,EGYPT,MIDDLE EAST
1785762,1992-01-07,104382.65,F,3-MEDIUM,Customer#000123511,HOUSEHOLD,CANADA,AMERICA
1366208,1992-01-07,382488.40,F,4-NOT SPECIFIED,Customer#000024118,BUILDING,EGYPT,MIDDLE EAST
4177543,1992-01-07,185567.87,F,2-HIGH,Customer#000144652,BUILDING,VIETNAM,ASIA
1290983,1992-01-07,194510.94,F,3-MEDIUM,Customer#000089623,FURNITURE,KENYA,AFRICA
1769763,1992-01-07,162063.18,F,4-NOT SPECIFIED,Customer#000091144,BUILDING,SAUDI ARABIA,MIDDLE EAST
4031236,1992-01-07,228522.14,F,2-HIGH,Customer#000027212,BUILDING,ROMANIA,EUROPE
3601313,1992-01-07,294843.20,F,2-HIGH,Customer#000140350,AUTOMOBILE,BRAZIL,AMERICA
1409762,1992-01-07,189292.40,F,4-NOT SPECIFIED,Customer#000102412,MACHINERY,IRAN,MIDDLE EAST
3662182,1992-01-07,135120.94,F,3-MEDIUM,Customer#000083162,AUTOMOBILE,UNITED KINGDOM,EUROPE
1356098,1992-01-07,183769.07,F,5-LOW,Customer#000090950,BUILDING,ROMANIA,EUROPE
3974022,1992-01-07,351129.91,F,1-URGENT,Customer#000104609,MACHINERY,IRAN,MIDDLE EAST
4040032,1992-01-07,189185.47,F,2-HIGH,Customer#000037495,BUILDING,UNITED KINGDOM,EUROPE
1903008,1992-01-07,150500.99,F,5-LOW,Customer#000032857,MACHINERY,GERMANY,EUROPE
2127937,1992-01-07,242724.86,F,1-URGENT,Customer#000125411,HOUSEHOLD,PERU,AMERICA
4016384,1992-01-07,206910.42,F,2-HIGH,Customer#000066985,AUTOMOBILE,JORDAN,MIDDLE EAST
4184962,1992-01-07,76304.84,F,1-URGENT,Customer#000008168,HOUSEHOLD,UNITED STATES,AMERICA
1468354,1992-01-07,297854.03,F,2-HIGH,Customer#000015500,HOUSEHOLD,IRAQ,MIDDLE EAST
1734182,1992-01-07,67356.40,F,3-MEDIUM,Customer#000143524,BUILDING,JORDAN,MIDDLE EAST
1653153,1992-01-07,158350.51,F,5-LOW,Customer#000112936,MACHINERY,CANADA,AMERICA
720739,1992-01-07,293467.01,F,3-MEDIUM,Customer#000069493,MACHINERY,INDONESIA,ASIA
2436037,1992-01-07,150200.35,F,2-HIGH,Customer#000084604,BUILDING,IRAN,MIDDLE EAST
3623174,1992-01-07,271219.83,F,4-NOT SPECIFIED,Customer#000008201,MACHINERY,ROMANIA,EUROPE
3849026,1992-01-07,4179.27,F,4-NOT SPECIFIED,Customer#000000646,HOUSEHOLD,BRAZIL,AMERICA
3911365,1992-01-07,126124.79,F,1-URGENT,Customer#000102226,MACHINERY,VIETNAM,ASIA
1558309,1992-01-07,83639.93,F,4-NOT SPECIFIED,Customer#000149941,MACHINERY,EGYPT,MIDDLE EAST
1784039,1992-01-07,186559.68,F,2-HIGH,Customer#000068365,FURNITURE,CANADA,AMERICA
4156608,1992-01-07,348704.37,F,2-HIGH,Customer#000080272,BUILDING,IRAN,MIDDLE EAST
4147239,1992-01-07,146002.12,F,1-URGENT,Customer#000119404,FURNITURE,GERMANY,EUROPE
2937538,1992-01-07,73176.51,F,4-NOT SPECIFIED,Customer#000109570,FURNITURE,VIETNAM,ASIA
3927716,1992-01-07,66565.98,F,3-MEDIUM,Customer#000134248,FURNITURE,CHINA,ASIA
3818528,1992-01-07,197138.88,F,2-HIGH,Customer#000014212,MACHINERY,BRAZIL,AMERICA
4078944,1992-01-07,19954.09,F,1-URGENT,Customer#000137656,HOUSEHOLD,ROMANIA,EUROPE
1745062,1992-01-07,84519.77,F,4-NOT SPECIFIED,Customer#000051973,AUTOMOBILE,ETHIOPIA,AFRICA
2956871,1992-01-07,311313.00,F,3-MEDIUM,Customer#000096373,MACHINERY,MOZAMBIQUE,AFRICA
3871200,1992-01-07,95105.44,F,3-MEDIUM,Customer#000019735,MACHINERY,FRANCE,EUROPE
1656551,1992-01-07,157917.24,F,5-LOW,Customer#000147658,BUILDING,UNITED KINGDOM,EUROPE
3784996,1992-01-07,84086.75,F,3-MEDIUM,Customer#000008552,HOUSEHOLD,JORDAN,MIDDLE EAST
2810276,1992-01-07,148304.25,F,2-HIGH,Customer#000033364,MACHINERY,MOZAMBIQUE,AFRICA
1322978,1992-01-07,249555.15,F,1-URGENT,Customer#000020095,FURNITURE,JAPAN,ASIA
1563203,1992-01-07,111109.29,F,2-HIGH,Customer#000137494,BUILDING,ALGERIA,AFRICA
4087490,1992-01-07,255503.20,F,3-MEDIUM,Customer#000116342,HOUSEHOLD,ETHIOPIA,AFRICA
3806151,1992-01-07,188945.40,F,4-NOT SPECIFIED,Customer#000060782,MACHINERY,PERU,AMERICA
1718245,1992-01-07,4080.97,F,5-LOW,Customer#000145343,BUILDING,JORDAN,MIDDLE EAST
1225185,1992-01-07,12701.25,F,2-HIGH,Customer#000021271,AUTOMOBILE,INDONESIA,ASIA
665989,1992-01-07,42355.20,F,4-NOT SPECIFIED,Customer#000066541,FURNITURE,ARGENTINA,AMERICA
3390662,1992-01-07,215066.76,F,2-HIGH,Customer#000108010,HOUSEHOLD,MOROCCO,AFRICA
3596544,1992-01-07,290840.84,F,3-MEDIUM,Customer#000099187,AUTOMOBILE,KENYA,AFRICA
3308002,1992-01-07,209589.16,F,2-HIGH,Customer#000078305,AUTOMOBILE,PERU,AMERICA
3464899,1992-01-07,283748.11,F,4-NOT SPECIFIED,Customer#000029452,HOUSEHOLD,VIETNAM,ASIA
973350,1992-01-07,175244.69,F,2-HIGH,Customer#000130729,HOUSEHOLD,ROMANIA,EUROPE
5476674,1992-01-07,251015.80,F,5-LOW,Customer#000115204,AUTOMOBILE,IRAN,MIDDLE EAST
674883,1992-01-07,164238.89,F,1-URGENT,Customer#000129121,AUTOMOBILE,CHINA,ASIA
4893061,1992-01-07,238459.08,F,2-HIGH,Customer#000137492,MACHINERY,UNITED STATES,AMERICA
3519556,1992-01-07,239869.97,F,2-HIGH,Customer#000074885,MACHINERY,IRAQ,MIDDLE EAST
3111078,1992-01-07,83812.89,F,3-MEDIUM,Customer#000123550,MACHINERY,ARGENTINA,AMERICA
3430789,1992-01-07,182248.79,F,4-NOT SPECIFIED,Customer#000057784,AUTOMOBILE,IRAQ,MIDDLE EAST
3277570,1992-01-07,88896.16,F,4-NOT SPECIFIED,Customer#000006955,HOUSEHOLD,UNITED KINGDOM,EUROPE
3243783,1992-01-07,287576.34,F,5-LOW,Customer#000053585,BUILDING,EGYPT,MIDDLE EAST
3350977,1992-01-07,94636.07,F,1-URGENT,Customer#000048550,BUILDING,INDONESIA,ASIA
3133542,1992-01-07,165104.09,F,1-URGENT,Customer#000020512,MACHINERY,IRAN,MIDDLE EAST
3204807,1992-01-07,80656.56,F,3-MEDIUM,Customer#000054061,BUILDING,MOROCCO,AFRICA
5289409,1992-01-07,221981.10,F,5-LOW,Customer#000070345,AUTOMOBILE,INDIA,ASIA
4852294,1992-01-07,137806.66,F,2-HIGH,Customer#000062896,MACHINERY,RUSSIA,EUROPE
5027521,1992-01-07,252315.45,F,2-HIGH,Customer#000079918,MACHINERY,VIETNAM,ASIA
5462656,1992-01-07,209555.98,F,5-LOW,Customer#000077659,AUTOMOBILE,BRAZIL,AMERICA
5332036,1992-01-07,50608.97,F,3-MEDIUM,Customer#000046012,FURNITURE,ARGENTINA,AMERICA
5014434,1992-01-07,49732.41,F,5-LOW,Customer#000010819,FURNITURE,BRAZIL,AMERICA
5483783,1992-01-07,2533.62,F,5-LOW,Customer#000017129,FURNITURE,UNITED KINGDOM,EUROPE
3426849,1992-01-07,128129.34,F,4-NOT SPECIFIED,Customer#000014731,MACHINERY,PERU,AMERICA
3203715,1992-01-07,245757.60,F,4-NOT SPECIFIED,Customer#000110989,HOUSEHOLD,IRAQ,MIDDLE EAST
3263297,1992-01-07,131054.38,F,3-MEDIUM,Customer#000127229,AUTOMOBILE,ETHIOPIA,AFRICA
3307109,1992-01-07,77183.65,F,5-LOW,Customer#000035630,HOUSEHOLD,UNITED KINGDOM,EUROPE
3170340,1992-01-07,61431.04,F,3-MEDIUM,Customer#000063130,MACHINERY,ROMANIA,EUROPE
3577605,1992-01-07,36531.95,F,4-NOT SPECIFIED,Customer#000021859,HOUSEHOLD,JORDAN,MIDDLE EAST
1123588,1992-01-07,6200.37,F,5-LOW,Customer#000028954,HOUSEHOLD,ETHIOPIA,AFRICA
1180422,1992-01-07,220925.01,F,3-MEDIUM,Customer#000132323,BUILDING,KENYA,AFRICA
1037283,1992-01-07,276894.25,F,1-URGENT,Customer#000018355,FURNITURE,JAPAN,ASIA
3185888,1992-01-07,113434.45,F,5-LOW,Customer#000065050,FURNITURE,INDIA,ASIA
3276069,1992-01-07,81456.54,F,1-URGENT,Customer#000121637,AUTOMOBILE,CHINA,ASIA
3103973,1992-01-07,162528.42,F,5-LOW,Customer#000029974,HOUSEHOLD,GERMANY,EUROPE
811140,1992-01-07,10639.53,F,4-NOT SPECIFIED,Customer#000127214,FURNITURE,SAUDI ARABIA,MIDDLE EAST
664869,1992-01-07,183544.23,F,5-LOW,Customer#000006391,HOUSEHOLD,IRAN,MIDDLE EAST
2535782,1992-01-07,79654.42,F,1-URGENT,Customer#000065083,BUILDING,GERMANY,EUROPE
844422,1992-01-07,173431.52,F,1-URGENT,Customer#000042526,FURNITURE,SAUDI ARABIA,MIDDLE EAST
2856518,1992-01-07,108624.22,F,3-MEDIUM,Customer#000128908,FURNITURE,UNITED STATES,AMERICA
2854786,1992-01-07,238026.10,F,5-LOW,Customer#000050383,MACHINERY,JAPAN,ASIA
815140,1992-01-07,109531.40,F,2-HIGH,Customer#000099802,AUTOMOBILE,INDONESIA,ASIA
5815878,1992-01-07,243084.66,F,2-HIGH,Customer#000077581,AUTOMOBILE,FRANCE,EUROPE
2477575,1992-01-07,150594.15,F,5-LOW,Customer#000102290,HOUSEHOLD,PERU,AMERICA
1157921,1992-01-07,13462.93,F,2-HIGH,Customer#000091864,AUTOMOBILE,MOROCCO,AFRICA
5814182,1992-01-07,211751.65,F,2-HIGH,Customer#000111868,AUTOMOBILE,MOROCCO,AFRICA
611362,1992-01-07,127086.57,F,1-URGENT,Customer#000142450,BUILDING,ARGENTINA,AMERICA
961671,1992-01-07,216893.95,F,2-HIGH,Customer#000136177,AUTOMOBILE,RUSSIA,EUROPE
5553543,1992-01-07,86508.43,F,4-NOT SPECIFIED,Customer#000037184,AUTOMOBILE,JORDAN,MIDDLE EAST
2750592,1992-01-07,50084.66,F,5-LOW,Customer#000014020,HOUSEHOLD,ROMANIA,EUROPE
779591,1992-01-07,243619.34,F,2-HIGH,Customer#000126319,AUTOMOBILE,RUSSIA,EUROPE
1108230,1992-01-07,202311.32,F,2-HIGH,Customer#000061918,MACHINERY,GERMANY,EUROPE
1068706,1992-01-07,139400.13,F,4-NOT SPECIFIED,Customer#000002155,FURNITURE,BRAZIL,AMERICA
5147109,1992-01-07,273606.00,F,4-NOT SPECIFIED,Customer#000001550,BUILDING,SAUDI ARABIA,MIDDLE EAST
5740609,1992-01-07,162221.60,F,5-LOW,Customer#000047479,FURNITURE,ALGERIA,AFRICA
1334886,1992-01-07,169060.99,F,2-HIGH,Customer#000014438,MACHINERY,JAPAN,ASIA
1285638,1992-01-07,124237.67,F,1-URGENT,Customer#000114025,HOUSEHOLD,INDIA,ASIA
2457025,1992-01-07,56085.57,F,5-LOW,Customer#000080668,MACHINERY,JAPAN,ASIA
1072833,1992-01-07,171697.77,F,4-NOT SPECIFIED,Customer#000122929,HOUSEHOLD,IRAQ,MIDDLE EAST
2646755,1992-01-07,244512.57,F,2-HIGH,Customer#000101323,AUTOMOBILE,FRANCE,EUROPE
1049665,1992-01-07,173560.14,F,5-LOW,Customer#000132233,BUILDING,CHINA,ASIA
798917,1992-01-07,139971.27,F,3-MEDIUM,Customer#000134779,HOUSEHOLD,JORDAN,MIDDLE EAST
1441954,1992-01-07,112508.63,F,4-NOT SPECIFIED,Customer#000074638,MACHINERY,INDIA,ASIA
1644545,1992-01-07,128765.63,F,1-URGENT,Customer#000064603,AUTOMOBILE,ARGENTINA,AMERICA
2688934,1992-01-07,154592.38,F,1-URGENT,Customer#000124835,MACHINERY,ROMANIA,EUROPE
2513025,1992-01-07,66133.89,F,4-NOT SPECIFIED,Customer#000101665,HOUSEHOLD,UNITED STATES,AMERICA
1977477,1992-01-07,124291.48,F,3-MEDIUM,Customer#000037303,BUILDING,INDONESIA,ASIA
622785,1992-01-07,193876.07,F,1-URGENT,Customer#000027709,HOUSEHOLD,GERMANY,EUROPE
1919394,1992-01-07,105374.18,F,5-LOW,Customer#000039730,MACHINERY,GERMANY,EUROPE
1090401,1992-01-07,21902.97,F,1-URGENT,Customer#000087076,BUILDING,MOZAMBIQUE,AFRICA
1909924,1992-01-07,79291.13,F,4-NOT SPECIFIED,Customer#000009521,BUILDING,IRAQ,MIDDLE EAST
2752837,1992-01-07,86089.63,F,1-URGENT,Customer#000097687,FURNITURE,GERMANY,EUROPE
2894977,1992-01-07,62782.46,F,4-NOT SPECIFIED,Customer#000009296,FURNITURE,MOROCCO,AFRICA
2744321,1992-01-07,26880.35,F,1-URGENT,Customer#000110504,BUILDING,UNITED KINGDOM,EUROPE
774599,1992-01-07,263701.02,F,5-LOW,Customer#000081874,FURNITURE,ARGENTINA,AMERICA
1020514,1992-01-07,33583.04,F,3-MEDIUM,Customer#000094637,MACHINERY,SAUDI ARABIA,MIDDLE EAST
2648742,1992-01-07,189911.59,F,4-NOT SPECIFIED,Customer#000099079,HOUSEHOLD,EGYPT,MIDDLE EAST
4489185,1992-01-07,343092.78,F,1-URGENT,Customer#000095654,BUILDING,IRAQ,MIDDLE EAST
4704867,1992-01-07,163511.77,F,2-HIGH,Customer#000083455,HOUSEHOLD,ROMANIA,EUROPE
672386,1992-01-07,191006.81,F,4-NOT SPECIFIED,Customer#000065984,HOUSEHOLD,ROMANIA,EUROPE
1339459,1992-01-07,168377.48,F,5-LOW,Customer#000135337,AUTOMOBILE,ROMANIA,EUROPE
3944577,1992-01-07,87120.50,F,3-MEDIUM,Customer#000021652,HOUSEHOLD,INDIA,ASIA
1382209,1992-01-07,96596.59,F,2-HIGH,Customer#000024889,AUTOMOBILE,MOZAMBIQUE,AFRICA
4543072,1992-01-07,5537.67,F,1-URGENT,Customer#000075817,HOUSEHOLD,GERMANY,EUROPE
3659365,1992-01-07,128672.00,F,1-URGENT,Customer#000016879,BUILDING,ROMANIA,EUROPE
1439872,1992-01-07,195819.02,F,1-URGENT,Customer#000056203,BUILDING,PERU,AMERICA
1124516,1992-01-07,52889.17,F,3-MEDIUM,Customer#000113947,AUTOMOBILE,ETHIOPIA,AFRICA
3670437,1992-01-07,160230.18,F,2-HIGH,Customer#000024953,BUILDING,JAPAN,ASIA
1343361,1992-01-07,29738.37,F,5-LOW,Customer#000019148,FURNITURE,EGYPT,MIDDLE EAST
1607975,1992-01-07,162499.26,F,2-HIGH,Customer#000010096,HOUSEHOLD,VIETNAM,ASIA
3755906,1992-01-07,38247.18,F,2-HIGH,Customer#000024980,BUILDING,GERMANY,EUROPE
4086595,1992-01-07,49858.87,F,2-HIGH,Customer#000091964,MACHINERY,ROMANIA,EUROPE
3809479,1992-01-07,307131.37,F,1-URGENT,Customer#000136207,HOUSEHOLD,FRANCE,EUROPE
1492737,1992-01-07,22229.76,F,1-URGENT,Customer#000019567,BUILDING,FRANCE,EUROPE
4403233,1992-01-07,131494.26,F,2-HIGH,Customer#000119197,MACHINERY,MOROCCO,AFRICA
1560069,1992-01-07,119078.05,F,3-MEDIUM,Customer#000076388,HOUSEHOLD,UNITED STATES,AMERICA
707330,1992-01-07,113944.99,F,3-MEDIUM,Customer#000043615,BUILDING,CHINA,ASIA
1729283,1992-01-07,105611.42,F,3-MEDIUM,Customer#000057670,MACHINERY,UNITED STATES,AMERICA
2704643,1992-01-07,43524.39,F,4-NOT SPECIFIED,Customer#000131047,HOUSEHOLD,FRANCE,EUROPE
1063525,1992-01-07,166577.39,F,1-URGENT,Customer#000053458,MACHINERY,ALGERIA,AFRICA
3836359,1992-01-07,135008.48,F,4-NOT SPECIFIED,Customer#000022646,AUTOMOBILE,ROMANIA,EUROPE
3932578,1992-01-07,69043.64,F,3-MEDIUM,Customer#000019663,BUILDING,PERU,AMERICA
4158211,1992-01-07,271368.64,F,1-URGENT,Customer#000036736,BUILDING,ARGENTINA,AMERICA
4776100,1992-01-07,311690.38,F,1-URGENT,Customer#000059014,HOUSEHOLD,INDIA,ASIA
4223200,1992-01-07,50541.16,F,1-URGENT,Customer#000132055,AUTOMOBILE,CHINA,ASIA
2636864,1992-01-07,204732.28,F,1-URGENT,Customer#000074408,BUILDING,INDONESIA,ASIA
840099,1992-01-07,253843.62,F,5-LOW,Customer#000063233,BUILDING,ARGENTINA,AMERICA
3967719,1992-01-07,57813.79,F,5-LOW,Customer#000109537,AUTOMOBILE,JORDAN,MIDDLE EAST
4542083,1992-01-07,79191.57,F,1-URGENT,Customer#000080747,HOUSEHOLD,JORDAN,MIDDLE EAST
4170016,1992-01-07,74353.96,F,5-LOW,Customer#000001498,AUTOMOBILE,ROMANIA,EUROPE
3629255,1992-01-07,265086.88,F,1-URGENT,Customer#000014182,BUILDING,RUSSIA,EUROPE
3889223,1992-01-07,131099.24,F,2-HIGH,Customer#000006031,BUILDING,UNITED STATES,AMERICA
938243,1992-01-07,162195.40,F,1-URGENT,Customer#000084850,MACHINERY,VIETNAM,ASIA
3892834,1992-01-07,195689.16,F,4-NOT SPECIFIED,Customer#000060257,BUILDING,JORDAN,MIDDLE EAST
1579043,1992-01-07,243711.32,F,2-HIGH,Customer#000060349,BUILDING,INDONESIA,ASIA
1632166,1992-01-07,70084.10,F,5-LOW,Customer#000116458,BUILDING,ROMANIA,EUROPE
2347362,1992-01-07,1138.04,F,5-LOW,Customer#000146833,MACHINERY,ROMANIA,EUROPE
714631,1992-01-07,366427.18,F,3-MEDIUM,Customer#000082567,AUTOMOBILE,IRAQ,MIDDLE EAST
1183590,1992-01-07,82451.61,F,5-LOW,Customer#000066817,HOUSEHOLD,EGYPT,MIDDLE EAST
716193,1992-01-07,101074.06,F,1-URGENT,Customer#000028588,MACHINERY,ALGERIA,AFRICA
1155456,1992-01-07,346255.22,F,4-NOT SPECIFIED,Customer#000039832,MACHINERY,MOZAMBIQUE,AFRICA
827489,1992-01-07,175188.95,F,4-NOT SPECIFIED,Customer#000018358,AUTOMOBILE,VIETNAM,ASIA
1846663,1992-01-07,31866.38,F,5-LOW,Customer#000032098,MACHINERY,PERU,AMERICA
3677571,1992-01-07,38186.00,F,4-NOT SPECIFIED,Customer#000105311,BUILDING,FRANCE,EUROPE
892354,1992-01-07,75719.42,F,4-NOT SPECIFIED,Customer#000102682,AUTOMOBILE,ARGENTINA,AMERICA
1013414,1992-01-07,125730.35,F,1-URGENT,Customer#000007103,MACHINERY,IRAN,MIDDLE EAST
4485089,1992-01-07,251468.40,F,2-HIGH,Customer#000102185,AUTOMOBILE,RUSSIA,EUROPE
135845,1992-01-07,133852.88,F,1-URGENT,Customer#000123190,HOUSEHOLD,BRAZIL,AMERICA
81154,1992-01-07,79194.11,F,4-NOT SPECIFIED,Customer#000139810,HOUSEHOLD,RUSSIA,EUROPE
212516,1992-01-07,54489.91,F,1-URGENT,Customer#000044908,MACHINERY,ROMANIA,EUROPE
1645506,1992-01-07,175488.19,F,3-MEDIUM,Customer#000031045,BUILDING,GERMANY,EUROPE
1181799,1992-01-07,209542.34,F,1-URGENT,Customer#000014593,AUTOMOBILE,INDIA,ASIA
206183,1992-01-07,104151.80,F,5-LOW,Customer#000002161,HOUSEHOLD,CHINA,ASIA
1742210,1992-01-07,172185.31,F,3-MEDIUM,Customer#000116935,AUTOMOBILE,FRANCE,EUROPE
379845,1992-01-07,99438.46,F,4-NOT SPECIFIED,Customer#000136031,MACHINERY,INDONESIA,ASIA
497860,1992-01-07,65309.56,F,1-URGENT,Customer#000118546,MACHINERY,ROMANIA,EUROPE
2382306,1992-01-07,16920.39,F,5-LOW,Customer#000027712,MACHINERY,KENYA,AFRICA
1009734,1992-01-07,40473.39,F,2-HIGH,Customer#000111688,HOUSEHOLD,CANADA,AMERICA
1006146,1992-01-07,150210.60,F,3-MEDIUM,Customer#000121582,FURNITURE,JAPAN,ASIA
96870,1992-01-07,100959.71,F,1-URGENT,Customer#000069640,MACHINERY,INDONESIA,ASIA
379078,1992-01-07,83820.10,F,4-NOT SPECIFIED,Customer#000118222,FURNITURE,BRAZIL,AMERICA
352931,1992-01-07,20342.08,F,3-MEDIUM,Customer#000118996,HOUSEHOLD,IRAN,MIDDLE EAST
277536,1992-01-07,92066.37,F,4-NOT SPECIFIED,Customer#000008471,AUTOMOBILE,RUSSIA,EUROPE
482529,1992-01-07,191827.24,F,3-MEDIUM,Customer#000055648,HOUSEHOLD,INDONESIA,ASIA
2398306,1992-01-07,162366.86,F,4-NOT SPECIFIED,Customer#000126433,HOUSEHOLD,UNITED STATES,AMERICA
254468,1992-01-07,29434.20,F,5-LOW,Customer#000121783,AUTOMOBILE,ROMANIA,EUROPE
99008,1992-01-07,214585.79,F,4-NOT SPECIFIED,Customer#000021536,FURNITURE,VIETNAM,ASIA
418816,1992-01-07,42223.60,F,4-NOT SPECIFIED,Customer#000121549,MACHINERY,GERMANY,EUROPE
965030,1992-01-07,229211.97,F,5-LOW,Customer#000127763,BUILDING,IRAQ,MIDDLE EAST
2270822,1992-01-07,279272.56,F,1-URGENT,Customer#000078298,FURNITURE,MOZAMBIQUE,AFRICA
1909088,1992-01-07,127950.63,F,4-NOT SPECIFIED,Customer#000090670,MACHINERY,CANADA,AMERICA
2381223,1992-01-07,106052.82,F,5-LOW,Customer#000033088,AUTOMOBILE,VIETNAM,ASIA
232037,1992-01-07,150788.40,F,4-NOT SPECIFIED,Customer#000100874,AUTOMOBILE,INDONESIA,ASIA
75840,1992-01-07,266770.77,F,2-HIGH,Customer#000083075,HOUSEHOLD,EGYPT,MIDDLE EAST
150183,1992-01-07,144333.39,F,4-NOT SPECIFIED,Customer#000089894,MACHINERY,JORDAN,MIDDLE EAST
634279,1992-01-07,228325.41,F,2-HIGH,Customer#000009571,FURNITURE,PERU,AMERICA
2263973,1992-01-07,42053.20,F,2-HIGH,Customer#000021313,FURNITURE,VIETNAM,ASIA
537478,1992-01-07,54682.23,F,5-LOW,Customer#000040270,FURNITURE,INDIA,ASIA
2225152,1992-01-07,314274.41,F,5-LOW,Customer#000050891,BUILDING,INDONESIA,ASIA
279687,1992-01-07,230013.90,F,4-NOT SPECIFIED,Customer#000083176,HOUSEHOLD,GERMANY,EUROPE
82277,1992-01-07,25420.99,F,1-URGENT,Customer#000115720,HOUSEHOLD,INDIA,ASIA
2348803,1992-01-07,15953.33,F,5-LOW,Customer#000064966,AUTOMOBILE,CHINA,ASIA
140641,1992-01-07,151792.26,F,1-URGENT,Customer#000123661,AUTOMOBILE,GERMANY,EUROPE
281826,1992-01-07,25522.21,F,3-MEDIUM,Customer#000060284,FURNITURE,ALGERIA,AFRICA
127140,1992-01-07,37972.31,F,3-MEDIUM,Customer#000072346,FURNITURE,JORDAN,MIDDLE EAST
259489,1992-01-07,155432.22,F,2-HIGH,Customer#000027031,HOUSEHOLD,JAPAN,ASIA
278566,1992-01-07,57144.17,F,5-LOW,Customer#000042863,MACHINERY,JAPAN,ASIA
2074370,1992-01-07,78442.84,F,3-MEDIUM,Customer#000116329,HOUSEHOLD,RUSSIA,EUROPE
180964,1992-01-07,71268.86,F,1-URGENT,Customer#000051598,FURNITURE,ETHIOPIA,AFRICA
585126,1992-01-07,161222.99,F,1-URGENT,Customer#000109735,FURNITURE,INDONESIA,ASIA
1817601,1992-01-07,164540.78,F,5-LOW,Customer#000071623,BUILDING,ALGERIA,AFRICA
4791047,1992-01-07,126628.25,F,4-NOT SPECIFIED,Customer#000107239,FURNITURE,VIETNAM,ASIA
4769636,1992-01-07,103085.90,F,2-HIGH,Customer#000106222,HOUSEHOLD,JORDAN,MIDDLE EAST
4331077,1992-01-07,140540.45,F,4-NOT SPECIFIED,Customer#000078032,FURNITURE,SAUDI ARABIA,MIDDLE EAST
235168,1992-01-07,172918.46,F,3-MEDIUM,Customer#000067229,FURNITURE,RUSSIA,EUROPE
4703748,1992-01-07,294324.58,F,2-HIGH,Customer#000109163,AUTOMOBILE,CANADA,AMERICA
1742274,1992-01-07,33066.95,F,5-LOW,Customer#000015112,BUILDING,ETHIOPIA,AFRICA
290183,1992-01-07,316732.15,F,1-URGENT,Customer#000029183,AUTOMOBILE,ALGERIA,AFRICA
4729126,1992-01-07,53231.91,F,4-NOT SPECIFIED,Customer#000147277,BUILDING,IRAQ,MIDDLE EAST
4300870,1992-01-07,202872.58,F,5-LOW,Customer#000061742,BUILDING,ETHIOPIA,AFRICA
56645,1992-01-07,244041.80,F,5-LOW,Customer#000128866,MACHINERY,JORDAN,MIDDLE EAST
2514629,1992-01-07,277999.95,F,1-URGENT,Customer#000139627,BUILDING,ARGENTINA,AMERICA
4643590,1992-01-07,196322.33,F,5-LOW,Customer#000095843,MACHINERY,INDONESIA,ASIA
4408002,1992-01-07,63079.58,F,4-NOT SPECIFIED,Customer#000149477,HOUSEHOLD,VIETNAM,ASIA
4223974,1992-01-07,173840.53,F,5-LOW,Customer#000074182,FURNITURE,IRAQ,MIDDLE EAST
509765,1992-01-07,221263.50,F,3-MEDIUM,Customer#000118885,FURNITURE,PERU,AMERICA
4536482,1992-01-07,35001.24,F,5-LOW,Customer#000109586,MACHINERY,INDONESIA,ASIA
4720486,1992-01-07,64344.63,F,2-HIGH,Customer#000131006,BUILDING,IRAQ,MIDDLE EAST
4402692,1992-01-07,240907.08,F,4-NOT SPECIFIED,Customer#000096013,BUILDING,ETHIOPIA,AFRICA
2409572,1992-01-07,178930.87,F,3-MEDIUM,Customer#000135811,BUILDING,ARGENTINA,AMERICA
4581349,1992-01-07,77637.06,F,1-URGENT,Customer#000114850,HOUSEHOLD,MOZAMBIQUE,AFRICA
314946,1992-01-07,204753.90,F,4-NOT SPECIFIED,Customer#000086710,MACHINERY,INDONESIA,ASIA
396162,1992-01-07,61178.60,F,2-HIGH,Customer#000124840,AUTOMOBILE,MOROCCO,AFRICA
2102980,1992-01-07,45522.14,F,2-HIGH,Customer#000006983,BUILDING,RUSSIA,EUROPE
76803,1992-01-07,138517.28,F,5-LOW,Customer#000118789,HOUSEHOLD,ALGERIA,AFRICA
2376226,1992-01-07,92703.81,F,3-MEDIUM,Customer#000112753,FURNITURE,FRANCE,EUROPE
1929760,1992-01-07,89018.93,F,5-LOW,Customer#000042013,MACHINERY,PERU,AMERICA
2198695,1992-01-07,256924.77,F,1-URGENT,Customer#000028837,MACHINERY,UNITED KINGDOM,EUROPE
2986211,1992-01-07,75249.01,F,2-HIGH,Customer#000097034,BUILDING,GERMANY,EUROPE
230279,1992-01-07,195607.02,F,4-NOT SPECIFIED,Customer#000121838,MACHINERY,GERMANY,EUROPE
4468549,1992-01-07,19812.03,F,3-MEDIUM,Customer#000103136,FURNITURE,VIETNAM,ASIA
1786246,1992-01-07,125997.28,F,5-LOW,Customer#000114142,BUILDING,FRANCE,EUROPE
1397988,1992-01-07,125148.38,F,3-MEDIUM,Customer#000118499,MACHINERY,ROMANIA,EUROPE
1517889,1992-01-07,55612.47,F,3-MEDIUM,Customer#000118855,MACHINERY,GERMANY,EUROPE
1500228,1992-01-07,153991.30,F,1-URGENT,Customer#000066031,BUILDING,UNITED KINGDOM,EUROPE
1281889,1992-01-07,242552.90,F,1-URGENT,Customer#000031976,AUTOMOBILE,IRAQ,MIDDLE EAST
3651425,1992-01-07,225143.10,F,1-URGENT,Customer#000037795,MACHINERY,CANADA,AMERICA
3776549,1992-01-07,64040.16,F,5-LOW,Customer#000141295,MACHINERY,BRAZIL,AMERICA
4164965,1992-01-07,264303.38,F,4-NOT SPECIFIED,Customer#000115258,BUILDING,CHINA,ASIA
3940869,1992-01-07,123862.22,F,4-NOT SPECIFIED,Customer#000057946,BUILDING,ROMANIA,EUROPE
3897251,1992-01-07,79125.54,F,5-LOW,Customer#000121633,BUILDING,PERU,AMERICA
1464100,1992-01-07,81504.82,F,4-NOT SPECIFIED,Customer#000029563,AUTOMOBILE,ETHIOPIA,AFRICA
4099522,1992-01-07,246754.77,F,5-LOW,Customer#000046814,FURNITURE,ROMANIA,EUROPE
3731077,1992-01-07,78971.48,F,1-URGENT,Customer#000105971,FURNITURE,FRANCE,EUROPE
3663527,1992-01-07,113531.00,F,4-NOT SPECIFIED,Customer#000025651,BUILDING,INDONESIA,ASIA
1664519,1992-01-07,148102.43,F,2-HIGH,Customer#000085321,HOUSEHOLD,ROMANIA,EUROPE
4066055,1992-01-07,240390.70,F,4-NOT SPECIFIED,Customer#000055345,BUILDING,SAUDI ARABIA,MIDDLE EAST
1242340,1992-01-07,186595.91,F,3-MEDIUM,Customer#000010196,HOUSEHOLD,FRANCE,EUROPE
1783904,1992-01-07,31883.95,F,1-URGENT,Customer#000125245,FURNITURE,KENYA,AFRICA
1519751,1992-01-07,135337.16,F,5-LOW,Customer#000124036,MACHINERY,UNITED STATES,AMERICA
1376166,1992-01-07,271735.04,F,2-HIGH,Customer#000144562,HOUSEHOLD,MOROCCO,AFRICA
1634851,1992-01-07,148938.11,F,5-LOW,Customer#000070919,AUTOMOBILE,FRANCE,EUROPE
3611938,1992-01-07,226973.74,F,5-LOW,Customer#000145247,MACHINERY,GERMANY,EUROPE
1741349,1992-01-07,65172.37,F,2-HIGH,Customer#000127180,FURNITURE,ARGENTINA,AMERICA
1582178,1992-01-07,241185.16,F,2-HIGH,Customer#000132941,FURNITURE,KENYA,AFRICA
1213827,1992-01-07,196277.91,F,2-HIGH,Customer#000018736,FURNITURE,SAUDI ARABIA,MIDDLE EAST
3921603,1992-01-07,99223.47,F,2-HIGH,Customer#000137293,BUILDING,FRANCE,EUROPE
3872389,1992-01-07,85956.60,F,2-HIGH,Customer#000119497,AUTOMOBILE,JAPAN,ASIA
3818631,1992-01-07,75203.92,F,4-NOT SPECIFIED,Customer#000094018,HOUSEHOLD,GERMANY,EUROPE
2280388,1992-01-07,81705.66,F,4-NOT SPECIFIED,Customer#000097646,FURNITURE,FRANCE,EUROPE
1114086,1992-01-07,111389.21,F,1-URGENT,Customer#000134374,AUTOMOBILE,MOROCCO,AFRICA
1797921,1992-01-07,35368.00,F,1-URGENT,Customer#000100520,HOUSEHOLD,SAUDI ARABIA,MIDDLE EAST
4133248,1992-01-07,120942.47,F,3-MEDIUM,Customer#000004264,HOUSEHOLD,EGYPT,MIDDLE EAST
4104965,1992-01-07,220655.87,F,5-LOW,Customer#000012517,BUILDING,BRAZIL,AMERICA
470050,1992-01-07,128064.78,F,1-URGENT,Customer#000073661,AUTOMOBILE,MOZAMBIQUE,AFRICA
2883271,1992-01-07,193463.92,F,3-MEDIUM,Customer#000132803,MACHINERY,MOZAMBIQUE,AFRICA
3899366,1992-01-07,259541.08,F,1-URGENT,Customer#000063110,MACHINERY,CANADA,AMERICA
1911654,1992-01-07,162771.72,F,4-NOT SPECIFIED,Customer#000099623,HOUSEHOLD,VIETNAM,ASIA
2345767,1992-01-07,94184.38,F,1-URGENT,Customer#000035692,HOUSEHOLD,CANADA,AMERICA
1985446,1992-01-07,189753.60,F,2-HIGH,Customer#000138143,AUTOMOBILE,CANADA,AMERICA
5585794,1992-01-07,192536.84,F,2-HIGH,Customer#000048658,MACHINERY,ALGERIA,AFRICA
4855814,1992-01-07,96168.35,F,2-HIGH,Customer#000039487,AUTOMOBILE,ROMANIA,EUROPE
1872583,1992-01-07,59821.73,F,2-HIGH,Customer#000057340,AUTOMOBILE,ROMANIA,EUROPE
4929856,1992-01-07,191905.76,F,1-URGENT,Customer#000139418,BUILDING,EGYPT,MIDDLE EAST
5030119,1992-01-07,230334.65,F,3-MEDIUM,Customer#000116768,MACHINERY,UNITED KINGDOM,EUROPE
5807233,1992-01-07,254100.07,F,4-NOT SPECIFIED,Customer#000017296,MACHINERY,UNITED KINGDOM,EUROPE
5913730,1992-01-07,87388.78,F,1-URGENT,Customer#000121795,MACHINERY,CHINA,ASIA
2112002,1992-01-07,168269.38,F,2-HIGH,Customer#000031145,AUTOMOBILE,MOZAMBIQUE,AFRICA
2163234,1992-01-07,2225.81,F,3-MEDIUM,Customer#000082618,BUILDING,VIETNAM,ASIA
5789221,1992-01-07,75413.88,F,4-NOT SPECIFIED,Customer#000046838,MACHINERY,MOROCCO,AFRICA
1253605,1992-01-07,191815.72,F,5-LOW,Customer#000123871,FURNITURE,MOROCCO,AFRICA
1236032,1992-01-07,170461.05,F,4-NOT SPECIFIED,Customer#000018598,AUTOMOBILE,ALGERIA,AFRICA
4318498,1992-01-07,172648.72,F,3-MEDIUM,Customer#000011881,HOUSEHOLD,EGYPT,MIDDLE EAST
5984259,1992-01-07,261036.14,F,4-NOT SPECIFIED,Customer#000035839,BUILDING,MOROCCO,AFRICA
4686468,1992-01-07,229078.51,F,4-NOT SPECIFIED,Customer#000114920,FURNITURE,IRAQ,MIDDLE EAST
4273798,1992-01-07,200588.54,F,4-NOT SPECIFIED,Customer#000057028,BUILDING,ROMANIA,EUROPE
4360774,1992-01-07,87993.65,F,1-URGENT,Customer#000003838,AUTOMOBILE,CHINA,ASIA
4786951,1992-01-07,233247.93,F,3-MEDIUM,Customer#000108592,HOUSEHOLD,UNITED STATES,AMERICA
4361639,1992-01-07,195042.86,F,2-HIGH,Customer#000057512,BUILDING,ETHIOPIA,AFRICA
4747813,1992-01-07,74891.50,F,5-LOW,Customer#000122188,AUTOMOBILE,IRAQ,MIDDLE EAST
2509120,1992-01-07,106118.90,F,3-MEDIUM,Customer#000121096,BUILDING,JORDAN,MIDDLE EAST
4215911,1992-01-07,227659.12,F,4-NOT SPECIFIED,Customer#000122650,BUILDING,JAPAN,ASIA
4313889,1992-01-07,228450.49,F,3-MEDIUM,Customer#000040612,MACHINERY,INDIA,ASIA
1865632,1992-01-07,210463.16,F,1-URGENT,Customer#000042535,BUILDING,FRANCE,EUROPE
2808099,1992-01-07,181103.23,F,2-HIGH,Customer#000136153,FURNITURE,RUSSIA,EUROPE
4702247,1992-01-07,84143.48,F,5-LOW,Customer#000133405,FURNITURE,UNITED STATES,AMERICA
4573666,1992-01-07,109915.54,F,4-NOT SPECIFIED,Customer#000107476,HOUSEHOLD,SAUDI ARABIA,MIDDLE EAST
1916513,1992-01-07,262298.67,F,1-URGENT,Customer#000100153,HOUSEHOLD,INDONESIA,ASIA
5603202,1992-01-07,45555.08,F,3-MEDIUM,Customer#000132433,BUILDING,VIETNAM,ASIA
5803714,1992-01-07,183096.18,F,2-HIGH,Customer#000042308,HOUSEHOLD,INDIA,ASIA
2937601,1992-01-07,110877.62,F,5-LOW,Customer#000013858,HOUSEHOLD,INDONESIA,ASIA
5540262,1992-01-07,302259.28,F,5-LOW,Customer#000132274,BUILDING,MOROCCO,AFRICA
4320065,1992-01-07,241702.29,F,3-MEDIUM,Customer#000144661,BUILDING,FRANCE,EUROPE
1948355,1992-01-07,266534.50,F,5-LOW,Customer#000040801,HOUSEHOLD,IRAQ,MIDDLE EAST
2093222,1992-01-07,105654.32,F,5-LOW,Customer#000027398,MACHINERY,ETHIOPIA,AFRICA
5621478,1992-01-07,228858.19,F,4-NOT SPECIFIED,Customer#000123215,AUTOMOBILE,GERMANY,EUROPE
3674566,1992-01-07,235242.77,F,1-URGENT,Customer#000126244,FURNITURE,JORDAN,MIDDLE EAST
4065377,1992-01-07,87206.38,F,4-NOT SPECIFIED,Customer#000064099,FURNITURE,INDONESIA,ASIA
4163299,1992-01-07,83582.18,F,5-LOW,Customer#000034771,FURNITURE,UNITED STATES,AMERICA
4047653,1992-01-07,12178.55,F,1-URGENT,Customer#000101566,MACHINERY,UNITED KINGDOM,EUROPE
4262759,1992-01-07,273889.82,F,2-HIGH,Customer#000054790,FURNITURE,JAPAN,ASIA
4004326,1992-01-07,50891.92,F,5-LOW,Customer#000011560,AUTOMOBILE,JORDAN,MIDDLE EAST
4455873,1992-01-07,198438.30,F,1-URGENT,Customer#000031202,MACHINERY,MOROCCO,AFRICA
965127,1992-01-07,42363.11,F,2-HIGH,Customer#000088294,MACHINERY,MOROCCO,AFRICA
1164931,1992-01-07,76980.67,F,4-NOT SPECIFIED,Customer#000034018,HOUSEHOLD,BRAZIL,AMERICA
3633794,1992-01-07,63180.83,F,5-LOW,Customer#000051781,BUILDING,JORDAN,MIDDLE EAST
909668,1992-01-07,246835.70,F,4-NOT SPECIFIED,Customer#000095245,AUTOMOBILE,JORDAN,MIDDLE EAST
3847649,1992-01-07,99827.65,F,3-MEDIUM,Customer#000090532,AUTOMOBILE,SAUDI ARABIA,MIDDLE EAST
2476037,1992-01-08,187880.83,F,1-URGENT,Customer#000025909,FURNITURE,ROMANIA,EUROPE
2411171,1992-01-08,183142.36,F,1-URGENT,Customer#000070762,BUILDING,UNITED KINGDOM,EUROPE
2580743,1992-01-08,133370.33,F,2-HIGH,Customer#000125692,FURNITURE,ALGERIA,AFRICA
616358,1992-01-08,46234.17,F,5-LOW,Customer#000089912,AUTOMOBILE,SAUDI ARABIA,MIDDLE EAST
3035399,1992-01-08,161135.95,F,4-NOT SPECIFIED,Customer#000036367,HOUSEHOLD,ETHIOPIA,AFRICA
3551585,1992-01-08,286119.51,F,3-MEDIUM,Customer#000140246,FURNITURE,UNITED STATES,AMERICA
3511682,1992-01-08,60821.45,F,1-URGENT,Customer#000089249,BUILDING,INDONESIA,ASIA
3165252,1992-01-08,203530.12,F,1-URGENT,Customer#000097459,HOUSEHOLD,CANADA,AMERICA
3369639,1992-01-08,33828.28,F,3-MEDIUM,Customer#000118903,AUTOMOBILE,FRANCE,EUROPE
3386208,1992-01-08,104491.19,F,3-MEDIUM,Customer#000025942,HOUSEHOLD,SAUDI ARABIA,MIDDLE EAST
3436835,1992-01-08,113351.00,F,1-URGENT,Customer#000007952,BUILDING,UNITED STATES,AMERICA
3141062,1992-01-08,226126.32,F,5-LOW,Customer#000005414,HOUSEHOLD,BRAZIL,AMERICA
3343841,1992-01-08,162130.72,F,3-MEDIUM,Customer#000012218,AUTOMOBILE,FRANCE,EUROPE
3466916,1992-01-08,115955.43,F,5-LOW,Customer#000029812,MACHINERY,CHINA,ASIA
3162468,1992-01-08,79039.46,F,4-NOT SPECIFIED,Customer#000065377,BUILDING,BRAZIL,AMERICA
3015075,1992-01-08,327743.32,F,2-HIGH,Customer#000096037,MACHINERY,CHINA,ASIA
3011557,1992-01-08,124027.31,F,5-LOW,Customer#000138673,HOUSEHOLD,MOZAMBIQUE,AFRICA
3204839,1992-01-08,71479.23,F,2-HIGH,Customer#000092236,AUTOMOBILE,IRAQ,MIDDLE EAST
3115622,1992-01-08,227771.10,F,3-MEDIUM,Customer#000134213,FURNITURE,JORDAN,MIDDLE EAST
3100800,1992-01-08,66253.63,F,2-HIGH,Customer#000081938,MACHINERY,JAPAN,ASIA
3011014,1992-01-08,80328.46,F,2-HIGH,Customer#000069217,BUILDING,CANADA,AMERICA
3042823,1992-01-08,1960.73,F,4-NOT SPECIFIED,Customer#000141664,AUTOMOBILE,MOROCCO,AFRICA
3152992,1992-01-08,242690.56,F,3-MEDIUM,Customer#000087410,AUTOMOBILE,MOZAMBIQUE,AFRICA
3381319,1992-01-08,204425.40,F,4-NOT SPECIFIED,Customer#000063452,AUTOMOBILE,FRANCE,EUROPE
3198534,1992-01-08,68751.09,F,1-URGENT,Customer#000069341,BUILDING,IRAN,MIDDLE EAST
3385157,1992-01-08,282127.05,F,2-HIGH,Customer#000007823,FURNITURE,UNITED STATES,AMERICA
3156356,1992-01-08,171101.52,F,1-URGENT,Customer#000062006,HOUSEHOLD,JAPAN,ASIA
3266176,1992-01-08,30434.48,F,2-HIGH,Customer#000043300,AUTOMOBILE,GERMANY,EUROPE
3556231,1992-01-08,158112.03,F,2-HIGH,Customer#000104017,MACHINERY,EGYPT,MIDDLE EAST
3357510,1992-01-08,130776.00,F,4-NOT SPECIFIED,Customer#000099373,BUILDING,JAPAN,ASIA
3107776,1992-01-08,218142.63,F,2-HIGH,Customer#000136291,FURNITURE,CANADA,AMERICA
3130979,1992-01-08,150792.70,F,5-LOW,Customer#000127690,AUTOMOBILE,ALGERIA,AFRICA
3393858,1992-01-08,73121.53,F,3-MEDIUM,Customer#000005110,FURNITURE,RUSSIA,EUROPE
3312515,1992-01-08,81220.34,F,2-HIGH,Customer#000000055,MACHINERY,IRAN,MIDDLE EAST
3046436,1992-01-08,300746.15,F,5-LOW,Customer#000011549,HOUSEHOLD,ARGENTINA,AMERICA
3420580,1992-01-08,100906.31,F,3-MEDIUM,Customer#000052615,MACHINERY,MOZAMBIQUE,AFRICA
3156546,1992-01-08,18540.97,F,4-NOT SPECIFIED,Customer#000058636,HOUSEHOLD,BRAZIL,AMERICA
2731938,1992-01-08,54695.44,F,4-NOT SPECIFIED,Customer#000092077,AUTOMOBILE,ARGENTINA,AMERICA
3071234,1992-01-08,253552.35,F,1-URGENT,Customer#000091591,MACHINERY,JORDAN,MIDDLE EAST
3449250,1992-01-08,103207.39,F,5-LOW,Customer#000072086,BUILDING,IRAQ,MIDDLE EAST
3002244,1992-01-08,300056.56,F,4-NOT SPECIFIED,Customer#000092489,HOUSEHOLD,JAPAN,ASIA
3553505,1992-01-08,96056.94,F,5-LOW,Customer#000148244,HOUSEHOLD,FRANCE,EUROPE
3184389,1992-01-08,178568.55,F,5-LOW,Customer#000043585,FURNITURE,VIETNAM,ASIA
3182150,1992-01-08,145121.85,F,5-LOW,Customer#000023113,MACHINERY,SAUDI ARABIA,MIDDLE EAST
3028422,1992-01-08,148293.71,F,5-LOW,Customer#000052615,MACHINERY,MOZAMBIQUE,AFRICA
3443142,1992-01-08,124467.11,F,1-URGENT,Customer#000070024,HOUSEHOLD,INDONESIA,ASIA
3189511,1992-01-08,133608.31,F,3-MEDIUM,Customer#000060709,AUTOMOBILE,ALGERIA,AFRICA
3408932,1992-01-08,17360.52,F,4-NOT SPECIFIED,Customer#000029072,HOUSEHOLD,ROMANIA,EUROPE
3187846,1992-01-08,435111.54,F,1-URGENT,Customer#000043894,BUILDING,KENYA,AFRICA
3536806,1992-01-08,84468.79,F,5-LOW,Customer#000088513,FURNITURE,UNITED STATES,AMERICA
3584103,1992-01-08,18458.55,F,2-HIGH,Customer#000120218,HOUSEHOLD,CHINA,ASIA
3521377,1992-01-08,36015.64,F,4-NOT SPECIFIED,Customer#000090970,MACHINERY,PERU,AMERICA
3270753,1992-01-08,147258.31,F,3-MEDIUM,Customer#000051364,BUILDING,CHINA,ASIA
3110340,1992-01-08,98120.93,F,1-URGENT,Customer#000130729,HOUSEHOLD,ROMANIA,EUROPE
3044135,1992-01-08,191199.98,F,1-URGENT,Customer#000116848,MACHINERY,CHINA,ASIA
3448580,1992-01-08,31248.92,F,5-LOW,Customer#000104575,BUILDING,RUSSIA,EUROPE
2680644,1992-01-08,108163.72,F,2-HIGH,Customer#000106274,FURNITURE,INDONESIA,ASIA
5742817,1992-01-08,43116.09,F,3-MEDIUM,Customer#000115225,AUTOMOBILE,CHINA,ASIA
5481124,1992-01-08,85189.81,F,2-HIGH,Customer#000139286,BUILDING,INDONESIA,ASIA
5702406,1992-01-08,65317.42,F,2-HIGH,Customer#000121442,BUILDING,MOZAMBIQUE,AFRICA
5651489,1992-01-08,351099.06,F,3-MEDIUM,Customer#000048278,BUILDING,PERU,AMERICA
5537189,1992-01-08,49458.68,F,4-NOT SPECIFIED,Customer#000008102,BUILDING,ALGERIA,AFRICA
4847584,1992-01-08,37017.61,F,5-LOW,Customer#000010093,AUTOMOBILE,CHINA,ASIA
5597991,1992-01-08,24654.24,F,3-MEDIUM,Customer#000029407,AUTOMOBILE,INDONESIA,ASIA
3759936,1992-01-08,26758.87,F,5-LOW,Customer#000090763,AUTOMOBILE,CHINA,ASIA
750854,1992-01-08,162217.66,F,4-NOT SPECIFIED,Customer#000002141,AUTOMOBILE,JAPAN,ASIA
5352097,1992-01-08,241952.50,F,4-NOT SPECIFIED,Customer#000055262,HOUSEHOLD,GERMANY,EUROPE
4819585,1992-01-08,174971.37,F,2-HIGH,Customer#000017321,BUILDING,INDONESIA,ASIA
4259456,1992-01-08,302683.89,F,2-HIGH,Customer#000102800,BUILDING,ALGERIA,AFRICA
4701573,1992-01-08,283726.82,F,4-NOT SPECIFIED,Customer#000004769,MACHINERY,INDONESIA,ASIA
4468192,1992-01-08,163484.81,F,2-HIGH,Customer#000063656,AUTOMOBILE,ETHIOPIA,AFRICA
4468070,1992-01-08,74872.44,F,3-MEDIUM,Customer#000015428,BUILDING,EGYPT,MIDDLE EAST
4546854,1992-01-08,155182.04,F,5-LOW,Customer#000148273,BUILDING,SAUDI ARABIA,MIDDLE EAST
4519751,1992-01-08,196507.72,F,1-URGENT,Customer#000090334,MACHINERY,IRAN,MIDDLE EAST
4456743,1992-01-08,297894.85,F,1-URGENT,Customer#000098659,HOUSEHOLD,FRANCE,EUROPE
4641859,1992-01-08,89457.73,F,4-NOT SPECIFIED,Customer#000118723,AUTOMOBILE,ETHIOPIA,AFRICA
4631778,1992-01-08,193493.37,F,4-NOT SPECIFIED,Customer#000031982,MACHINERY,INDONESIA,ASIA
4643110,1992-01-08,151781.49,F,2-HIGH,Customer#000113762,MACHINERY,INDONESIA,ASIA
4417507,1992-01-08,88416.08,F,3-MEDIUM,Customer#000119050,BUILDING,UNITED KINGDOM,EUROPE
4341159,1992-01-08,44657.45,F,3-MEDIUM,Customer#000104620,FURNITURE,PERU,AMERICA
4480546,1992-01-08,224432.09,F,5-LOW,Customer#000048359,AUTOMOBILE,KENYA,AFRICA
4741542,1992-01-08,40135.31,F,3-MEDIUM,Customer#000117994,HOUSEHOLD,CANADA,AMERICA
4373217,1992-01-08,153125.47,F,3-MEDIUM,Customer#000091141,FURNITURE,RUSSIA,EUROPE
4526401,1992-01-08,1077.23,F,5-LOW,Customer#000115132,BUILDING,SAUDI ARABIA,MIDDLE EAST
4583680,1992-01-08,222335.46,F,5-LOW,Customer#000019985,BUILDING,INDIA,ASIA
4712227,1992-01-08,77770.96,F,2-HIGH,Customer#000102340,FURNITURE,PERU,AMERICA
4512516,1992-01-08,150724.22,F,1-URGENT,Customer#000085025,MACHINERY,RUSSIA,EUROPE
4643105,1992-01-08,42155.69,F,4-NOT SPECIFIED,Customer#000111796,FURNITURE,IRAQ,MIDDLE EAST
4764581,1992-01-08,70723.56,F,4-NOT SPECIFIED,Customer#000125959,AUTOMOBILE,PERU,AMERICA
4529319,1992-01-08,132430.35,F,3-MEDIUM,Customer#000056428,FURNITURE,MOROCCO,AFRICA
4542689,1992-01-08,81801.15,F,4-NOT SPECIFIED,Customer#000106798,AUTOMOBILE,FRANCE,EUROPE
4530629,1992-01-08,111818.92,F,2-HIGH,Customer#000058309,MACHINERY,VIETNAM,ASIA
4707873,1992-01-08,160057.08,F,5-LOW,Customer#000046441,FURNITURE,MOROCCO,AFRICA
4584262,1992-01-08,164456.98,F,3-MEDIUM,Customer#000028756,FURNITURE,ETHIOPIA,AFRICA
4234722,1992-01-08,337136.72,F,2-HIGH,Customer#000145654,FURNITURE,ETHIOPIA,AFRICA
4448390,1992-01-08,198690.13,F,1-URGENT,Customer#000050899,FURNITURE,JAPAN,ASIA
4384519,1992-01-08,104167.63,F,3-MEDIUM,Customer#000076780,FURNITURE,KENYA,AFRICA
4520227,1992-01-08,51884.88,F,5-LOW,Customer#000087046,HOUSEHOLD,CHINA,ASIA
4627207,1992-01-08,109794.15,F,3-MEDIUM,Customer#000046043,AUTOMOBILE,RUSSIA,EUROPE
4488962,1992-01-08,202650.03,F,3-MEDIUM,Customer#000005111,HOUSEHOLD,IRAN,MIDDLE EAST
4622599,1992-01-08,258053.82,F,3-MEDIUM,Customer#000108529,FURNITURE,MOZAMBIQUE,AFRICA
4556455,1992-01-08,218874.67,F,1-URGENT,Customer#000025015,FURNITURE,ARGENTINA,AMERICA
4597703,1992-01-08,49492.62,F,5-LOW,Customer#000057766,AUTOMOBILE,INDIA,ASIA
4631716,1992-01-08,158265.12,F,1-URGENT,Customer#000010001,HOUSEHOLD,JAPAN,ASIA
4227398,1992-01-08,381130.96,F,2-HIGH,Customer#000040873,FURNITURE,FRANCE,EUROPE
4603937,1992-01-08,36221.80,F,3-MEDIUM,Customer#000028777,BUILDING,JORDAN,MIDDLE EAST
4223328,1992-01-08,200986.87,F,3-MEDIUM,Customer#000001870,BUILDING,ARGENTINA,AMERICA
4635490,1992-01-08,195405.35,F,3-MEDIUM,Customer#000045719,MACHINERY,MOROCCO,AFRICA
4241542,1992-01-08,69170.93,F,4-NOT SPECIFIED,Customer#000056671,FURNITURE,JAPAN,ASIA
4308934,1992-01-08,297834.13,F,4-NOT SPECIFIED,Customer#000025831,MACHINERY,SAUDI ARABIA,MIDDLE EAST
4737445,1992-01-08,306050.04,F,2-HIGH,Customer#000092666,HOUSEHOLD,MOROCCO,AFRICA
4537633,1992-01-08,37546.98,F,4-NOT SPECIFIED,Customer#000079940,AUTOMOBILE,IRAN,MIDDLE EAST
4339525,1992-01-08,72338.09,F,1-URGENT,Customer#000006437,AUTOMOBILE,UNITED KINGDOM,EUROPE
4577989,1992-01-08,228656.10,F,5-LOW,Customer#000007357,BUILDING,INDIA,ASIA
4413862,1992-01-08,26099.08,F,1-URGENT,Customer#000119044,AUTOMOBILE,INDONESIA,ASIA
3864226,1992-01-08,95116.67,F,2-HIGH,Customer#000021032,AUTOMOBILE,SAUDI ARABIA,MIDDLE EAST
4747267,1992-01-08,202808.53,F,2-HIGH,Customer#000049642,AUTOMOBILE,CHINA,ASIA
4609093,1992-01-08,185537.05,F,1-URGENT,Customer#000126274,BUILDING,BRAZIL,AMERICA
2118853,1992-01-08,47461.25,F,3-MEDIUM,Customer#000017818,HOUSEHOLD,IRAQ,MIDDLE EAST
818789,1992-01-08,72866.93,F,3-MEDIUM,Customer#000031894,HOUSEHOLD,CHINA,ASIA
2151618,1992-01-08,145595.51,F,5-LOW,Customer#000085132,AUTOMOBILE,MOZAMBIQUE,AFRICA
1835781,1992-01-08,43026.48,F,1-URGENT,Customer#000034651,FURNITURE,INDIA,ASIA
2092519,1992-01-08,54127.12,F,3-MEDIUM,Customer#000035101,FURNITURE,FRANCE,EUROPE
2354246,1992-01-08,80944.03,F,2-HIGH,Customer#000081949,AUTOMOBILE,IRAN,MIDDLE EAST
2122177,1992-01-08,86042.49,F,2-HIGH,Customer#000072775,MACHINERY,ROMANIA,EUROPE
2169600,1992-01-08,215789.29,F,5-LOW,Customer#000030358,FURNITURE,MOZAMBIQUE,AFRICA
2086599,1992-01-08,39899.94,F,2-HIGH,Customer#000037072,BUILDING,BRAZIL,AMERICA
2182369,1992-01-08,142079.32,F,3-MEDIUM,Customer#000110332,AUTOMOBILE,BRAZIL,AMERICA
2089059,1992-01-08,211142.15,F,4-NOT SPECIFIED,Customer#000110614,BUILDING,CANADA,AMERICA
2129669,1992-01-08,191705.34,F,1-URGENT,Customer#000134944,FURNITURE,RUSSIA,EUROPE
2270272,1992-01-08,170621.20,F,1-URGENT,Customer#000027145,FURNITURE,SAUDI ARABIA,MIDDLE EAST
2283942,1992-01-08,16784.88,F,5-LOW,Customer#000101648,AUTOMOBILE,UNITED KINGDOM,EUROPE
2366726,1992-01-08,174926.30,F,3-MEDIUM,Customer#000031988,MACHINERY,GERMANY,EUROPE
2191558,1992-01-08,67111.53,F,3-MEDIUM,Customer#000069977,FURNITURE,UNITED STATES,AMERICA
2305926,1992-01-08,142275.49,F,1-URGENT,Customer#000078754,HOUSEHOLD,ETHIOPIA,AFRICA
4370659,1992-01-08,196252.65,F,1-URGENT,Customer#000007120,AUTOMOBILE,PERU,AMERICA
2147680,1992-01-08,175658.68,F,5-LOW,Customer#000084433,AUTOMOBILE,GERMANY,EUROPE
2241572,1992-01-08,160060.09,F,4-NOT SPECIFIED,Customer#000083032,BUILDING,ROMANIA,EUROPE
2003429,1992-01-08,65572.32,F,4-NOT SPECIFIED,Customer#000053641,BUILDING,IRAN,MIDDLE EAST
2266341,1992-01-08,15285.78,F,2-HIGH,Customer#000085978,MACHINERY,IRAN,MIDDLE EAST
1927363,1992-01-08,88603.61,F,2-HIGH,Customer#000137596,AUTOMOBILE,JAPAN,ASIA
1853061,1992-01-08,290129.46,F,1-URGENT,Customer#000025817,MACHINERY,PERU,AMERICA
1934883,1992-01-08,271473.29,F,5-LOW,Customer#000035203,AUTOMOBILE,VIETNAM,ASIA
1814309,1992-01-08,153316.82,F,5-LOW,Customer#000069152,AUTOMOBILE,PERU,AMERICA
2300933,1992-01-08,129606.31,F,1-URGENT,Customer#000009349,BUILDING,VIETNAM,ASIA
2252871,1992-01-08,272848.08,F,2-HIGH,Customer#000107833,MACHINERY,EGYPT,MIDDLE EAST
1553509,1992-01-08,115642.55,F,5-LOW,Customer#000043015,BUILDING,ETHIOPIA,AFRICA
1961092,1992-01-08,165678.53,F,3-MEDIUM,Customer#000062887,HOUSEHOLD,ALGERIA,AFRICA
4301955,1992-01-08,153104.77,F,1-URGENT,Customer#000097762,AUTOMOBILE,BRAZIL,AMERICA
272896,1992-01-08,70463.97,F,5-LOW,Customer#000149519,HOUSEHOLD,IRAQ,MIDDLE EAST
4129601,1992-01-08,99958.17,F,1-URGENT,Customer#000015679,MACHINERY,CANADA,AMERICA
1528258,1992-01-08,320565.29,F,5-LOW,Customer#000107185,FURNITURE,MOROCCO,AFRICA
4021957,1992-01-08,279769.89,F,5-LOW,Customer#000063103,BUILDING,VIETNAM,ASIA
3901031,1992-01-08,108549.86,F,2-HIGH,Customer#000145786,BUILDING,CHINA,ASIA
4457861,1992-01-08,45274.93,F,4-NOT SPECIFIED,Customer#000005879,HOUSEHOLD,MOROCCO,AFRICA
302087,1992-01-08,160917.42,F,1-URGENT,Customer#000055171,AUTOMOBILE,KENYA,AFRICA
4010466,1992-01-08,81425.32,F,3-MEDIUM,Customer#000122170,BUILDING,BRAZIL,AMERICA
4059045,1992-01-08,157418.51,F,4-NOT SPECIFIED,Customer#000010898,BUILDING,ROMANIA,EUROPE
1215619,1992-01-08,124798.41,F,3-MEDIUM,Customer#000147958,HOUSEHOLD,MOZAMBIQUE,AFRICA
3684960,1992-01-08,180836.66,F,3-MEDIUM,Customer#000103382,MACHINERY,INDIA,ASIA
1228807,1992-01-08,377837.63,F,1-URGENT,Customer#000099848,MACHINERY,JAPAN,ASIA
4377441,1992-01-08,210279.86,F,2-HIGH,Customer#000051515,BUILDING,BRAZIL,AMERICA
106594,1992-01-08,64422.38,F,4-NOT SPECIFIED,Customer#000003299,HOUSEHOLD,RUSSIA,EUROPE
1316518,1992-01-08,61681.65,F,3-MEDIUM,Customer#000035249,HOUSEHOLD,GERMANY,EUROPE
1450628,1992-01-08,364198.98,F,4-NOT SPECIFIED,Customer#000005482,MACHINERY,FRANCE,EUROPE
3670567,1992-01-08,211961.69,F,3-MEDIUM,Customer#000086063,FURNITURE,UNITED STATES,AMERICA
3884580,1992-01-08,156987.09,F,3-MEDIUM,Customer#000076348,MACHINERY,EGYPT,MIDDLE EAST
1703975,1992-01-08,10400.22,F,1-URGENT,Customer#000122302,AUTOMOBILE,INDIA,ASIA
3676837,1992-01-08,99666.03,F,5-LOW,Customer#000092716,MACHINERY,RUSSIA,EUROPE
1714149,1992-01-08,91535.03,F,5-LOW,Customer#000072008,FURNITURE,IRAN,MIDDLE EAST
1295617,1992-01-08,84422.34,F,4-NOT SPECIFIED,Customer#000020600,HOUSEHOLD,INDIA,ASIA
4020386,1992-01-08,372888.68,F,4-NOT SPECIFIED,Customer#000127991,HOUSEHOLD,UNITED KINGDOM,EUROPE
4791332,1992-01-08,131609.03,F,1-URGENT,Customer#000013093,FURNITURE,ARGENTINA,AMERICA
126083,1992-01-08,53975.46,F,5-LOW,Customer#000097474,AUTOMOBILE,PERU,AMERICA
4301536,1992-01-08,3893.08,F,3-MEDIUM,Customer#000103265,MACHINERY,ARGENTINA,AMERICA
4556162,1992-01-08,60297.49,F,4-NOT SPECIFIED,Customer#000107224,MACHINERY,IRAN,MIDDLE EAST
4242690,1992-01-08,373351.29,F,1-URGENT,Customer#000093328,HOUSEHOLD,FRANCE,EUROPE
4259142,1992-01-08,238437.78,F,1-URGENT,Customer#000089260,AUTOMOBILE,FRANCE,EUROPE
4286337,1992-01-08,62382.62,F,2-HIGH,Customer#000076169,BUILDING,INDONESIA,ASIA
4427810,1992-01-08,311865.04,F,2-HIGH,Customer#000041636,BUILDING,IRAN,MIDDLE EAST
4618112,1992-01-08,129711.91,F,4-NOT SPECIFIED,Customer#000013012,HOUSEHOLD,RUSSIA,EUROPE
4540357,1992-01-08,256574.04,F,5-LOW,Customer#000099674,HOUSEHOLD,UNITED KINGDOM,EUROPE
4676036,1992-01-08,26481.63,F,1-URGENT,Customer#000001417,FURNITURE,ARGENTINA,AMERICA
1582885,1992-01-08,110183.80,F,5-LOW,Customer#000123079,FURNITURE,EGYPT,MIDDLE EAST
746212,1992-01-08,184690.58,F,1-URGENT,Customer#000050914,HOUSEHOLD,ALGERIA,AFRICA
1185988,1992-01-08,55034.33,F,5-LOW,Customer#000021095,BUILDING,MOROCCO,AFRICA
5908996,1992-01-08,289944.81,F,5-LOW,Customer#000031387,HOUSEHOLD,INDONESIA,ASIA
1194724,1992-01-08,44764.13,F,4-NOT SPECIFIED,Customer#000098045,FURNITURE,ALGERIA,AFRICA
1195203,1992-01-08,288360.07,F,1-URGENT,Customer#000081682,HOUSEHOLD,GERMANY,EUROPE
559364,1992-01-08,39977.04,F,5-LOW,Customer#000084254,BUILDING,UNITED STATES,AMERICA
488294,1992-01-08,262288.47,F,3-MEDIUM,Customer#000102779,FURNITURE,FRANCE,EUROPE
257476,1992-01-08,50017.76,F,3-MEDIUM,Customer#000125578,AUTOMOBILE,KENYA,AFRICA
730113,1992-01-08,156628.92,F,1-URGENT,Customer#000057439,HOUSEHOLD,CANADA,AMERICA
170599,1992-01-08,203664.75,F,2-HIGH,Customer#000079607,AUTOMOBILE,MOZAMBIQUE,AFRICA
599526,1992-01-08,88989.49,F,4-NOT SPECIFIED,Customer#000048206,BUILDING,IRAQ,MIDDLE EAST
3199011,1992-01-08,48004.42,F,1-URGENT,Customer#000059674,MACHINERY,KENYA,AFRICA
3104167,1992-01-08,189017.74,F,1-URGENT,Customer#000010111,BUILDING,RUSSIA,EUROPE
3004902,1992-01-08,95715.07,F,1-URGENT,Customer#000068023,HOUSEHOLD,GERMANY,EUROPE
3210720,1992-01-08,376706.59,F,3-MEDIUM,Customer#000080764,HOUSEHOLD,ARGENTINA,AMERICA
3456481,1992-01-08,79111.94,F,2-HIGH,Customer#000076369,HOUSEHOLD,BRAZIL,AMERICA
5698144,1992-01-08,206959.13,F,4-NOT SPECIFIED,Customer#000016765,AUTOMOBILE,UNITED STATES,AMERICA
5399616,1992-01-08,31594.80,F,5-LOW,Customer#000107716,MACHINERY,INDIA,ASIA
5310471,1992-01-08,206252.16,F,2-HIGH,Customer#000126304,FURNITURE,KENYA,AFRICA
3498277,1992-01-08,83055.25,F,3-MEDIUM,Customer#000132362,BUILDING,SAUDI ARABIA,MIDDLE EAST
5907043,1992-01-08,7549.85,F,4-NOT SPECIFIED,Customer#000124663,BUILDING,VIETNAM,ASIA
4927363,1992-01-08,95669.33,F,1-URGENT,Customer#000056528,AUTOMOBILE,MOZAMBIQUE,AFRICA
5114438,1992-01-08,151634.46,F,2-HIGH,Customer#000131041,BUILDING,INDIA,ASIA
5423011,1992-01-08,231209.42,F,1-URGENT,Customer#000147088,BUILDING,MOZAMBIQUE,AFRICA
5221027,1992-01-08,117523.89,F,3-MEDIUM,Customer#000034607,AUTOMOBILE,JORDAN,MIDDLE EAST
5687459,1992-01-08,47866.00,F,4-NOT SPECIFIED,Customer#000030049,FURNITURE,UNITED KINGDOM,EUROPE
5754082,1992-01-08,168205.66,F,5-LOW,Customer#000044281,HOUSEHOLD,ALGERIA,AFRICA
5981732,1992-01-08,42669.74,F,2-HIGH,Customer#000119614,AUTOMOBILE,JAPAN,ASIA
3489795,1992-01-08,103600.18,F,3-MEDIUM,Customer#000027098,FURNITURE,ROMANIA,EUROPE
5830853,1992-01-08,205247.91,F,4-NOT SPECIFIED,Customer#000066469,HOUSEHOLD,BRAZIL,AMERICA
5364224,1992-01-08,250895.88,F,3-MEDIUM,Customer#000071572,HOUSEHOLD,INDONESIA,ASIA
5249284,1992-01-08,156069.27,F,4-NOT SPECIFIED,Customer#000067690,MACHINERY,PERU,AMERICA
5154369,1992-01-08,189237.12,F,4-NOT SPECIFIED,Customer#000013082,HOUSEHOLD,VIETNAM,ASIA
4958566,1992-01-08,344549.43,F,3-MEDIUM,Customer#000145948,AUTOMOBILE,ALGERIA,AFRICA
5041955,1992-01-08,23525.51,F,3-MEDIUM,Customer#000048514,BUILDING,SAUDI ARABIA,MIDDLE EAST
5191842,1992-01-08,10744.62,F,2-HIGH,Customer#000036938,BUILDING,BRAZIL,AMERICA
5103650,1992-01-08,86230.05,F,1-URGENT,Customer#000090841,HOUSEHOLD,RUSSIA,EUROPE
5540066,1992-01-08,184193.12,F,2-HIGH,Customer#000093661,BUILDING,SAUDI ARABIA,MIDDLE EAST
1740611,1992-01-08,226360.81,F,5-LOW,Customer#000136802,BUILDING,ROMANIA,EUROPE
5781477,1992-01-08,34591.67,F,3-MEDIUM,Customer#000031873,AUTOMOBILE,PERU,AMERICA
5366980,1992-01-08,69618.01,F,4-NOT SPECIFIED,Customer#000113248,HOUSEHOLD,RUSSIA,EUROPE
5349159,1992-01-08,303565.33,F,1-URGENT,Customer#000094331,FURNITURE,MOZAMBIQUE,AFRICA
5398823,1992-01-08,161811.05,F,1-URGENT,Customer#000099662,HOUSEHOLD,ETHIOPIA,AFRICA
5591106,1992-01-08,247790.58,F,2-HIGH,Customer#000097468,HOUSEHOLD,ARGENTINA,AMERICA
5772484,1992-01-08,32162.86,F,1-URGENT,Customer#000141397,FURNITURE,MOROCCO,AFRICA
82561,1992-01-08,156528.28,F,2-HIGH,Customer#000035818,HOUSEHOLD,IRAQ,MIDDLE EAST
534471,1992-01-08,92077.49,F,1-URGENT,Customer#000117089,HOUSEHOLD,GERMANY,EUROPE
462819,1992-01-08,127619.73,F,5-LOW,Customer#000059866,MACHINERY,ALGERIA,AFRICA
735523,1992-01-08,147066.75,F,2-HIGH,Customer#000143956,BUILDING,GERMANY,EUROPE
3930373,1992-01-08,135832.23,F,2-HIGH,Customer#000032651,BUILDING,PERU,AMERICA
4838688,1992-01-08,35717.28,F,2-HIGH,Customer#000092716,MACHINERY,RUSSIA,EUROPE
3334151,1992-01-08,128607.79,F,4-NOT SPECIFIED,Customer#000143783,MACHINERY,KENYA,AFRICA
5112994,1992-01-08,276310.59,F,3-MEDIUM,Customer#000080827,FURNITURE,GERMANY,EUROPE
5441120,1992-01-08,3112.20,F,2-HIGH,Customer#000144397,HOUSEHOLD,ROMANIA,EUROPE
5629024,1992-01-08,42174.85,F,4-NOT SPECIFIED,Customer#000064382,AUTOMOBILE,FRANCE,EUROPE
5183488,1992-01-08,138736.99,F,1-URGENT,Customer#000117566,HOUSEHOLD,ARGENTINA,AMERICA
54115,1992-01-08,213164.20,F,5-LOW,Customer#000079033,AUTOMOBILE,VIETNAM,ASIA
5666368,1992-01-08,349155.73,F,5-LOW,Customer#000008854,MACHINERY,INDONESIA,ASIA
4801894,1992-01-08,174989.72,F,3-MEDIUM,Customer#000031304,HOUSEHOLD,BRAZIL,AMERICA
5613700,1992-01-08,259543.20,F,4-NOT SPECIFIED,Customer#000073417,MACHINERY,UNITED KINGDOM,EUROPE
5169862,1992-01-08,216851.75,F,3-MEDIUM,Customer#000110873,HOUSEHOLD,RUSSIA,EUROPE
5035623,1992-01-08,119887.91,F,4-NOT SPECIFIED,Customer#000015338,MACHINERY,JAPAN,ASIA
5647014,1992-01-08,54643.34,F,3-MEDIUM,Customer#000069199,AUTOMOBILE,CANADA,AMERICA
404482,1992-01-08,17122.03,F,2-HIGH,Customer#000126514,MACHINERY,MOZAMBIQUE,AFRICA
506209,1992-01-08,281110.96,F,1-URGENT,Customer#000146653,HOUSEHOLD,KENYA,AFRICA
5310371,1992-01-08,19719.05,F,3-MEDIUM,Customer#000054550,MACHINERY,INDONESIA,ASIA
200390,1992-01-08,60067.81,F,4-NOT SPECIFIED,Customer#000018331,AUTOMOBILE,UNITED KINGDOM,EUROPE
5750624,1992-01-08,19710.07,F,4-NOT SPECIFIED,Customer#000102052,HOUSEHOLD,KENYA,AFRICA
88294,1992-01-08,19165.66,F,3-MEDIUM,Customer#000132394,AUTOMOBILE,JAPAN,ASIA
5048320,1992-01-08,218744.94,F,1-URGENT,Customer#000024014,MACHINERY,INDONESIA,ASIA
104388,1992-01-08,209643.51,F,4-NOT SPECIFIED,Customer#000103364,FURNITURE,EGYPT,MIDDLE EAST
5834695,1992-01-08,238229.26,F,4-NOT SPECIFIED,Customer#000000157,BUILDING,MOROCCO,AFRICA
5059840,1992-01-08,92346.72,F,5-LOW,Customer#000057613,MACHINERY,GERMANY,EUROPE
3227046,1992-01-08,240158.43,F,3-MEDIUM,Customer#000131398,FURNITURE,BRAZIL,AMERICA
5887012,1992-01-08,121308.74,F,3-MEDIUM,Customer#000026320,HOUSEHOLD,ETHIOPIA,AFRICA
246753,1992-01-08,152699.93,F,3-MEDIUM,Customer#000128128,HOUSEHOLD,RUSSIA,EUROPE
3259202,1992-01-08,170175.08,F,4-NOT SPECIFIED,Customer#000105031,MACHINERY,IRAQ,MIDDLE EAST
4815554,1992-01-08,187948.81,F,2-HIGH,Customer#000093796,AUTOMOBILE,UNITED KINGDOM,EUROPE
302627,1992-01-08,4063.87,F,5-LOW,Customer#000129460,MACHINERY,CANADA,AMERICA
3010307,1992-01-08,52422.51,F,5-LOW,Customer#000044164,AUTOMOBILE,BRAZIL,AMERICA
4838530,1992-01-08,92764.89,F,2-HIGH,Customer#000043688,AUTOMOBILE,IRAQ,MIDDLE EAST
5133920,1992-01-08,275247.83,F,5-LOW,Customer#000024005,MACHINERY,KENYA,AFRICA
5388706,1992-01-08,168673.66,F,5-LOW,Customer#000072839,MACHINERY,MOZAMBIQUE,AFRICA
3497440,1992-01-08,167689.36,F,1-URGENT,Customer#000047828,FURNITURE,VIETNAM,ASIA
293191,1992-01-08,9183.94,F,5-LOW,Customer#000067195,BUILDING,ALGERIA,AFRICA
1271621,1992-01-08,124898.92,F,3-MEDIUM,Customer#000045631,BUILDING,JAPAN,ASIA
3460160,1992-01-08,247995.40,F,3-MEDIUM,Customer#000098434,MACHINERY,FRANCE,EUROPE
3139555,1992-01-08,124871.76,F,4-NOT SPECIFIED,Customer#000028981,BUILDING,FRANCE,EUROPE
3039365,1992-01-08,309630.19,F,4-NOT SPECIFIED,Customer#000059216,FURNITURE,BRAZIL,AMERICA
2951910,1992-01-08,9232.86,F,2-HIGH,Customer#000124636,MACHINERY,ARGENTINA,AMERICA
3571009,1992-01-08,25349.21,F,4-NOT SPECIFIED,Customer#000063586,HOUSEHOLD,MOROCCO,AFRICA
5013188,1992-01-08,264372.47,F,2-HIGH,Customer#000115687,HOUSEHOLD,UNITED STATES,AMERICA
2710757,1992-01-08,40018.20,F,5-LOW,Customer#000034696,MACHINERY,IRAQ,MIDDLE EAST
4945863,1992-01-08,84037.11,F,4-NOT SPECIFIED,Customer#000057883,MACHINERY,BRAZIL,AMERICA
2675586,1992-01-08,221636.64,F,3-MEDIUM,Customer#000035446,AUTOMOBILE,INDONESIA,ASIA
2671655,1992-01-08,122995.76,F,1-URGENT,Customer#000014590,BUILDING,JORDAN,MIDDLE EAST
754598,1992-01-08,151605.54,F,2-HIGH,Customer#000103840,BUILDING,PERU,AMERICA
2442048,1992-01-08,241148.47,F,1-URGENT,Customer#000098273,MACHINERY,SAUDI ARABIA,MIDDLE EAST
1262656,1992-01-08,1493.65,F,4-NOT SPECIFIED,Customer#000071476,BUILDING,MOROCCO,AFRICA
77825,1992-01-08,43343.75,F,1-URGENT,Customer#000022955,BUILDING,UNITED KINGDOM,EUROPE
3565507,1992-01-08,97804.47,F,5-LOW,Customer#000077425,HOUSEHOLD,ETHIOPIA,AFRICA
795556,1992-01-08,145299.19,F,1-URGENT,Customer#000114397,MACHINERY,SAUDI ARABIA,MIDDLE EAST
2946883,1992-01-08,103839.06,F,1-URGENT,Customer#000086620,HOUSEHOLD,ALGERIA,AFRICA
2748614,1992-01-08,312812.01,F,2-HIGH,Customer#000137026,FURNITURE,MOZAMBIQUE,AFRICA
2581057,1992-01-08,92989.92,F,1-URGENT,Customer#000068950,FURNITURE,ARGENTINA,AMERICA
2999713,1992-01-08,218346.00,F,2-HIGH,Customer#000137680,HOUSEHOLD,BRAZIL,AMERICA
95108,1992-01-08,129678.06,F,4-NOT SPECIFIED,Customer#000062089,FURNITURE,INDIA,ASIA
306085,1992-01-08,299812.31,F,4-NOT SPECIFIED,Customer#000104839,AUTOMOBILE,INDONESIA,ASIA
2886151,1992-01-08,156481.52,F,4-NOT SPECIFIED,Customer#000142220,FURNITURE,BRAZIL,AMERICA
2705253,1992-01-08,227859.27,F,5-LOW,Customer#000122914,FURNITURE,SAUDI ARABIA,MIDDLE EAST
2854914,1992-01-08,224641.63,F,4-NOT SPECIFIED,Customer#000060886,AUTOMOBILE,ETHIOPIA,AFRICA
2639331,1992-01-08,161676.47,F,5-LOW,Customer#000120749,AUTOMOBILE,JAPAN,ASIA
2534503,1992-01-08,45515.49,F,1-URGENT,Customer#000065342,HOUSEHOLD,ETHIOPIA,AFRICA
843814,1992-01-08,89113.96,F,2-HIGH,Customer#000100165,AUTOMOBILE,SAUDI ARABIA,MIDDLE EAST
5917383,1992-01-08,181780.35,F,2-HIGH,Customer#000081250,FURNITURE,ARGENTINA,AMERICA
2967555,1992-01-08,127688.88,F,2-HIGH,Customer#000012812,HOUSEHOLD,ROMANIA,EUROPE
5127394,1992-01-08,245773.94,F,5-LOW,Customer#000015142,MACHINERY,EGYPT,MIDDLE EAST
4829892,1992-01-08,137266.04,F,3-MEDIUM,Customer#000094006,FURNITURE,KENYA,AFRICA
5866976,1992-01-08,112903.88,F,2-HIGH,Customer#000032753,HOUSEHOLD,ALGERIA,AFRICA
5420705,1992-01-08,83985.51,F,5-LOW,Customer#000114028,AUTOMOBILE,PERU,AMERICA
5308068,1992-01-08,208892.26,F,5-LOW,Customer#000146947,HOUSEHOLD,MOROCCO,AFRICA
5535079,1992-01-08,229937.98,F,3-MEDIUM,Customer#000122027,MACHINERY,MOROCCO,AFRICA
5307585,1992-01-08,160331.50,F,3-MEDIUM,Customer#000052630,FURNITURE,IRAN,MIDDLE EAST
5037477,1992-01-08,162772.28,F,4-NOT SPECIFIED,Customer#000062398,HOUSEHOLD,ROMANIA,EUROPE
5315713,1992-01-08,224097.76,F,5-LOW,Customer#000064571,BUILDING,CHINA,ASIA
5308006,1992-01-08,204425.03,F,1-URGENT,Customer#000104747,BUILDING,ARGENTINA,AMERICA
5941185,1992-01-08,233888.76,F,2-HIGH,Customer#000019006,HOUSEHOLD,FRANCE,EUROPE
5482627,1992-01-08,173234.59,F,4-NOT SPECIFIED,Customer#000044440,FURNITURE,ROMANIA,EUROPE
5260609,1992-01-08,219589.83,F,1-URGENT,Customer#000100600,FURNITURE,INDIA,ASIA
5609154,1992-01-08,132018.17,F,2-HIGH,Customer#000071462,AUTOMOBILE,CHINA,ASIA
5306336,1992-01-08,97772.77,F,2-HIGH,Customer#000119482,FURNITURE,PERU,AMERICA
4918274,1992-01-08,59819.66,F,5-LOW,Customer#000094681,FURNITURE,MOROCCO,AFRICA
5850022,1992-01-08,44616.49,F,2-HIGH,Customer#000039016,FURNITURE,BRAZIL,AMERICA
5661508,1992-01-08,295138.11,F,2-HIGH,Customer#000137050,FURNITURE,JAPAN,ASIA
5261894,1992-01-08,66033.63,F,1-URGENT,Customer#000079924,AUTOMOBILE,EGYPT,MIDDLE EAST
5292292,1992-01-08,17350.62,F,4-NOT SPECIFIED,Customer#000071710,BUILDING,EGYPT,MIDDLE EAST
2051843,1992-01-08,7821.11,F,5-LOW,Customer#000122876,BUILDING,JORDAN,MIDDLE EAST
2240512,1992-01-08,139933.86,F,5-LOW,Customer#000077581,AUTOMOBILE,FRANCE,EUROPE
2354338,1992-01-08,40235.01,F,2-HIGH,Customer#000148604,FURNITURE,IRAQ,MIDDLE EAST
5582594,1992-01-08,193016.37,F,3-MEDIUM,Customer#000138739,BUILDING,EGYPT,MIDDLE EAST
2371815,1992-01-08,172372.35,F,4-NOT SPECIFIED,Customer#000054106,FURNITURE,IRAN,MIDDLE EAST
1880674,1992-01-08,177028.95,F,4-NOT SPECIFIED,Customer#000053209,AUTOMOBILE,ARGENTINA,AMERICA
2910790,1992-01-08,256401.32,F,1-URGENT,Customer#000127150,FURNITURE,BRAZIL,AMERICA
2286146,1992-01-08,273648.06,F,1-URGENT,Customer#000085111,FURNITURE,IRAN,MIDDLE EAST
2157858,1992-01-08,310721.97,F,3-MEDIUM,Customer#000090541,AUTOMOBILE,SAUDI ARABIA,MIDDLE EAST
2212578,1992-01-08,75295.46,F,4-NOT SPECIFIED,Customer#000043229,HOUSEHOLD,SAUDI ARABIA,MIDDLE EAST
2313025,1992-01-08,29620.69,F,5-LOW,Customer#000030640,AUTOMOBILE,BRAZIL,AMERICA
1937509,1992-01-08,109716.44,F,2-HIGH,Customer#000101456,FURNITURE,ROMANIA,EUROPE
2092962,1992-01-08,228639.29,F,2-HIGH,Customer#000068602,FURNITURE,PERU,AMERICA
1971040,1992-01-08,73028.76,F,2-HIGH,Customer#000147655,BUILDING,JAPAN,ASIA
2288005,1992-01-08,256822.42,F,2-HIGH,Customer#000119929,BUILDING,PERU,AMERICA
2139813,1992-01-08,26847.95,F,3-MEDIUM,Customer#000076586,FURNITURE,UNITED STATES,AMERICA
2306822,1992-01-08,133294.37,F,4-NOT SPECIFIED,Customer#000032539,AUTOMOBILE,JAPAN,ASIA
1816546,1992-01-08,168661.23,F,4-NOT SPECIFIED,Customer#000130633,HOUSEHOLD,BRAZIL,AMERICA
2270853,1992-01-08,180718.47,F,3-MEDIUM,Customer#000142810,AUTOMOBILE,JORDAN,MIDDLE EAST
2200486,1992-01-08,280273.75,F,3-MEDIUM,Customer#000057274,BUILDING,CANADA,AMERICA
1961509,1992-01-08,301606.57,F,2-HIGH,Customer#000134410,AUTOMOBILE,JORDAN,MIDDLE EAST
2323040,1992-01-08,105405.24,F,2-HIGH,Customer#000055204,AUTOMOBILE,GERMANY,EUROPE
2066279,1992-01-08,101272.69,F,5-LOW,Customer#000092447,MACHINERY,ARGENTINA,AMERICA
2162215,1992-01-08,80672.28,F,4-NOT SPECIFIED,Customer#000028078,BUILDING,KENYA,AFRICA
2345088,1992-01-08,294874.86,F,3-MEDIUM,Customer#000006778,MACHINERY,EGYPT,MIDDLE EAST
1160450,1992-01-08,149269.97,F,4-NOT SPECIFIED,Customer#000084595,AUTOMOBILE,UNITED KINGDOM,EUROPE
4897632,1992-01-08,132833.82,F,1-URGENT,Customer#000058279,AUTOMOBILE,RUSSIA,EUROPE
1951648,1992-01-08,203200.50,F,3-MEDIUM,Customer#000119750,HOUSEHOLD,RUSSIA,EUROPE
2193379,1992-01-08,173141.61,F,1-URGENT,Customer#000042748,BUILDING,PERU,AMERICA
2111233,1992-01-08,57051.85,F,2-HIGH,Customer#000135044,MACHINERY,CANADA,AMERICA
1972454,1992-01-08,174367.01,F,2-HIGH,Customer#000128612,AUTOMOBILE,ROMANIA,EUROPE
2315456,1992-01-08,328668.69,F,4-NOT SPECIFIED,Customer#000082309,BUILDING,RUSSIA,EUROPE
1892806,1992-01-08,120661.47,F,1-URGENT,Customer#000147758,MACHINERY,INDONESIA,ASIA
1801668,1992-01-08,141447.74,F,4-NOT SPECIFIED,Customer#000006340,HOUSEHOLD,BRAZIL,AMERICA
5172611,1992-01-08,109908.82,F,2-HIGH,Customer#000004450,BUILDING,INDIA,ASIA
1988769,1992-01-08,138894.43,F,5-LOW,Customer#000079114,BUILDING,RUSSIA,EUROPE
1851077,1992-01-08,95528.18,F,2-HIGH,Customer#000020230,FURNITURE,JORDAN,MIDDLE EAST
2159813,1992-01-08,187231.56,F,5-LOW,Customer#000133238,HOUSEHOLD,RUSSIA,EUROPE
4831077,1992-01-08,50536.91,F,2-HIGH,Customer#000060991,AUTOMOBILE,CANADA,AMERICA
452899,1992-01-08,354292.05,F,2-HIGH,Customer#000030001,MACHINERY,EGYPT,MIDDLE EAST
3619175,1992-01-08,93202.90,F,5-LOW,Customer#000022309,FURNITURE,PERU,AMERICA
1276518,1992-01-08,204312.47,F,3-MEDIUM,Customer#000013820,MACHINERY,VIETNAM,ASIA
1247941,1992-01-08,182006.00,F,3-MEDIUM,Customer#000101669,BUILDING,INDIA,ASIA
1357569,1992-01-08,144427.25,F,3-MEDIUM,Customer#000041506,BUILDING,GERMANY,EUROPE
3651105,1992-01-08,278165.15,F,2-HIGH,Customer#000130537,HOUSEHOLD,UNITED KINGDOM,EUROPE
4112166,1992-01-08,60658.00,F,2-HIGH,Customer#000040843,MACHINERY,IRAQ,MIDDLE EAST
4004320,1992-01-08,163372.46,F,2-HIGH,Customer#000056245,HOUSEHOLD,JAPAN,ASIA
1622885,1992-01-08,255083.73,F,5-LOW,Customer#000061075,MACHINERY,BRAZIL,AMERICA
1264711,1992-01-08,244884.07,F,1-URGENT,Customer#000027356,MACHINERY,ETHIOPIA,AFRICA
4194310,1992-01-08,282980.62,F,1-URGENT,Customer#000034294,BUILDING,CHINA,ASIA
1650406,1992-01-08,78333.27,F,2-HIGH,Customer#000100063,HOUSEHOLD,SAUDI ARABIA,MIDDLE EAST
4138179,1992-01-08,37706.68,F,4-NOT SPECIFIED,Customer#000141860,MACHINERY,RUSSIA,EUROPE
1658501,1992-01-08,167701.31,F,3-MEDIUM,Customer#000149840,BUILDING,UNITED KINGDOM,EUROPE
1700230,1992-01-08,56131.36,F,1-URGENT,Customer#000000112,FURNITURE,ROMANIA,EUROPE
3607366,1992-01-08,20689.07,F,4-NOT SPECIFIED,Customer#000080078,HOUSEHOLD,ARGENTINA,AMERICA
1691872,1992-01-08,185927.96,F,1-URGENT,Customer#000146392,BUILDING,MOROCCO,AFRICA
1368711,1992-01-08,213527.92,F,3-MEDIUM,Customer#000015907,HOUSEHOLD,INDIA,ASIA
1349127,1992-01-08,276970.61,F,2-HIGH,Customer#000101569,AUTOMOBILE,JORDAN,MIDDLE EAST
1275042,1992-01-08,68097.74,F,4-NOT SPECIFIED,Customer#000145771,FURNITURE,ROMANIA,EUROPE
1703751,1992-01-08,148368.46,F,1-URGENT,Customer#000030920,AUTOMOBILE,KENYA,AFRICA
4052227,1992-01-08,197041.01,F,5-LOW,Customer#000029533,HOUSEHOLD,VIETNAM,ASIA
4070597,1992-01-08,250648.25,F,3-MEDIUM,Customer#000129968,BUILDING,INDIA,ASIA
1230849,1992-01-08,203110.72,F,2-HIGH,Customer#000097943,AUTOMOBILE,UNITED KINGDOM,EUROPE
4125537,1992-01-08,146383.60,F,3-MEDIUM,Customer#000058067,MACHINERY,SAUDI ARABIA,MIDDLE EAST
4100487,1992-01-08,252742.77,F,3-MEDIUM,Customer#000117169,FURNITURE,RUSSIA,EUROPE
4018147,1992-01-08,61264.73,F,4-NOT SPECIFIED,Customer#000061507,AUTOMOBILE,EGYPT,MIDDLE EAST
1567267,1992-01-08,160148.52,F,3-MEDIUM,Customer#000053153,HOUSEHOLD,IRAN,MIDDLE EAST
3914819,1992-01-08,289259.01,F,5-LOW,Customer#000054401,BUILDING,KENYA,AFRICA
1254752,1992-01-08,154668.30,F,1-URGENT,Customer#000074795,HOUSEHOLD,INDONESIA,ASIA
3797314,1992-01-08,242406.92,F,5-LOW,Customer#000075253,MACHINERY,ETHIOPIA,AFRICA
1789957,1992-01-08,62841.27,F,3-MEDIUM,Customer#000018961,BUILDING,RUSSIA,EUROPE
3909473,1992-01-08,304297.83,F,3-MEDIUM,Customer#000147008,AUTOMOBILE,FRANCE,EUROPE
3911011,1992-01-08,40589.81,F,4-NOT SPECIFIED,Customer#000116942,BUILDING,SAUDI ARABIA,MIDDLE EAST
1470371,1992-01-08,250970.19,F,5-LOW,Customer#000018233,HOUSEHOLD,MOROCCO,AFRICA
1423941,1992-01-08,248673.42,F,2-HIGH,Customer#000060799,FURNITURE,INDIA,ASIA
3604839,1992-01-08,55902.98,F,5-LOW,Customer#000014209,FURNITURE,INDONESIA,ASIA
4196007,1992-01-08,63910.15,F,1-URGENT,Customer#000045046,MACHINERY,IRAN,MIDDLE EAST
3958465,1992-01-08,49473.01,F,3-MEDIUM,Customer#000097436,BUILDING,UNITED STATES,AMERICA
3635264,1992-01-08,81205.20,F,1-URGENT,Customer#000047558,MACHINERY,KENYA,AFRICA
1300804,1992-01-08,190522.25,F,5-LOW,Customer#000056411,AUTOMOBILE,ETHIOPIA,AFRICA
1761856,1992-01-08,97185.55,F,4-NOT SPECIFIED,Customer#000039347,AUTOMOBILE,JAPAN,ASIA
5664199,1992-01-08,130283.00,F,4-NOT SPECIFIED,Customer#000133571,AUTOMOBILE,CANADA,AMERICA
3634882,1992-01-08,217824.91,F,1-URGENT,Customer#000070258,FURNITURE,IRAQ,MIDDLE EAST
4030791,1992-01-08,102350.96,F,5-LOW,Customer#000047269,HOUSEHOLD,CANADA,AMERICA
3963841,1992-01-08,250800.01,F,1-URGENT,Customer#000092249,FURNITURE,INDIA,ASIA
4069603,1992-01-08,208991.82,F,1-URGENT,Customer#000136217,BUILDING,UNITED KINGDOM,EUROPE
1301030,1992-01-08,201331.98,F,3-MEDIUM,Customer#000039881,BUILDING,VIETNAM,ASIA
3777572,1992-01-08,155093.81,F,3-MEDIUM,Customer#000141976,HOUSEHOLD,MOZAMBIQUE,AFRICA
1161408,1992-01-08,3279.44,F,2-HIGH,Customer#000050749,BUILDING,EGYPT,MIDDLE EAST
2048548,1992-01-08,299519.21,F,5-LOW,Customer#000077216,HOUSEHOLD,MOZAMBIQUE,AFRICA
2211170,1992-01-08,156305.16,F,4-NOT SPECIFIED,Customer#000087719,FURNITURE,CHINA,ASIA
1827553,1992-01-08,32641.21,F,5-LOW,Customer#000099391,MACHINERY,KENYA,AFRICA
1309440,1992-01-08,251996.50,F,5-LOW,Customer#000053725,MACHINERY,CHINA,ASIA
3676519,1992-01-08,47701.33,F,5-LOW,Customer#000131938,AUTOMOBILE,IRAN,MIDDLE EAST
4165986,1992-01-08,128035.16,F,5-LOW,Customer#000050236,MACHINERY,EGYPT,MIDDLE EAST
5975141,1992-01-08,150734.20,F,2-HIGH,Customer#000078520,AUTOMOBILE,PERU,AMERICA
1546116,1992-01-08,173481.44,F,4-NOT SPECIFIED,Customer#000002413,MACHINERY,IRAQ,MIDDLE EAST
1687844,1992-01-08,260026.34,F,3-MEDIUM,Customer#000107290,FURNITURE,CANADA,AMERICA
3697509,1992-01-08,39724.48,F,3-MEDIUM,Customer#000146419,MACHINERY,BRAZIL,AMERICA
1516645,1992-01-08,65887.29,F,4-NOT SPECIFIED,Customer#000021745,BUILDING,MOZAMBIQUE,AFRICA
2563010,1992-01-08,179400.44,F,3-MEDIUM,Customer#000047440,HOUSEHOLD,ETHIOPIA,AFRICA
2211267,1992-01-08,105840.37,F,1-URGENT,Customer#000006211,BUILDING,BRAZIL,AMERICA
1020194,1992-01-08,83910.23,F,2-HIGH,Customer#000032614,FURNITURE,BRAZIL,AMERICA
2060743,1992-01-08,293320.68,F,1-URGENT,Customer#000056926,MACHINERY,SAUDI ARABIA,MIDDLE EAST
2402691,1992-01-08,255028.54,F,4-NOT SPECIFIED,Customer#000146351,BUILDING,UNITED STATES,AMERICA
4124422,1992-01-08,162739.68,F,5-LOW,Customer#000048505,MACHINERY,PERU,AMERICA
3626464,1992-01-08,94934.93,F,5-LOW,Customer#000055067,HOUSEHOLD,ARGENTINA,AMERICA
1639621,1992-01-08,8502.59,F,2-HIGH,Customer#000012230,AUTOMOBILE,VIETNAM,ASIA
3845474,1992-01-08,64497.74,F,4-NOT SPECIFIED,Customer#000084004,FURNITURE,JORDAN,MIDDLE EAST
1267175,1992-01-08,188106.08,F,3-MEDIUM,Customer#000094682,FURNITURE,ETHIOPIA,AFRICA
1617861,1992-01-08,290054.73,F,2-HIGH,Customer#000093268,AUTOMOBILE,SAUDI ARABIA,MIDDLE EAST
3727459,1992-01-08,251008.26,F,3-MEDIUM,Customer#000106099,MACHINERY,JAPAN,ASIA
1267393,1992-01-08,52958.19,F,5-LOW,Customer#000083888,AUTOMOBILE,IRAQ,MIDDLE EAST
4440834,1992-01-08,295630.81,F,4-NOT SPECIFIED,Customer#000133289,AUTOMOBILE,IRAN,MIDDLE EAST
4191622,1992-01-08,7791.49,F,1-URGENT,Customer#000134650,AUTOMOBILE,EGYPT,MIDDLE EAST
1472933,1992-01-08,127608.77,F,2-HIGH,Customer#000106138,BUILDING,INDONESIA,ASIA
1373152,1992-01-08,267250.98,F,5-LOW,Customer#000141433,BUILDING,MOROCCO,AFRICA
1700263,1992-01-08,170853.05,F,3-MEDIUM,Customer#000079079,MACHINERY,FRANCE,EUROPE
1208389,1992-01-08,202579.48,F,3-MEDIUM,Customer#000087287,MACHINERY,KENYA,AFRICA
313762,1992-01-08,348474.94,F,1-URGENT,Customer#000117994,HOUSEHOLD,CANADA,AMERICA
4848993,1992-01-08,372832.84,F,5-LOW,Customer#000140008,AUTOMOBILE,KENYA,AFRICA
4840164,1992-01-08,195896.92,F,3-MEDIUM,Customer#000043745,FURNITURE,ETHIOPIA,AFRICA
4105250,1992-01-08,198301.89,F,1-URGENT,Customer#000023849,FURNITURE,INDONESIA,ASIA
1527526,1992-01-08,272962.57,F,4-NOT SPECIFIED,Customer#000149618,HOUSEHOLD,UNITED KINGDOM,EUROPE
1785413,1992-01-08,156922.72,F,5-LOW,Customer#000143479,HOUSEHOLD,ETHIOPIA,AFRICA
5572291,1992-01-08,157055.27,F,3-MEDIUM,Customer#000015374,BUILDING,EGYPT,MIDDLE EAST
1022023,1992-01-08,77867.45,F,4-NOT SPECIFIED,Customer#000094375,BUILDING,GERMANY,EUROPE
4816613,1992-01-08,264363.46,F,2-HIGH,Customer#000001490,MACHINERY,SAUDI ARABIA,MIDDLE EAST
4837985,1992-01-08,90453.54,F,5-LOW,Customer#000122918,MACHINERY,MOZAMBIQUE,AFRICA
5030849,1992-01-08,210832.39,F,5-LOW,Customer#000000274,FURNITURE,ROMANIA,EUROPE
5335078,1992-01-08,227931.70,F,4-NOT SPECIFIED,Customer#000024500,FURNITURE,UNITED STATES,AMERICA
5607969,1992-01-08,51587.88,F,1-URGENT,Customer#000061441,FURNITURE,INDONESIA,ASIA
1069220,1992-01-08,111256.52,F,2-HIGH,Customer#000123802,AUTOMOBILE,ALGERIA,AFRICA
4988418,1992-01-08,138721.42,F,4-NOT SPECIFIED,Customer#000146270,MACHINERY,BRAZIL,AMERICA
5481285,1992-01-08,245988.88,F,2-HIGH,Customer#000009037,HOUSEHOLD,CHINA,ASIA
5389184,1992-01-08,50194.16,F,4-NOT SPECIFIED,Customer#000067204,MACHINERY,JAPAN,ASIA
1136358,1992-01-08,124539.84,F,3-MEDIUM,Customer#000057040,AUTOMOBILE,JAPAN,ASIA
5308292,1992-01-08,232858.33,F,2-HIGH,Customer#000056540,AUTOMOBILE,CHINA,ASIA
5820645,1992-01-08,153921.99,F,4-NOT SPECIFIED,Customer#000111607,FURNITURE,GERMANY,EUROPE
4887237,1992-01-08,99168.58,F,3-MEDIUM,Customer#000048190,MACHINERY,ARGENTINA,AMERICA
5920581,1992-01-08,179751.78,F,2-HIGH,Customer#000058156,BUILDING,IRAQ,MIDDLE EAST
5282055,1992-01-08,223449.97,F,1-URGENT,Customer#000024940,AUTOMOBILE,FRANCE,EUROPE
982087,1992-01-08,233150.55,F,1-URGENT,Customer#000087854,BUILDING,INDONESIA,ASIA
5398915,1992-01-08,247598.27,F,1-URGENT,Customer#000015109,MACHINERY,MOROCCO,AFRICA
5775491,1992-01-08,75781.13,F,4-NOT SPECIFIED,Customer#000061031,MACHINERY,SAUDI ARABIA,MIDDLE EAST
1156838,1992-01-08,60624.78,F,2-HIGH,Customer#000133313,FURNITURE,CHINA,ASIA
5549248,1992-01-08,376361.02,F,4-NOT SPECIFIED,Customer#000010729,HOUSEHOLD,CANADA,AMERICA
817634,1992-01-08,149468.63,F,4-NOT SPECIFIED,Customer#000005782,HOUSEHOLD,EGYPT,MIDDLE EAST
5530022,1992-01-08,214767.64,F,1-URGENT,Customer#000130228,FURNITURE,CHINA,ASIA
1038274,1992-01-08,91904.54,F,3-MEDIUM,Customer#000007360,BUILDING,CANADA,AMERICA
639335,1992-01-08,215506.66,F,2-HIGH,Customer#000120307,FURNITURE,SAUDI ARABIA,MIDDLE EAST
621671,1992-01-08,46137.41,F,4-NOT SPECIFIED,Customer#000096020,AUTOMOBILE,MOZAMBIQUE,AFRICA
1196612,1992-01-08,34187.85,F,1-URGENT,Customer#000019664,MACHINERY,BRAZIL,AMERICA
217413,1992-01-08,134660.12,F,5-LOW,Customer#000091480,FURNITURE,CANADA,AMERICA
845378,1992-01-08,239907.43,F,5-LOW,Customer#000022529,FURNITURE,MOZAMBIQUE,AFRICA
683618,1992-01-08,256639.89,F,1-URGENT,Customer#000127538,MACHINERY,ALGERIA,AFRICA
937382,1992-01-08,158443.39,F,4-NOT SPECIFIED,Customer#000110623,AUTOMOBILE,VIETNAM,ASIA
866404,1992-01-08,4988.71,F,4-NOT SPECIFIED,Customer#000123556,FURNITURE,IRAQ,MIDDLE EAST
827301,1992-01-08,183018.43,F,4-NOT SPECIFIED,Customer#000038680,HOUSEHOLD,JAPAN,ASIA
687331,1992-01-08,326883.09,F,1-URGENT,Customer#000031751,MACHINERY,ETHIOPIA,AFRICA
742656,1992-01-08,28071.30,F,5-LOW,Customer#000006694,HOUSEHOLD,EGYPT,MIDDLE EAST
3838789,1992-01-08,271564.97,F,3-MEDIUM,Customer#000106411,AUTOMOBILE,UNITED KINGDOM,EUROPE
1117764,1992-01-08,7570.71,F,5-LOW,Customer#000027058,MACHINERY,UNITED KINGDOM,EUROPE
897030,1992-01-08,181893.04,F,2-HIGH,Customer#000036520,AUTOMOBILE,FRANCE,EUROPE
855942,1992-01-08,6949.36,F,4-NOT SPECIFIED,Customer#000009496,FURNITURE,CHINA,ASIA
970560,1992-01-08,170203.35,F,2-HIGH,Customer#000046552,MACHINERY,GERMANY,EUROPE
562657,1992-01-08,51335.35,F,2-HIGH,Customer#000042287,HOUSEHOLD,GERMANY,EUROPE
915714,1992-01-08,191983.80,F,3-MEDIUM,Customer#000070747,HOUSEHOLD,ARGENTINA,AMERICA
699462,1992-01-08,151461.90,F,5-LOW,Customer#000114593,HOUSEHOLD,CHINA,ASIA
5259399,1992-01-08,238854.44,F,3-MEDIUM,Customer#000083807,FURNITURE,CANADA,AMERICA
990273,1992-01-08,237605.30,F,3-MEDIUM,Customer#000129076,BUILDING,BRAZIL,AMERICA
5046080,1992-01-08,185325.57,F,5-LOW,Customer#000142516,AUTOMOBILE,INDIA,ASIA
2389061,1992-01-08,319514.37,F,1-URGENT,Customer#000143182,FURNITURE,UNITED KINGDOM,EUROPE
821444,1992-01-08,21583.58,F,1-URGENT,Customer#000135902,BUILDING,PERU,AMERICA
5895201,1992-01-08,93811.40,F,1-URGENT,Customer#000052159,AUTOMOBILE,ALGERIA,AFRICA
5192768,1992-01-08,135200.18,F,3-MEDIUM,Customer#000005806,FURNITURE,PERU,AMERICA
5008256,1992-01-08,197641.65,F,5-LOW,Customer#000046598,AUTOMOBILE,VIETNAM,ASIA
2272066,1992-01-08,64691.45,F,1-URGENT,Customer#000073075,FURNITURE,BRAZIL,AMERICA
2119680,1992-01-08,268230.14,F,2-HIGH,Customer#000044906,AUTOMOBILE,IRAQ,MIDDLE EAST
5518593,1992-01-08,51458.26,F,3-MEDIUM,Customer#000110954,MACHINERY,UNITED KINGDOM,EUROPE
58081,1992-01-08,141192.00,F,2-HIGH,Customer#000016018,FURNITURE,UNITED STATES,AMERICA
530949,1992-01-08,38658.17,F,3-MEDIUM,Customer#000020213,HOUSEHOLD,INDONESIA,ASIA
436644,1992-01-08,144170.35,F,4-NOT SPECIFIED,Customer#000107021,MACHINERY,UNITED STATES,AMERICA
240582,1992-01-08,11675.94,F,1-URGENT,Customer#000101149,MACHINERY,RUSSIA,EUROPE
314467,1992-01-08,194365.45,F,2-HIGH,Customer#000032374,HOUSEHOLD,BRAZIL,AMERICA
86595,1992-01-08,138320.71,F,1-URGENT,Customer#000104002,FURNITURE,ALGERIA,AFRICA
5781539,1992-01-08,3517.53,F,3-MEDIUM,Customer#000091780,MACHINERY,ROMANIA,EUROPE
231712,1992-01-08,253015.31,F,3-MEDIUM,Customer#000095678,MACHINERY,JORDAN,MIDDLE EAST
45284,1992-01-08,26260.26,F,2-HIGH,Customer#000078728,AUTOMOBILE,BRAZIL,AMERICA
369632,1992-01-08,101609.28,F,1-URGENT,Customer#000076744,HOUSEHOLD,EGYPT,MIDDLE EAST
501475,1992-01-08,158547.12,F,4-NOT SPECIFIED,Customer#000006712,FURNITURE,PERU,AMERICA
263393,1992-01-08,100780.74,F,5-LOW,Customer#000022202,MACHINERY,IRAQ,MIDDLE EAST
325764,1992-01-08,190703.58,F,4-NOT SPECIFIED,Customer#000045121,HOUSEHOLD,ALGERIA,AFRICA
410625,1992-01-08,181531.68,F,1-URGENT,Customer#000018814,BUILDING,IRAN,MIDDLE EAST
194437,1992-01-08,219772.55,F,1-URGENT,Customer#000082898,MACHINERY,JORDAN,MIDDLE EAST
524387,1992-01-08,332951.70,F,3-MEDIUM,Customer#000132886,FURNITURE,MOZAMBIQUE,AFRICA
99168,1992-01-08,39668.53,F,4-NOT SPECIFIED,Customer#000003125,AUTOMOBILE,GERMANY,EUROPE
464774,1992-01-08,269041.16,F,2-HIGH,Customer#000001112,MACHINERY,SAUDI ARABIA,MIDDLE EAST
396066,1992-01-08,30737.33,F,4-NOT SPECIFIED,Customer#000107779,BUILDING,FRANCE,EUROPE
173445,1992-01-08,234392.03,F,2-HIGH,Customer#000148108,MACHINERY,FRANCE,EUROPE
853700,1992-01-08,68984.57,F,1-URGENT,Customer#000144329,BUILDING,EGYPT,MIDDLE EAST
397350,1992-01-08,300239.28,F,2-HIGH,Customer#000116911,MACHINERY,RUSSIA,EUROPE
222757,1992-01-08,111521.78,F,4-NOT SPECIFIED,Customer#000054802,MACHINERY,PERU,AMERICA
12769,1992-01-08,20846.51,F,4-NOT SPECIFIED,Customer#000105688,AUTOMOBILE,CHINA,ASIA
2572608,1992-01-08,102276.83,F,2-HIGH,Customer#000047006,BUILDING,PERU,AMERICA
474053,1992-01-08,224826.98,F,3-MEDIUM,Customer#000008842,BUILDING,CHINA,ASIA
15141,1992-01-08,170242.90,F,3-MEDIUM,Customer#000037798,HOUSEHOLD,CHINA,ASIA
541316,1992-01-08,332563.88,F,3-MEDIUM,Customer#000075152,FURNITURE,KENYA,AFRICA
465797,1992-01-08,3097.03,F,1-URGENT,Customer#000074890,HOUSEHOLD,CANADA,AMERICA
5945760,1992-01-08,16853.54,F,3-MEDIUM,Customer#000078209,MACHINERY,RUSSIA,EUROPE
5486086,1992-01-08,236804.51,F,4-NOT SPECIFIED,Customer#000064876,MACHINERY,IRAN,MIDDLE EAST
3269699,1992-01-08,50746.33,F,2-HIGH,Customer#000063868,BUILDING,VIETNAM,ASIA
4827911,1992-01-08,224026.56,F,4-NOT SPECIFIED,Customer#000086945,AUTOMOBILE,PERU,AMERICA
420228,1992-01-08,286659.40,F,3-MEDIUM,Customer#000047062,HOUSEHOLD,PERU,AMERICA
437158,1992-01-08,101865.94,F,1-URGENT,Customer#000105217,HOUSEHOLD,VIETNAM,ASIA
196455,1992-01-08,60369.35,F,4-NOT SPECIFIED,Customer#000075142,HOUSEHOLD,UNITED STATES,AMERICA
994403,1992-01-08,308280.24,F,3-MEDIUM,Customer#000060176,AUTOMOBILE,PERU,AMERICA
289377,1992-01-08,32126.22,F,4-NOT SPECIFIED,Customer#000023273,BUILDING,JAPAN,ASIA
469890,1992-01-08,92491.59,F,2-HIGH,Customer#000012982,FURNITURE,CHINA,ASIA
2986816,1992-01-08,217636.38,F,1-URGENT,Customer#000057398,HOUSEHOLD,GERMANY,EUROPE
2431750,1992-01-08,316047.29,F,1-URGENT,Customer#000011753,HOUSEHOLD,VIETNAM,ASIA
2872320,1992-01-08,219526.43,F,5-LOW,Customer#000070234,MACHINERY,UNITED KINGDOM,EUROPE
2801028,1992-01-08,338360.88,F,5-LOW,Customer#000103999,AUTOMOBILE,MOZAMBIQUE,AFRICA
1108096,1992-01-08,40569.85,F,3-MEDIUM,Customer#000050554,BUILDING,JORDAN,MIDDLE EAST
2603685,1992-01-08,313805.25,F,4-NOT SPECIFIED,Customer#000103777,MACHINERY,PERU,AMERICA
5150560,1992-01-08,272238.41,F,1-URGENT,Customer#000120688,AUTOMOBILE,BRAZIL,AMERICA
2882726,1992-01-08,266556.79,F,1-URGENT,Customer#000063871,HOUSEHOLD,KENYA,AFRICA
5301252,1992-01-08,341200.48,F,1-URGENT,Customer#000115252,BUILDING,PERU,AMERICA
2607045,1992-01-08,127922.70,F,5-LOW,Customer#000128744,BUILDING,RUSSIA,EUROPE
5146595,1992-01-08,6999.22,F,5-LOW,Customer#000060347,BUILDING,GERMANY,EUROPE
1141894,1992-01-08,186473.72,F,5-LOW,Customer#000055352,AUTOMOBILE,IRAN,MIDDLE EAST
105280,1992-01-08,45650.77,F,5-LOW,Customer#000103414,MACHINERY,ETHIOPIA,AFRICA
2527719,1992-01-08,278780.72,F,1-URGENT,Customer#000045076,BUILDING,IRAN,MIDDLE EAST
4971686,1992-01-08,11190.92,F,4-NOT SPECIFIED,Customer#000138247,AUTOMOBILE,INDIA,ASIA
787777,1992-01-08,72569.83,F,1-URGENT,Customer#000129919,MACHINERY,RUSSIA,EUROPE
5314017,1992-01-08,139168.87,F,3-MEDIUM,Customer#000146428,HOUSEHOLD,INDIA,ASIA
2654117,1992-01-08,288400.74,F,2-HIGH,Customer#000130903,AUTOMOBILE,MOZAMBIQUE,AFRICA
2760646,1992-01-08,210143.90,F,5-LOW,Customer#000120344,BUILDING,ARGENTINA,AMERICA
5863649,1992-01-08,252642.34,F,1-URGENT,Customer#000069245,HOUSEHOLD,MOZAMBIQUE,AFRICA
2904257,1992-01-08,297882.85,F,4-NOT SPECIFIED,Customer#000106505,AUTOMOBILE,ROMANIA,EUROPE
990211,1992-01-08,221359.67,F,1-URGENT,Customer#000013753,HOUSEHOLD,UNITED KINGDOM,EUROPE
2684710,1992-01-08,32426.34,F,5-LOW,Customer#000045385,AUTOMOBILE,INDONESIA,ASIA
2855749,1992-01-08,39761.50,F,2-HIGH,Customer#000056623,FURNITURE,EGYPT,MIDDLE EAST
2885798,1992-01-08,72486.30,F,5-LOW,Customer#000112378,FURNITURE,JAPAN,ASIA
1108516,1992-01-08,85009.95,F,3-MEDIUM,Customer#000092777,FURNITURE,RUSSIA,EUROPE
1147975,1992-01-08,169963.01,F,4-NOT SPECIFIED,Customer#000005260,HOUSEHOLD,ALGERIA,AFRICA
2478661,1992-01-08,44264.71,F,2-HIGH,Customer#000005552,FURNITURE,IRAQ,MIDDLE EAST
2804418,1992-01-08,27626.56,F,1-URGENT,Customer#000073987,FURNITURE,KENYA,AFRICA
2671328,1992-01-08,235370.84,F,3-MEDIUM,Customer#000132358,MACHINERY,ROMANIA,EUROPE
2642722,1992-01-08,188475.53,F,2-HIGH,Customer#000055504,AUTOMOBILE,PERU,AMERICA
668512,1992-01-08,253606.04,F,3-MEDIUM,Customer#000086473,BUILDING,CHINA,ASIA
2460868,1992-01-08,70858.91,F,2-HIGH,Customer#000118409,BUILDING,UNITED KINGDOM,EUROPE
952546,1992-01-08,179799.93,F,2-HIGH,Customer#000041563,AUTOMOBILE,INDONESIA,ASIA
2545829,1992-01-08,170374.79,F,5-LOW,Customer#000126061,HOUSEHOLD,UNITED STATES,AMERICA
924933,1992-01-08,82636.30,F,1-URGENT,Customer#000133943,BUILDING,JORDAN,MIDDLE EAST
2671649,1992-01-08,186338.41,F,4-NOT SPECIFIED,Customer#000114998,HOUSEHOLD,GERMANY,EUROPE
2703652,1992-01-08,57769.75,F,5-LOW,Customer#000091450,MACHINERY,SAUDI ARABIA,MIDDLE EAST
2623873,1992-01-08,179668.66,F,2-HIGH,Customer#000098108,FURNITURE,SAUDI ARABIA,MIDDLE EAST
1069478,1992-01-08,140008.52,F,5-LOW,Customer#000074972,AUTOMOBILE,INDONESIA,ASIA
2567650,1992-01-08,335092.11,F,1-URGENT,Customer#000115691,AUTOMOBILE,MOZAMBIQUE,AFRICA
2550660,1992-01-08,14952.50,F,2-HIGH,Customer#000074347,AUTOMOBILE,JORDAN,MIDDLE EAST
2670177,1992-01-08,372705.97,F,1-URGENT,Customer#000047704,FURNITURE,INDIA,ASIA
746023,1992-01-08,125166.96,F,5-LOW,Customer#000003700,FURNITURE,UNITED STATES,AMERICA
2661057,1992-01-08,82093.52,F,4-NOT SPECIFIED,Customer#000046763,HOUSEHOLD,SAUDI ARABIA,MIDDLE EAST
1039975,1992-01-08,68333.31,F,3-MEDIUM,Customer#000001111,MACHINERY,FRANCE,EUROPE
2790528,1992-01-08,197607.79,F,2-HIGH,Customer#000011161,BUILDING,IRAN,MIDDLE EAST
2551649,1992-01-08,188066.30,F,4-NOT SPECIFIED,Customer#000056002,FURNITURE,JORDAN,MIDDLE EAST
2427139,1992-01-08,54168.97,F,5-LOW,Customer#000101534,AUTOMOBILE,ARGENTINA,AMERICA
649058,1992-01-08,47894.84,F,5-LOW,Customer#000023227,MACHINERY,IRAQ,MIDDLE EAST
2663106,1992-01-08,3301.95,F,5-LOW,Customer#000091468,AUTOMOBILE,INDONESIA,ASIA
2657280,1992-01-08,270546.81,F,4-NOT SPECIFIED,Customer#000001838,AUTOMOBILE,VIETNAM,ASIA
1193351,1992-01-08,108768.52,F,3-MEDIUM,Customer#000022762,HOUSEHOLD,SAUDI ARABIA,MIDDLE EAST
2988931,1992-01-08,362228.22,F,4-NOT SPECIFIED,Customer#000022087,BUILDING,JORDAN,MIDDLE EAST
2910080,1992-01-08,292649.15,F,3-MEDIUM,Customer#000000818,BUILDING,SAUDI ARABIA,MIDDLE EAST
1068321,1992-01-08,57115.87,F,2-HIGH,Customer#000050839,MACHINERY,INDIA,ASIA
2698113,1992-01-08,85205.76,F,5-LOW,Customer#000068950,FURNITURE,ARGENTINA,AMERICA
763559,1992-01-08,346816.66,F,1-URGENT,Customer#000042205,MACHINERY,RUSSIA,EUROPE
2992129,1992-01-08,241217.64,F,2-HIGH,Customer#000078685,FURNITURE,BRAZIL,AMERICA
819621,1992-01-08,172484.13,F,5-LOW,Customer#000054364,HOUSEHOLD,IRAQ,MIDDLE EAST
2819172,1992-01-08,51496.80,F,4-NOT SPECIFIED,Customer#000130507,MACHINERY,FRANCE,EUROPE
2915522,1992-01-08,366529.98,F,2-HIGH,Customer#000121592,HOUSEHOLD,KENYA,AFRICA
2506245,1992-01-08,160494.20,F,4-NOT SPECIFIED,Customer#000002972,BUILDING,RUSSIA,EUROPE
2659329,1992-01-08,209971.68,F,3-MEDIUM,Customer#000074464,FURNITURE,VIETNAM,ASIA
2474119,1992-01-08,240713.01,F,1-URGENT,Customer#000124711,BUILDING,KENYA,AFRICA
1048482,1992-01-08,111000.15,F,2-HIGH,Customer#000148735,FURNITURE,KENYA,AFRICA
733287,1992-01-08,30107.47,F,5-LOW,Customer#000074431,BUILDING,IRAN,MIDDLE EAST
986981,1992-01-09,287519.99,F,4-NOT SPECIFIED,Customer#000120652,FURNITURE,JORDAN,MIDDLE EAST
991298,1992-01-09,248578.65,F,2-HIGH,Customer#000144338,HOUSEHOLD,CANADA,AMERICA
1048071,1992-01-09,228354.93,F,1-URGENT,Customer#000034900,BUILDING,IRAQ,MIDDLE EAST
759330,1992-01-09,53951.44,F,5-LOW,Customer#000012508,AUTOMOBILE,JAPAN,ASIA
1663265,1992-01-09,179924.35,F,5-LOW,Customer#000086933,FURNITURE,JORDAN,MIDDLE EAST
1135908,1992-01-09,83255.44,F,3-MEDIUM,Customer#000139552,HOUSEHOLD,MOROCCO,AFRICA
1088964,1992-01-09,31656.46,F,5-LOW,Customer#000138098,FURNITURE,PERU,AMERICA
792421,1992-01-09,117553.08,F,2-HIGH,Customer#000115402,BUILDING,ETHIOPIA,AFRICA
917890,1992-01-09,102115.10,F,2-HIGH,Customer#000147637,HOUSEHOLD,ETHIOPIA,AFRICA
780967,1992-01-09,270570.09,F,2-HIGH,Customer#000101168,BUILDING,ROMANIA,EUROPE
1189093,1992-01-09,194558.83,F,3-MEDIUM,Customer#000072797,HOUSEHOLD,GERMANY,EUROPE
3352322,1992-01-09,267756.03,F,1-URGENT,Customer#000050209,MACHINERY,EGYPT,MIDDLE EAST
3031044,1992-01-09,92409.39,F,5-LOW,Customer#000131780,MACHINERY,CHINA,ASIA
3151588,1992-01-09,139320.20,F,1-URGENT,Customer#000132160,BUILDING,KENYA,AFRICA
3082754,1992-01-09,67625.49,F,1-URGENT,Customer#000064846,BUILDING,SAUDI ARABIA,MIDDLE EAST
3158784,1992-01-09,185042.37,F,5-LOW,Customer#000052774,AUTOMOBILE,UNITED STATES,AMERICA
3153223,1992-01-09,245164.75,F,3-MEDIUM,Customer#000145054,BUILDING,EGYPT,MIDDLE EAST
3373415,1992-01-09,202581.11,F,5-LOW,Customer#000113983,FURNITURE,FRANCE,EUROPE
3285927,1992-01-09,45083.21,F,1-URGENT,Customer#000107197,HOUSEHOLD,ALGERIA,AFRICA
3554306,1992-01-09,359769.75,F,4-NOT SPECIFIED,Customer#000119437,MACHINERY,UNITED STATES,AMERICA
3530562,1992-01-09,241104.40,F,3-MEDIUM,Customer#000081037,BUILDING,VIETNAM,ASIA
3416740,1992-01-09,186250.92,F,2-HIGH,Customer#000007781,HOUSEHOLD,SAUDI ARABIA,MIDDLE EAST
3295811,1992-01-09,332529.08,F,1-URGENT,Customer#000047539,HOUSEHOLD,UNITED KINGDOM,EUROPE
3477124,1992-01-09,109071.40,F,3-MEDIUM,Customer#000081457,BUILDING,IRAQ,MIDDLE EAST
3427202,1992-01-09,57947.63,F,5-LOW,Customer#000104326,HOUSEHOLD,PERU,AMERICA
3522117,1992-01-09,67312.53,F,2-HIGH,Customer#000089317,HOUSEHOLD,KENYA,AFRICA
3182976,1992-01-09,182250.94,F,3-MEDIUM,Customer#000059935,MACHINERY,UNITED STATES,AMERICA
3276326,1992-01-09,163468.03,F,3-MEDIUM,Customer#000061547,FURNITURE,GERMANY,EUROPE
3095265,1992-01-09,78120.65,F,4-NOT SPECIFIED,Customer#000017236,HOUSEHOLD,ALGERIA,AFRICA
3251238,1992-01-09,171761.26,F,2-HIGH,Customer#000087361,BUILDING,VIETNAM,ASIA
3137953,1992-01-09,188893.92,F,1-URGENT,Customer#000059615,MACHINERY,CANADA,AMERICA
3466240,1992-01-09,87050.95,F,3-MEDIUM,Customer#000082433,BUILDING,SAUDI ARABIA,MIDDLE EAST
3222916,1992-01-09,43175.38,F,1-URGENT,Customer#000024736,BUILDING,BRAZIL,AMERICA
3296065,1992-01-09,81753.19,F,2-HIGH,Customer#000030649,FURNITURE,CHINA,ASIA
714598,1992-01-09,84030.04,F,4-NOT SPECIFIED,Customer#000041842,MACHINERY,FRANCE,EUROPE
3341319,1992-01-09,343677.64,F,4-NOT SPECIFIED,Customer#000083272,HOUSEHOLD,IRAN,MIDDLE EAST
3044354,1992-01-09,72994.74,F,3-MEDIUM,Customer#000107182,AUTOMOBILE,GERMANY,EUROPE
3374052,1992-01-09,134465.43,F,2-HIGH,Customer#000146020,MACHINERY,SAUDI ARABIA,MIDDLE EAST
3400961,1992-01-09,9408.23,F,1-URGENT,Customer#000039448,BUILDING,FRANCE,EUROPE
3372353,1992-01-09,63989.75,F,3-MEDIUM,Customer#000035098,HOUSEHOLD,KENYA,AFRICA
3574626,1992-01-09,38328.03,F,1-URGENT,Customer#000012175,MACHINERY,UNITED KINGDOM,EUROPE
727109,1992-01-09,162072.51,F,2-HIGH,Customer#000143137,FURNITURE,UNITED KINGDOM,EUROPE
3278213,1992-01-09,319476.18,F,1-URGENT,Customer#000141797,AUTOMOBILE,IRAN,MIDDLE EAST
3039527,1992-01-09,8397.98,F,2-HIGH,Customer#000103919,MACHINERY,UNITED STATES,AMERICA
3130401,1992-01-09,264188.96,F,2-HIGH,Customer#000112351,AUTOMOBILE,JORDAN,MIDDLE EAST
3095392,1992-01-09,278554.79,F,3-MEDIUM,Customer#000081386,FURNITURE,FRANCE,EUROPE
3294630,1992-01-09,104998.05,F,5-LOW,Customer#000023713,MACHINERY,CANADA,AMERICA
3576192,1992-01-09,227350.05,F,1-URGENT,Customer#000017914,MACHINERY,INDIA,ASIA
3582082,1992-01-09,17579.75,F,3-MEDIUM,Customer#000131224,AUTOMOBILE,CHINA,ASIA
3339783,1992-01-09,214347.60,F,2-HIGH,Customer#000024707,MACHINERY,UNITED STATES,AMERICA
3253029,1992-01-09,201004.67,F,4-NOT SPECIFIED,Customer#000120439,MACHINERY,ETHIOPIA,AFRICA
3395107,1992-01-09,3824.74,F,2-HIGH,Customer#000050296,AUTOMOBILE,RUSSIA,EUROPE
3071748,1992-01-09,273276.09,F,4-NOT SPECIFIED,Customer#000077990,FURNITURE,ARGENTINA,AMERICA
3152228,1992-01-09,143162.05,F,5-LOW,Customer#000014341,FURNITURE,MOROCCO,AFRICA
3394949,1992-01-09,49614.43,F,5-LOW,Customer#000020086,BUILDING,GERMANY,EUROPE
3535620,1992-01-09,183226.43,F,4-NOT SPECIFIED,Customer#000009088,AUTOMOBILE,UNITED KINGDOM,EUROPE
676352,1992-01-09,77987.96,F,4-NOT SPECIFIED,Customer#000021382,FURNITURE,FRANCE,EUROPE
135651,1992-01-09,101763.94,F,2-HIGH,Customer#000138007,BUILDING,ETHIOPIA,AFRICA
3712800,1992-01-09,108806.91,F,4-NOT SPECIFIED,Customer#000044056,MACHINERY,RUSSIA,EUROPE
1384100,1992-01-09,83064.16,F,4-NOT SPECIFIED,Customer#000148702,AUTOMOBILE,BRAZIL,AMERICA
4036068,1992-01-09,157517.39,F,5-LOW,Customer#000146987,HOUSEHOLD,JORDAN,MIDDLE EAST
5160513,1992-01-09,273038.51,F,4-NOT SPECIFIED,Customer#000060355,AUTOMOBILE,CHINA,ASIA
1519268,1992-01-09,306057.91,F,3-MEDIUM,Customer#000118307,HOUSEHOLD,INDIA,ASIA
3650210,1992-01-09,34309.43,F,3-MEDIUM,Customer#000131179,AUTOMOBILE,RUSSIA,EUROPE
3957829,1992-01-09,301167.86,F,1-URGENT,Customer#000146198,HOUSEHOLD,INDIA,ASIA
1303426,1992-01-09,133215.83,F,5-LOW,Customer#000032795,MACHINERY,JAPAN,ASIA
1338023,1992-01-09,193395.08,F,4-NOT SPECIFIED,Customer#000092819,MACHINERY,INDONESIA,ASIA
1548390,1992-01-09,145593.35,F,1-URGENT,Customer#000041774,FURNITURE,UNITED STATES,AMERICA
3685601,1992-01-09,79436.27,F,5-LOW,Customer#000108694,AUTOMOBILE,INDONESIA,ASIA
1314562,1992-01-09,81255.01,F,2-HIGH,Customer#000047590,AUTOMOBILE,CANADA,AMERICA
23334,1992-01-09,50582.03,F,3-MEDIUM,Customer#000144299,HOUSEHOLD,VIETNAM,ASIA
5574784,1992-01-09,140508.22,F,5-LOW,Customer#000081554,FURNITURE,IRAN,MIDDLE EAST
1573540,1992-01-09,66151.61,F,1-URGENT,Customer#000080446,FURNITURE,SAUDI ARABIA,MIDDLE EAST
3779333,1992-01-09,155957.72,F,2-HIGH,Customer#000061210,FURNITURE,JORDAN,MIDDLE EAST
4143072,1992-01-09,236226.02,F,4-NOT SPECIFIED,Customer#000051916,BUILDING,PERU,AMERICA
1747232,1992-01-09,119570.33,F,1-URGENT,Customer#000045518,BUILDING,CANADA,AMERICA
407910,1992-01-09,5056.02,F,4-NOT SPECIFIED,Customer#000117907,BUILDING,ROMANIA,EUROPE
634848,1992-01-09,278048.93,F,3-MEDIUM,Customer#000141638,BUILDING,CHINA,ASIA
677414,1992-01-09,179607.42,F,4-NOT SPECIFIED,Customer#000054398,AUTOMOBILE,JAPAN,ASIA
1003878,1992-01-09,32081.57,F,1-URGENT,Customer#000054110,HOUSEHOLD,BRAZIL,AMERICA
608484,1992-01-09,189617.67,F,4-NOT SPECIFIED,Customer#000064531,HOUSEHOLD,JAPAN,ASIA
958407,1992-01-09,167943.37,F,3-MEDIUM,Customer#000091249,BUILDING,KENYA,AFRICA
1006693,1992-01-09,277440.73,F,2-HIGH,Customer#000019094,MACHINERY,ROMANIA,EUROPE
611810,1992-01-09,67856.85,F,1-URGENT,Customer#000121961,MACHINERY,BRAZIL,AMERICA
1144487,1992-01-09,108751.22,F,5-LOW,Customer#000067610,BUILDING,MOROCCO,AFRICA
988131,1992-01-09,68716.79,F,2-HIGH,Customer#000015109,MACHINERY,MOROCCO,AFRICA
695044,1992-01-09,92465.69,F,3-MEDIUM,Customer#000095320,HOUSEHOLD,SAUDI ARABIA,MIDDLE EAST
4788291,1992-01-09,112285.60,F,1-URGENT,Customer#000024028,MACHINERY,UNITED STATES,AMERICA
4799813,1992-01-09,109049.88,F,2-HIGH,Customer#000095026,FURNITURE,ALGERIA,AFRICA
4571488,1992-01-09,93584.55,F,3-MEDIUM,Customer#000112211,FURNITURE,FRANCE,EUROPE
4298274,1992-01-09,138080.38,F,2-HIGH,Customer#000024109,BUILDING,UNITED STATES,AMERICA
4772069,1992-01-09,20535.63,F,4-NOT SPECIFIED,Customer#000083734,HOUSEHOLD,JAPAN,ASIA
4612227,1992-01-09,144191.80,F,3-MEDIUM,Customer#000074317,HOUSEHOLD,JORDAN,MIDDLE EAST
4506628,1992-01-09,46158.77,F,4-NOT SPECIFIED,Customer#000014329,FURNITURE,IRAN,MIDDLE EAST
4377794,1992-01-09,271272.43,F,4-NOT SPECIFIED,Customer#000027607,AUTOMOBILE,KENYA,AFRICA
4305991,1992-01-09,182841.11,F,5-LOW,Customer#000112100,HOUSEHOLD,MOROCCO,AFRICA
4722722,1992-01-09,86792.83,F,2-HIGH,Customer#000042965,AUTOMOBILE,ROMANIA,EUROPE
4561923,1992-01-09,136188.69,F,4-NOT SPECIFIED,Customer#000074308,MACHINERY,PERU,AMERICA
4356516,1992-01-09,218032.12,F,2-HIGH,Customer#000113359,BUILDING,ETHIOPIA,AFRICA
4263041,1992-01-09,215337.26,F,3-MEDIUM,Customer#000063095,MACHINERY,FRANCE,EUROPE
4423397,1992-01-09,175858.56,F,2-HIGH,Customer#000094148,MACHINERY,INDIA,ASIA
4530150,1992-01-09,121409.23,F,1-URGENT,Customer#000094345,HOUSEHOLD,PERU,AMERICA
4364133,1992-01-09,75171.55,F,4-NOT SPECIFIED,Customer#000087302,FURNITURE,JAPAN,ASIA
4208934,1992-01-09,239297.80,F,5-LOW,Customer#000138796,MACHINERY,ARGENTINA,AMERICA
4592389,1992-01-09,224358.91,F,5-LOW,Customer#000011131,HOUSEHOLD,INDIA,ASIA
4536996,1992-01-09,183378.06,F,1-URGENT,Customer#000134275,AUTOMOBILE,INDONESIA,ASIA
4486628,1992-01-09,80662.22,F,1-URGENT,Customer#000106760,HOUSEHOLD,ARGENTINA,AMERICA
4408163,1992-01-09,86052.10,F,3-MEDIUM,Customer#000104926,MACHINERY,INDONESIA,ASIA
4221186,1992-01-09,281024.31,F,4-NOT SPECIFIED,Customer#000061780,MACHINERY,BRAZIL,AMERICA
4335394,1992-01-09,194643.10,F,5-LOW,Customer#000039250,HOUSEHOLD,ARGENTINA,AMERICA
4455619,1992-01-09,131627.76,F,2-HIGH,Customer#000046813,MACHINERY,ALGERIA,AFRICA
4572391,1992-01-09,255283.70,F,5-LOW,Customer#000085444,HOUSEHOLD,ETHIOPIA,AFRICA
4358531,1992-01-09,267894.41,F,1-URGENT,Customer#000075154,MACHINERY,IRAN,MIDDLE EAST
4513350,1992-01-09,256936.87,F,5-LOW,Customer#000028489,BUILDING,CHINA,ASIA
4571520,1992-01-09,203440.82,F,5-LOW,Customer#000066160,FURNITURE,CHINA,ASIA
4418052,1992-01-09,146689.61,F,4-NOT SPECIFIED,Customer#000060695,MACHINERY,UNITED STATES,AMERICA
4419074,1992-01-09,266910.89,F,3-MEDIUM,Customer#000135134,FURNITURE,PERU,AMERICA
4798886,1992-01-09,268749.38,F,3-MEDIUM,Customer#000020828,MACHINERY,UNITED STATES,AMERICA
4780385,1992-01-09,150158.20,F,3-MEDIUM,Customer#000148561,BUILDING,CANADA,AMERICA
4581220,1992-01-09,134291.36,F,5-LOW,Customer#000036382,FURNITURE,MOROCCO,AFRICA
4421126,1992-01-09,317911.29,F,3-MEDIUM,Customer#000109138,AUTOMOBILE,CANADA,AMERICA
4404610,1992-01-09,203989.70,F,4-NOT SPECIFIED,Customer#000053578,BUILDING,JAPAN,ASIA
4390337,1992-01-09,176023.46,F,1-URGENT,Customer#000092579,HOUSEHOLD,UNITED STATES,AMERICA
4616610,1992-01-09,160191.18,F,3-MEDIUM,Customer#000084920,MACHINERY,MOROCCO,AFRICA
4750182,1992-01-09,161287.03,F,5-LOW,Customer#000066871,AUTOMOBILE,BRAZIL,AMERICA
4740385,1992-01-09,277744.37,F,4-NOT SPECIFIED,Customer#000077809,HOUSEHOLD,IRAN,MIDDLE EAST
4224929,1992-01-09,117302.10,F,5-LOW,Customer#000034609,MACHINERY,EGYPT,MIDDLE EAST
4667237,1992-01-09,25159.98,F,2-HIGH,Customer#000091111,AUTOMOBILE,EGYPT,MIDDLE EAST
4253826,1992-01-09,93380.27,F,5-LOW,Customer#000009625,HOUSEHOLD,UNITED STATES,AMERICA
4439075,1992-01-09,168293.38,F,1-URGENT,Customer#000077447,AUTOMOBILE,CANADA,AMERICA
4722023,1992-01-09,27836.84,F,5-LOW,Customer#000045202,BUILDING,RUSSIA,EUROPE
4607367,1992-01-09,22550.61,F,4-NOT SPECIFIED,Customer#000008293,AUTOMOBILE,INDONESIA,ASIA
4313441,1992-01-09,139885.64,F,4-NOT SPECIFIED,Customer#000045755,BUILDING,JORDAN,MIDDLE EAST
4503267,1992-01-09,32571.08,F,3-MEDIUM,Customer#000016318,MACHINERY,ARGENTINA,AMERICA
5299879,1992-01-09,116373.78,F,5-LOW,Customer#000058901,AUTOMOBILE,PERU,AMERICA
4218754,1992-01-09,103249.16,F,3-MEDIUM,Customer#000071048,FURNITURE,KENYA,AFRICA
14726,1992-01-09,78290.89,F,5-LOW,Customer#000127879,MACHINERY,UNITED KINGDOM,EUROPE
5922275,1992-01-09,38030.92,F,5-LOW,Customer#000123620,AUTOMOBILE,FRANCE,EUROPE
5576227,1992-01-09,247425.88,F,3-MEDIUM,Customer#000133762,MACHINERY,MOZAMBIQUE,AFRICA
5516353,1992-01-09,214148.59,F,1-URGENT,Customer#000092053,MACHINERY,FRANCE,EUROPE
325478,1992-01-09,316498.66,F,4-NOT SPECIFIED,Customer#000144883,AUTOMOBILE,JAPAN,ASIA
387361,1992-01-09,212214.07,F,2-HIGH,Customer#000102034,MACHINERY,IRAN,MIDDLE EAST
2029222,1992-01-09,192677.51,F,3-MEDIUM,Customer#000025507,FURNITURE,RUSSIA,EUROPE
587076,1992-01-09,85981.54,F,3-MEDIUM,Customer#000005888,HOUSEHOLD,MOZAMBIQUE,AFRICA
79815,1992-01-09,39257.14,F,4-NOT SPECIFIED,Customer#000121090,AUTOMOBILE,ALGERIA,AFRICA
726756,1992-01-09,94701.46,F,1-URGENT,Customer#000091414,HOUSEHOLD,MOZAMBIQUE,AFRICA
4776647,1992-01-09,113773.40,F,1-URGENT,Customer#000117823,AUTOMOBILE,RUSSIA,EUROPE
981223,1992-01-09,254415.52,F,1-URGENT,Customer#000032278,FURNITURE,INDIA,ASIA
4231457,1992-01-09,205575.75,F,1-URGENT,Customer#000117784,BUILDING,SAUDI ARABIA,MIDDLE EAST
872481,1992-01-09,82655.86,F,5-LOW,Customer#000027653,HOUSEHOLD,FRANCE,EUROPE
4743398,1992-01-09,300382.50,F,1-URGENT,Customer#000055540,AUTOMOBILE,RUSSIA,EUROPE
4667750,1992-01-09,271600.30,F,3-MEDIUM,Customer#000116404,BUILDING,IRAN,MIDDLE EAST
2251653,1992-01-09,53483.71,F,1-URGENT,Customer#000012623,HOUSEHOLD,MOZAMBIQUE,AFRICA
2836903,1992-01-09,89949.34,F,2-HIGH,Customer#000118444,HOUSEHOLD,CHINA,ASIA
2014596,1992-01-09,96425.02,F,5-LOW,Customer#000013291,MACHINERY,ARGENTINA,AMERICA
1829511,1992-01-09,233224.64,F,3-MEDIUM,Customer#000101591,AUTOMOBILE,ARGENTINA,AMERICA
1828576,1992-01-09,204771.28,F,5-LOW,Customer#000122804,MACHINERY,IRAN,MIDDLE EAST
1801732,1992-01-09,189139.99,F,4-NOT SPECIFIED,Customer#000021148,FURNITURE,ARGENTINA,AMERICA
1864129,1992-01-09,147270.03,F,3-MEDIUM,Customer#000119386,HOUSEHOLD,SAUDI ARABIA,MIDDLE EAST
1812832,1992-01-09,19813.20,F,3-MEDIUM,Customer#000086194,MACHINERY,EGYPT,MIDDLE EAST
1815457,1992-01-09,99012.13,F,3-MEDIUM,Customer#000049219,AUTOMOBILE,ARGENTINA,AMERICA
2326182,1992-01-09,149397.58,F,5-LOW,Customer#000129605,MACHINERY,PERU,AMERICA
4744743,1992-01-09,316078.00,F,5-LOW,Customer#000000248,FURNITURE,IRAN,MIDDLE EAST
184929,1992-01-09,262623.99,F,1-URGENT,Customer#000015559,HOUSEHOLD,IRAN,MIDDLE EAST
4616128,1992-01-09,212826.96,F,3-MEDIUM,Customer#000025639,FURNITURE,KENYA,AFRICA
4323808,1992-01-09,260378.01,F,3-MEDIUM,Customer#000011582,AUTOMOBILE,UNITED KINGDOM,EUROPE
4373509,1992-01-09,336133.19,F,4-NOT SPECIFIED,Customer#000148430,AUTOMOBILE,UNITED KINGDOM,EUROPE
1970659,1992-01-09,59721.17,F,1-URGENT,Customer#000098954,HOUSEHOLD,CHINA,ASIA
2222342,1992-01-09,38034.03,F,2-HIGH,Customer#000067819,MACHINERY,ALGERIA,AFRICA
2119204,1992-01-09,148224.72,F,4-NOT SPECIFIED,Customer#000031916,HOUSEHOLD,CANADA,AMERICA
2137637,1992-01-09,178275.60,F,4-NOT SPECIFIED,Customer#000060616,FURNITURE,FRANCE,EUROPE
2353093,1992-01-09,128860.65,F,2-HIGH,Customer#000142538,HOUSEHOLD,ETHIOPIA,AFRICA
2290917,1992-01-09,256841.37,F,2-HIGH,Customer#000124033,FURNITURE,MOZAMBIQUE,AFRICA
2036964,1992-01-09,78844.99,F,5-LOW,Customer#000113468,HOUSEHOLD,BRAZIL,AMERICA
2334343,1992-01-09,149291.12,F,3-MEDIUM,Customer#000101480,AUTOMOBILE,FRANCE,EUROPE
2373158,1992-01-09,146959.73,F,4-NOT SPECIFIED,Customer#000108121,BUILDING,GERMANY,EUROPE
2342118,1992-01-09,4043.69,F,4-NOT SPECIFIED,Customer#000105511,MACHINERY,IRAQ,MIDDLE EAST
1979968,1992-01-09,201599.12,F,1-URGENT,Customer#000080890,MACHINERY,JAPAN,ASIA
2055331,1992-01-09,158960.02,F,4-NOT SPECIFIED,Customer#000006847,AUTOMOBILE,MOZAMBIQUE,AFRICA
2171109,1992-01-09,191008.54,F,5-LOW,Customer#000096475,FURNITURE,ALGERIA,AFRICA
3544678,1992-01-09,24839.53,F,5-LOW,Customer#000028237,MACHINERY,ARGENTINA,AMERICA
3587520,1992-01-09,119552.40,F,3-MEDIUM,Customer#000044080,AUTOMOBILE,KENYA,AFRICA
3386115,1992-01-09,229927.64,F,5-LOW,Customer#000077932,BUILDING,PERU,AMERICA
3159712,1992-01-09,169951.25,F,5-LOW,Customer#000087358,BUILDING,UNITED STATES,AMERICA
3577986,1992-01-09,288864.71,F,3-MEDIUM,Customer#000112192,HOUSEHOLD,ROMANIA,EUROPE
1971554,1992-01-09,166754.62,F,5-LOW,Customer#000000416,MACHINERY,JAPAN,ASIA
3520867,1992-01-09,192496.17,F,2-HIGH,Customer#000137761,FURNITURE,RUSSIA,EUROPE
3175170,1992-01-09,86627.87,F,1-URGENT,Customer#000096076,BUILDING,MOZAMBIQUE,AFRICA
3006695,1992-01-09,242390.88,F,3-MEDIUM,Customer#000009007,AUTOMOBILE,IRAN,MIDDLE EAST
3180705,1992-01-09,154465.01,F,5-LOW,Customer#000005248,MACHINERY,SAUDI ARABIA,MIDDLE EAST
3553127,1992-01-09,61748.15,F,2-HIGH,Customer#000008128,HOUSEHOLD,INDIA,ASIA
3069895,1992-01-09,177949.62,F,2-HIGH,Customer#000064501,BUILDING,PERU,AMERICA
593699,1992-01-09,246880.75,F,1-URGENT,Customer#000140975,BUILDING,UNITED KINGDOM,EUROPE
2388230,1992-01-09,95098.47,F,4-NOT SPECIFIED,Customer#000122900,BUILDING,INDONESIA,ASIA
5659714,1992-01-09,154181.18,F,1-URGENT,Customer#000119402,AUTOMOBILE,PERU,AMERICA
3456739,1992-01-09,131100.70,F,4-NOT SPECIFIED,Customer#000133810,HOUSEHOLD,IRAQ,MIDDLE EAST
4582688,1992-01-09,169339.95,F,3-MEDIUM,Customer#000013198,AUTOMOBILE,MOROCCO,AFRICA
4232231,1992-01-09,122667.61,F,5-LOW,Customer#000064799,BUILDING,ALGERIA,AFRICA
3460416,1992-01-09,111249.70,F,4-NOT SPECIFIED,Customer#000138746,HOUSEHOLD,IRAQ,MIDDLE EAST
713762,1992-01-09,67232.20,F,2-HIGH,Customer#000091306,FURNITURE,MOROCCO,AFRICA
1104231,1992-01-09,206064.56,F,2-HIGH,Customer#000020734,AUTOMOBILE,BRAZIL,AMERICA
754307,1992-01-09,103708.69,F,4-NOT SPECIFIED,Customer#000048979,HOUSEHOLD,MOZAMBIQUE,AFRICA
4278241,1992-01-09,285660.74,F,4-NOT SPECIFIED,Customer#000103834,MACHINERY,IRAQ,MIDDLE EAST
5987298,1992-01-09,160620.05,F,5-LOW,Customer#000148283,BUILDING,RUSSIA,EUROPE
5596356,1992-01-09,226233.46,F,4-NOT SPECIFIED,Customer#000096095,AUTOMOBILE,SAUDI ARABIA,MIDDLE EAST
5862432,1992-01-09,223079.85,F,5-LOW,Customer#000030664,BUILDING,SAUDI ARABIA,MIDDLE EAST
5141219,1992-01-09,105902.21,F,2-HIGH,Customer#000017072,FURNITURE,IRAQ,MIDDLE EAST
5386306,1992-01-09,350115.62,F,5-LOW,Customer#000109838,MACHINERY,ROMANIA,EUROPE
5736416,1992-01-09,90946.54,F,2-HIGH,Customer#000125119,FURNITURE,FRANCE,EUROPE
4882471,1992-01-09,49131.48,F,1-URGENT,Customer#000110275,FURNITURE,JAPAN,ASIA
4915681,1992-01-09,263729.23,F,3-MEDIUM,Customer#000088939,MACHINERY,MOZAMBIQUE,AFRICA
5886503,1992-01-09,44813.55,F,2-HIGH,Customer#000118183,BUILDING,INDIA,ASIA
5041670,1992-01-09,143222.19,F,2-HIGH,Customer#000074050,BUILDING,INDONESIA,ASIA
5072675,1992-01-09,134959.29,F,3-MEDIUM,Customer#000014479,FURNITURE,RUSSIA,EUROPE
5096928,1992-01-09,112567.42,F,5-LOW,Customer#000023210,MACHINERY,KENYA,AFRICA
4821571,1992-01-09,70809.12,F,5-LOW,Customer#000004072,MACHINERY,RUSSIA,EUROPE
5355429,1992-01-09,165517.28,F,5-LOW,Customer#000085904,MACHINERY,UNITED STATES,AMERICA
5123558,1992-01-09,9993.84,F,3-MEDIUM,Customer#000071327,AUTOMOBILE,ALGERIA,AFRICA
5777159,1992-01-09,83476.75,F,1-URGENT,Customer#000097714,FURNITURE,ARGENTINA,AMERICA
5110086,1992-01-09,76670.01,F,5-LOW,Customer#000107168,BUILDING,SAUDI ARABIA,MIDDLE EAST
5455654,1992-01-09,180523.41,F,4-NOT SPECIFIED,Customer#000054175,HOUSEHOLD,PERU,AMERICA
5413925,1992-01-09,243367.15,F,3-MEDIUM,Customer#000045398,MACHINERY,IRAQ,MIDDLE EAST
5040291,1992-01-09,87818.79,F,5-LOW,Customer#000045280,MACHINERY,ARGENTINA,AMERICA
5235430,1992-01-09,165186.82,F,2-HIGH,Customer#000106283,AUTOMOBILE,JAPAN,ASIA
5767396,1992-01-09,66198.25,F,5-LOW,Customer#000121282,HOUSEHOLD,PERU,AMERICA
5010373,1992-01-09,170809.98,F,3-MEDIUM,Customer#000090104,HOUSEHOLD,CHINA,ASIA
5195299,1992-01-09,60707.17,F,4-NOT SPECIFIED,Customer#000069796,BUILDING,JORDAN,MIDDLE EAST
5303968,1992-01-09,96188.12,F,5-LOW,Customer#000114062,FURNITURE,IRAN,MIDDLE EAST
5744676,1992-01-09,143642.73,F,1-URGENT,Customer#000018698,HOUSEHOLD,ALGERIA,AFRICA
5889856,1992-01-09,27567.65,F,2-HIGH,Customer#000112322,MACHINERY,UNITED KINGDOM,EUROPE
5848483,1992-01-09,275896.79,F,2-HIGH,Customer#000090352,MACHINERY,BRAZIL,AMERICA
5860037,1992-01-09,50829.41,F,2-HIGH,Customer#000094063,MACHINERY,INDIA,ASIA
1370661,1992-01-09,36769.88,F,1-URGENT,Customer#000081988,HOUSEHOLD,CHINA,ASIA
1652836,1992-01-09,220190.33,F,4-NOT SPECIFIED,Customer#000001237,BUILDING,SAUDI ARABIA,MIDDLE EAST
3967078,1992-01-09,235040.44,F,5-LOW,Customer#000074033,FURNITURE,GERMANY,EUROPE
3787875,1992-01-09,119294.78,F,5-LOW,Customer#000147070,HOUSEHOLD,PERU,AMERICA
1612964,1992-01-09,124949.55,F,2-HIGH,Customer#000114154,FURNITURE,INDIA,ASIA
1504609,1992-01-09,151529.91,F,5-LOW,Customer#000094423,FURNITURE,INDIA,ASIA
4065440,1992-01-09,272354.47,F,5-LOW,Customer#000052880,MACHINERY,MOZAMBIQUE,AFRICA
3790305,1992-01-09,153722.76,F,3-MEDIUM,Customer#000028384,BUILDING,CANADA,AMERICA
1577155,1992-01-09,394365.09,F,1-URGENT,Customer#000036322,FURNITURE,FRANCE,EUROPE
4164133,1992-01-09,181288.51,F,4-NOT SPECIFIED,Customer#000144557,AUTOMOBILE,MOROCCO,AFRICA
3783428,1992-01-09,161211.90,F,5-LOW,Customer#000099232,MACHINERY,INDONESIA,ASIA
1993767,1992-01-09,23785.83,F,4-NOT SPECIFIED,Customer#000025747,MACHINERY,UNITED KINGDOM,EUROPE
5493318,1992-01-09,377310.63,F,4-NOT SPECIFIED,Customer#000043409,BUILDING,IRAQ,MIDDLE EAST
5476514,1992-01-09,89956.14,F,1-URGENT,Customer#000003979,MACHINERY,UNITED KINGDOM,EUROPE
5158117,1992-01-09,195920.19,F,2-HIGH,Customer#000040109,MACHINERY,UNITED STATES,AMERICA
4821986,1992-01-09,122665.74,F,2-HIGH,Customer#000138592,AUTOMOBILE,IRAQ,MIDDLE EAST
5685285,1992-01-09,339476.70,F,5-LOW,Customer#000139330,HOUSEHOLD,ALGERIA,AFRICA
5997570,1992-01-09,164650.11,F,5-LOW,Customer#000033863,FURNITURE,ALGERIA,AFRICA
5665061,1992-01-09,98381.70,F,2-HIGH,Customer#000033856,HOUSEHOLD,IRAN,MIDDLE EAST
5277509,1992-01-09,150543.60,F,3-MEDIUM,Customer#000118438,BUILDING,INDONESIA,ASIA
4857893,1992-01-09,113611.39,F,5-LOW,Customer#000142579,FURNITURE,JORDAN,MIDDLE EAST
5257185,1992-01-09,313349.63,F,4-NOT SPECIFIED,Customer#000063209,FURNITURE,BRAZIL,AMERICA
5150662,1992-01-09,377835.73,F,3-MEDIUM,Customer#000008149,HOUSEHOLD,INDONESIA,ASIA
5555174,1992-01-09,91260.53,F,1-URGENT,Customer#000117592,BUILDING,ETHIOPIA,AFRICA
5713830,1992-01-09,170127.21,F,1-URGENT,Customer#000098287,FURNITURE,ETHIOPIA,AFRICA
5581922,1992-01-09,87794.13,F,2-HIGH,Customer#000094090,MACHINERY,ROMANIA,EUROPE
5811620,1992-01-09,318874.12,F,3-MEDIUM,Customer#000097138,FURNITURE,CHINA,ASIA
5063271,1992-01-09,351190.51,F,5-LOW,Customer#000077615,AUTOMOBILE,IRAN,MIDDLE EAST
4809760,1992-01-09,117845.83,F,3-MEDIUM,Customer#000015052,BUILDING,KENYA,AFRICA
5427622,1992-01-09,207907.45,F,3-MEDIUM,Customer#000028979,BUILDING,IRAN,MIDDLE EAST
5791873,1992-01-09,25901.37,F,5-LOW,Customer#000133214,BUILDING,MOROCCO,AFRICA
5633632,1992-01-09,148359.39,F,2-HIGH,Customer#000050257,AUTOMOBILE,SAUDI ARABIA,MIDDLE EAST
5966757,1992-01-09,32577.93,F,4-NOT SPECIFIED,Customer#000008257,FURNITURE,ROMANIA,EUROPE
5709094,1992-01-09,67714.24,F,3-MEDIUM,Customer#000121270,AUTOMOBILE,INDIA,ASIA
5394465,1992-01-09,67128.89,F,1-URGENT,Customer#000105665,HOUSEHOLD,UNITED KINGDOM,EUROPE
5892900,1992-01-09,178058.07,F,4-NOT SPECIFIED,Customer#000011279,MACHINERY,KENYA,AFRICA
5059973,1992-01-09,38759.91,F,3-MEDIUM,Customer#000052795,HOUSEHOLD,CANADA,AMERICA
4939459,1992-01-09,44306.99,F,3-MEDIUM,Customer#000007426,BUILDING,ARGENTINA,AMERICA
4906309,1992-01-09,113463.02,F,3-MEDIUM,Customer#000124061,HOUSEHOLD,VIETNAM,ASIA
5812738,1992-01-09,21885.20,F,1-URGENT,Customer#000149050,AUTOMOBILE,VIETNAM,ASIA
5241060,1992-01-09,170636.50,F,5-LOW,Customer#000048553,FURNITURE,JAPAN,ASIA
5250950,1992-01-09,72498.66,F,2-HIGH,Customer#000003614,BUILDING,IRAQ,MIDDLE EAST
4954118,1992-01-09,293549.03,F,5-LOW,Customer#000074873,BUILDING,ARGENTINA,AMERICA
5925095,1992-01-09,131839.67,F,1-URGENT,Customer#000049771,FURNITURE,INDIA,ASIA
5907783,1992-01-09,196520.45,F,5-LOW,Customer#000086590,HOUSEHOLD,IRAQ,MIDDLE EAST
5344902,1992-01-09,153065.30,F,1-URGENT,Customer#000044348,HOUSEHOLD,VIETNAM,ASIA
5957059,1992-01-09,87218.50,F,2-HIGH,Customer#000064021,FURNITURE,GERMANY,EUROPE
4892002,1992-01-09,162916.57,F,3-MEDIUM,Customer#000136588,HOUSEHOLD,GERMANY,EUROPE
5438853,1992-01-09,154023.56,F,4-NOT SPECIFIED,Customer#000063869,FURNITURE,INDONESIA,ASIA
5900549,1992-01-09,38409.31,F,4-NOT SPECIFIED,Customer#000052249,BUILDING,SAUDI ARABIA,MIDDLE EAST
5023426,1992-01-09,171927.79,F,3-MEDIUM,Customer#000029395,BUILDING,KENYA,AFRICA
5327748,1992-01-09,75945.39,F,3-MEDIUM,Customer#000037477,BUILDING,IRAN,MIDDLE EAST
5163522,1992-01-09,45945.90,F,5-LOW,Customer#000005755,AUTOMOBILE,MOZAMBIQUE,AFRICA
5324869,1992-01-09,100491.65,F,4-NOT SPECIFIED,Customer#000138593,BUILDING,PERU,AMERICA
4846467,1992-01-09,35493.71,F,4-NOT SPECIFIED,Customer#000004585,AUTOMOBILE,UNITED STATES,AMERICA
5595366,1992-01-09,290973.35,F,1-URGENT,Customer#000129826,FURNITURE,MOROCCO,AFRICA
4875840,1992-01-09,86866.06,F,1-URGENT,Customer#000090668,HOUSEHOLD,KENYA,AFRICA
5358689,1992-01-09,149427.23,F,3-MEDIUM,Customer#000147185,FURNITURE,FRANCE,EUROPE
5398662,1992-01-09,141564.13,F,4-NOT SPECIFIED,Customer#000014801,FURNITURE,GERMANY,EUROPE
5293316,1992-01-09,144755.37,F,1-URGENT,Customer#000018118,HOUSEHOLD,UNITED KINGDOM,EUROPE
5201921,1992-01-09,359715.36,F,2-HIGH,Customer#000021257,FURNITURE,JAPAN,ASIA
4957120,1992-01-09,15244.99,F,3-MEDIUM,Customer#000009541,HOUSEHOLD,BRAZIL,AMERICA
844166,1992-01-09,1533.57,F,4-NOT SPECIFIED,Customer#000044899,AUTOMOBILE,RUSSIA,EUROPE
856708,1992-01-09,212821.19,F,2-HIGH,Customer#000077569,FURNITURE,CHINA,ASIA
4999264,1992-01-09,245061.39,F,4-NOT SPECIFIED,Customer#000058780,BUILDING,GERMANY,EUROPE
5004964,1992-01-09,82026.61,F,1-URGENT,Customer#000001310,HOUSEHOLD,PERU,AMERICA
791590,1992-01-09,93484.46,F,4-NOT SPECIFIED,Customer#000045005,BUILDING,ETHIOPIA,AFRICA
2697121,1992-01-09,173151.36,F,5-LOW,Customer#000130219,HOUSEHOLD,VIETNAM,ASIA
2958150,1992-01-09,112553.76,F,1-URGENT,Customer#000035308,AUTOMOBILE,JORDAN,MIDDLE EAST
2876580,1992-01-09,181244.17,F,5-LOW,Customer#000036055,BUILDING,UNITED STATES,AMERICA
2629346,1992-01-09,10273.53,F,2-HIGH,Customer#000090535,BUILDING,ETHIOPIA,AFRICA
2685763,1992-01-09,9864.22,F,4-NOT SPECIFIED,Customer#000000905,BUILDING,CANADA,AMERICA
342726,1992-01-09,94521.80,F,3-MEDIUM,Customer#000134305,MACHINERY,FRANCE,EUROPE
67462,1992-01-09,153417.40,F,2-HIGH,Customer#000058822,BUILDING,ALGERIA,AFRICA
75045,1992-01-09,116625.97,F,3-MEDIUM,Customer#000061852,HOUSEHOLD,INDIA,ASIA
75488,1992-01-09,271042.53,F,4-NOT SPECIFIED,Customer#000112151,BUILDING,INDONESIA,ASIA
210983,1992-01-09,212608.57,F,1-URGENT,Customer#000000722,BUILDING,SAUDI ARABIA,MIDDLE EAST
371041,1992-01-09,193718.92,F,5-LOW,Customer#000054376,AUTOMOBILE,ALGERIA,AFRICA
583205,1992-01-09,66156.94,F,5-LOW,Customer#000032518,BUILDING,MOROCCO,AFRICA
462241,1992-01-09,179133.68,F,4-NOT SPECIFIED,Customer#000136636,MACHINERY,IRAQ,MIDDLE EAST
385824,1992-01-09,136159.25,F,1-URGENT,Customer#000075389,FURNITURE,INDONESIA,ASIA
388710,1992-01-09,317490.26,F,1-URGENT,Customer#000046603,MACHINERY,CHINA,ASIA
208583,1992-01-09,160796.99,F,5-LOW,Customer#000066826,BUILDING,IRAN,MIDDLE EAST
425634,1992-01-09,130844.99,F,3-MEDIUM,Customer#000092728,FURNITURE,MOROCCO,AFRICA
231623,1992-01-09,102332.89,F,4-NOT SPECIFIED,Customer#000120748,FURNITURE,BRAZIL,AMERICA
135429,1992-01-09,170992.72,F,2-HIGH,Customer#000134825,BUILDING,UNITED STATES,AMERICA
240610,1992-01-09,58238.08,F,2-HIGH,Customer#000142843,MACHINERY,MOROCCO,AFRICA
95111,1992-01-09,50836.97,F,5-LOW,Customer#000031379,FURNITURE,EGYPT,MIDDLE EAST
383813,1992-01-09,42897.13,F,3-MEDIUM,Customer#000055111,HOUSEHOLD,RUSSIA,EUROPE
480999,1992-01-09,217061.12,F,5-LOW,Customer#000132067,FURNITURE,MOZAMBIQUE,AFRICA
109444,1992-01-09,88661.11,F,3-MEDIUM,Customer#000139214,AUTOMOBILE,ETHIOPIA,AFRICA
524679,1992-01-09,3873.37,F,3-MEDIUM,Customer#000014438,MACHINERY,JAPAN,ASIA
434886,1992-01-09,26352.96,F,1-URGENT,Customer#000046210,MACHINERY,IRAQ,MIDDLE EAST
442691,1992-01-09,156764.30,F,3-MEDIUM,Customer#000131188,AUTOMOBILE,FRANCE,EUROPE
87815,1992-01-09,96096.24,F,1-URGENT,Customer#000067109,FURNITURE,GERMANY,EUROPE
362849,1992-01-09,116468.92,F,1-URGENT,Customer#000062624,MACHINERY,KENYA,AFRICA
261510,1992-01-09,77750.59,F,5-LOW,Customer#000092678,FURNITURE,ROMANIA,EUROPE
188356,1992-01-09,80927.58,F,3-MEDIUM,Customer#000038176,BUILDING,KENYA,AFRICA
492583,1992-01-09,137488.55,F,1-URGENT,Customer#000099440,AUTOMOBILE,JORDAN,MIDDLE EAST
265030,1992-01-09,57006.07,F,3-MEDIUM,Customer#000069640,MACHINERY,INDONESIA,ASIA
5409,1992-01-09,202913.75,F,5-LOW,Customer#000012613,BUILDING,PERU,AMERICA
250246,1992-01-09,155563.84,F,1-URGENT,Customer#000124675,BUILDING,JORDAN,MIDDLE EAST
430087,1992-01-09,53994.20,F,1-URGENT,Customer#000024421,FURNITURE,INDIA,ASIA
504423,1992-01-09,106228.82,F,3-MEDIUM,Customer#000019207,HOUSEHOLD,GERMANY,EUROPE
348807,1992-01-09,118327.88,F,5-LOW,Customer#000068992,BUILDING,VIETNAM,ASIA
42886,1992-01-09,76406.18,F,3-MEDIUM,Customer#000126466,FURNITURE,INDIA,ASIA
420736,1992-01-09,81111.57,F,1-URGENT,Customer#000093871,FURNITURE,INDONESIA,ASIA
528103,1992-01-09,7076.85,F,5-LOW,Customer#000048473,BUILDING,MOZAMBIQUE,AFRICA
346497,1992-01-09,73107.24,F,5-LOW,Customer#000119836,MACHINERY,INDONESIA,ASIA
234788,1992-01-09,154567.96,F,4-NOT SPECIFIED,Customer#000105199,AUTOMOBILE,GERMANY,EUROPE
392101,1992-01-09,46229.72,F,2-HIGH,Customer#000136354,BUILDING,IRAQ,MIDDLE EAST
977057,1992-01-09,315729.04,F,1-URGENT,Customer#000020392,MACHINERY,INDONESIA,ASIA
946951,1992-01-09,151943.41,F,2-HIGH,Customer#000047749,AUTOMOBILE,ARGENTINA,AMERICA
280230,1992-01-09,292212.04,F,5-LOW,Customer#000046789,BUILDING,MOZAMBIQUE,AFRICA
7042,1992-01-09,195840.55,F,3-MEDIUM,Customer#000035845,BUILDING,JORDAN,MIDDLE EAST
670052,1992-01-09,147114.76,F,1-URGENT,Customer#000132676,BUILDING,UNITED STATES,AMERICA
865604,1992-01-09,217053.50,F,5-LOW,Customer#000120595,HOUSEHOLD,UNITED KINGDOM,EUROPE
5611843,1992-01-09,267670.86,F,1-URGENT,Customer#000135793,MACHINERY,SAUDI ARABIA,MIDDLE EAST
5306245,1992-01-09,339670.17,F,2-HIGH,Customer#000125077,MACHINERY,SAUDI ARABIA,MIDDLE EAST
5521729,1992-01-09,268235.50,F,3-MEDIUM,Customer#000094375,BUILDING,GERMANY,EUROPE
5947843,1992-01-09,94401.09,F,2-HIGH,Customer#000006298,FURNITURE,IRAN,MIDDLE EAST
5293894,1992-01-09,304613.95,F,5-LOW,Customer#000115159,AUTOMOBILE,IRAN,MIDDLE EAST
5143111,1992-01-09,245729.96,F,3-MEDIUM,Customer#000005363,MACHINERY,MOROCCO,AFRICA
4901767,1992-01-09,295276.04,F,4-NOT SPECIFIED,Customer#000084925,FURNITURE,FRANCE,EUROPE
2606593,1992-01-09,135165.17,F,4-NOT SPECIFIED,Customer#000122698,BUILDING,JAPAN,ASIA
2827873,1992-01-09,149495.40,F,4-NOT SPECIFIED,Customer#000010831,BUILDING,RUSSIA,EUROPE
2885411,1992-01-09,1532.23,F,1-URGENT,Customer#000003806,BUILDING,CHINA,ASIA
2495649,1992-01-09,67650.56,F,3-MEDIUM,Customer#000051817,BUILDING,FRANCE,EUROPE
2984228,1992-01-09,126855.00,F,3-MEDIUM,Customer#000011590,HOUSEHOLD,BRAZIL,AMERICA
2820263,1992-01-09,107580.48,F,5-LOW,Customer#000121027,FURNITURE,ROMANIA,EUROPE
2840290,1992-01-09,12619.14,F,4-NOT SPECIFIED,Customer#000063433,HOUSEHOLD,CANADA,AMERICA
2654470,1992-01-09,223821.29,F,1-URGENT,Customer#000123182,FURNITURE,MOZAMBIQUE,AFRICA
2712961,1992-01-09,158114.08,F,4-NOT SPECIFIED,Customer#000043966,FURNITURE,CHINA,ASIA
2879779,1992-01-09,270170.64,F,3-MEDIUM,Customer#000067966,MACHINERY,ROMANIA,EUROPE
2421952,1992-01-09,277167.05,F,3-MEDIUM,Customer#000126886,BUILDING,UNITED KINGDOM,EUROPE
2871393,1992-01-09,148224.26,F,3-MEDIUM,Customer#000121957,AUTOMOBILE,ETHIOPIA,AFRICA
2513478,1992-01-09,167284.19,F,5-LOW,Customer#000078745,AUTOMOBILE,ETHIOPIA,AFRICA
4878403,1992-01-09,68621.99,F,5-LOW,Customer#000040192,BUILDING,JAPAN,ASIA
729894,1992-01-09,83419.27,F,5-LOW,Customer#000021805,BUILDING,SAUDI ARABIA,MIDDLE EAST
5734368,1992-01-09,156042.80,F,2-HIGH,Customer#000028054,HOUSEHOLD,UNITED STATES,AMERICA
908033,1992-01-09,14941.07,F,2-HIGH,Customer#000149941,MACHINERY,EGYPT,MIDDLE EAST
613351,1992-01-09,40233.47,F,4-NOT SPECIFIED,Customer#000078722,FURNITURE,ARGENTINA,AMERICA
4944736,1992-01-09,58747.37,F,1-URGENT,Customer#000119479,BUILDING,SAUDI ARABIA,MIDDLE EAST
759590,1992-01-09,85569.14,F,4-NOT SPECIFIED,Customer#000099620,HOUSEHOLD,SAUDI ARABIA,MIDDLE EAST
706087,1992-01-09,105340.32,F,4-NOT SPECIFIED,Customer#000104905,MACHINERY,JORDAN,MIDDLE EAST
5432640,1992-01-09,233091.23,F,5-LOW,Customer#000011660,HOUSEHOLD,INDONESIA,ASIA
5179552,1992-01-09,117310.46,F,2-HIGH,Customer#000121960,MACHINERY,JAPAN,ASIA
3622562,1992-01-09,98840.03,F,5-LOW,Customer#000008407,FURNITURE,BRAZIL,AMERICA
3740006,1992-01-09,198353.31,F,1-URGENT,Customer#000145262,HOUSEHOLD,MOROCCO,AFRICA
3637121,1992-01-09,105066.74,F,5-LOW,Customer#000096245,AUTOMOBILE,INDONESIA,ASIA
4159812,1992-01-09,154090.40,F,5-LOW,Customer#000049141,FURNITURE,INDIA,ASIA
4169792,1992-01-09,187922.35,F,2-HIGH,Customer#000147343,BUILDING,UNITED KINGDOM,EUROPE
5610688,1992-01-09,63990.37,F,4-NOT SPECIFIED,Customer#000103856,BUILDING,GERMANY,EUROPE
1667271,1992-01-09,227837.03,F,1-URGENT,Customer#000122521,AUTOMOBILE,PERU,AMERICA
3857701,1992-01-09,115399.65,F,1-URGENT,Customer#000148844,HOUSEHOLD,RUSSIA,EUROPE
1497442,1992-01-09,63084.49,F,2-HIGH,Customer#000030733,AUTOMOBILE,FRANCE,EUROPE
4132039,1992-01-09,54633.86,F,1-URGENT,Customer#000084842,HOUSEHOLD,JORDAN,MIDDLE EAST
4032260,1992-01-09,22507.10,F,1-URGENT,Customer#000028856,HOUSEHOLD,VIETNAM,ASIA
1791777,1992-01-09,58620.28,F,2-HIGH,Customer#000058561,AUTOMOBILE,RUSSIA,EUROPE
1640998,1992-01-09,3192.38,F,2-HIGH,Customer#000108515,AUTOMOBILE,KENYA,AFRICA
4132197,1992-01-09,246448.79,F,2-HIGH,Customer#000146632,HOUSEHOLD,FRANCE,EUROPE
1775840,1992-01-09,210553.87,F,2-HIGH,Customer#000002905,HOUSEHOLD,JAPAN,ASIA
3987522,1992-01-09,99700.33,F,5-LOW,Customer#000094168,HOUSEHOLD,ROMANIA,EUROPE
4142501,1992-01-09,125534.59,F,4-NOT SPECIFIED,Customer#000018892,AUTOMOBILE,RUSSIA,EUROPE
4033153,1992-01-09,143156.95,F,5-LOW,Customer#000143462,MACHINERY,JORDAN,MIDDLE EAST
4107073,1992-01-09,21839.09,F,5-LOW,Customer#000027433,BUILDING,RUSSIA,EUROPE
1298948,1992-01-09,251425.15,F,1-URGENT,Customer#000010201,BUILDING,KENYA,AFRICA
1410432,1992-01-09,227237.50,F,4-NOT SPECIFIED,Customer#000022771,MACHINERY,INDONESIA,ASIA
5702724,1992-01-09,178979.75,F,4-NOT SPECIFIED,Customer#000139489,BUILDING,UNITED STATES,AMERICA
3725414,1992-01-09,146276.49,F,3-MEDIUM,Customer#000120080,AUTOMOBILE,UNITED KINGDOM,EUROPE
1376228,1992-01-09,382451.69,F,2-HIGH,Customer#000118160,AUTOMOBILE,IRAN,MIDDLE EAST
3707616,1992-01-09,250820.56,F,4-NOT SPECIFIED,Customer#000000520,HOUSEHOLD,CANADA,AMERICA
3787136,1992-01-09,67056.66,F,5-LOW,Customer#000051034,HOUSEHOLD,SAUDI ARABIA,MIDDLE EAST
1744832,1992-01-09,80256.25,F,4-NOT SPECIFIED,Customer#000144940,FURNITURE,ALGERIA,AFRICA
5688962,1992-01-09,83887.98,F,2-HIGH,Customer#000106264,MACHINERY,ARGENTINA,AMERICA
4136256,1992-01-09,337202.67,F,2-HIGH,Customer#000092074,MACHINERY,VIETNAM,ASIA
1609634,1992-01-09,321857.86,F,2-HIGH,Customer#000012667,MACHINERY,CANADA,AMERICA
5436323,1992-01-09,93174.94,F,5-LOW,Customer#000079988,AUTOMOBILE,IRAN,MIDDLE EAST
5571841,1992-01-09,268451.10,F,3-MEDIUM,Customer#000001319,MACHINERY,INDONESIA,ASIA
4918948,1992-01-09,92728.73,F,5-LOW,Customer#000013402,BUILDING,KENYA,AFRICA
4075717,1992-01-09,69966.74,F,1-URGENT,Customer#000049078,HOUSEHOLD,VIETNAM,ASIA
1336576,1992-01-09,182293.31,F,4-NOT SPECIFIED,Customer#000001025,AUTOMOBILE,INDIA,ASIA
1383907,1992-01-09,166435.27,F,5-LOW,Customer#000047033,AUTOMOBILE,JAPAN,ASIA
1783111,1992-01-09,66429.95,F,2-HIGH,Customer#000010114,BUILDING,KENYA,AFRICA
5338311,1992-01-09,208433.36,F,3-MEDIUM,Customer#000118774,MACHINERY,FRANCE,EUROPE
5964582,1992-01-09,59151.02,F,3-MEDIUM,Customer#000078367,HOUSEHOLD,INDIA,ASIA
3863011,1992-01-09,195044.69,F,5-LOW,Customer#000050404,AUTOMOBILE,FRANCE,EUROPE
5338534,1992-01-09,71215.78,F,4-NOT SPECIFIED,Customer#000147170,BUILDING,EGYPT,MIDDLE EAST
1798946,1992-01-09,221557.05,F,3-MEDIUM,Customer#000064975,AUTOMOBILE,CANADA,AMERICA
1238945,1992-01-09,207910.19,F,4-NOT SPECIFIED,Customer#000063127,FURNITURE,PERU,AMERICA
5614976,1992-01-09,115718.29,F,3-MEDIUM,Customer#000141416,HOUSEHOLD,EGYPT,MIDDLE EAST
1545152,1992-01-09,54807.42,F,3-MEDIUM,Customer#000063166,MACHINERY,MOROCCO,AFRICA
3660741,1992-01-09,177253.91,F,2-HIGH,Customer#000053326,MACHINERY,RUSSIA,EUROPE
1797892,1992-01-09,166884.90,F,3-MEDIUM,Customer#000067891,HOUSEHOLD,UNITED KINGDOM,EUROPE
1344133,1992-01-09,208521.93,F,5-LOW,Customer#000043231,MACHINERY,INDIA,ASIA
5602627,1992-01-09,44012.35,F,3-MEDIUM,Customer#000001810,MACHINERY,ALGERIA,AFRICA
1764837,1992-01-09,108322.07,F,2-HIGH,Customer#000027613,AUTOMOBILE,FRANCE,EUROPE
3772710,1992-01-09,256727.09,F,5-LOW,Customer#000058708,BUILDING,GERMANY,EUROPE
5511494,1992-01-09,288710.15,F,1-URGENT,Customer#000024523,FURNITURE,ARGENTINA,AMERICA
4904100,1992-01-09,14227.88,F,1-URGENT,Customer#000075817,HOUSEHOLD,GERMANY,EUROPE
3844099,1992-01-09,78618.59,F,2-HIGH,Customer#000112424,HOUSEHOLD,MOZAMBIQUE,AFRICA
5869794,1992-01-09,175490.98,F,2-HIGH,Customer#000023075,BUILDING,INDIA,ASIA
4073028,1992-01-09,60644.03,F,3-MEDIUM,Customer#000129883,HOUSEHOLD,JAPAN,ASIA
1470564,1992-01-09,253163.71,F,1-URGENT,Customer#000114085,AUTOMOBILE,EGYPT,MIDDLE EAST
1439270,1992-01-09,273174.37,F,1-URGENT,Customer#000126184,BUILDING,ROMANIA,EUROPE
5778055,1992-01-09,146617.93,F,3-MEDIUM,Customer#000095653,MACHINERY,UNITED STATES,AMERICA
4120674,1992-01-09,113917.67,F,3-MEDIUM,Customer#000070549,FURNITURE,MOROCCO,AFRICA
1257347,1992-01-09,142904.97,F,4-NOT SPECIFIED,Customer#000082772,FURNITURE,UNITED KINGDOM,EUROPE
1678595,1992-01-09,248500.00,F,3-MEDIUM,Customer#000134962,FURNITURE,VIETNAM,ASIA
3715302,1992-01-09,207028.94,F,2-HIGH,Customer#000041614,FURNITURE,MOROCCO,AFRICA
4092868,1992-01-09,103839.31,F,1-URGENT,Customer#000083699,FURNITURE,RUSSIA,EUROPE
3777475,1992-01-09,25638.14,F,1-URGENT,Customer#000005350,MACHINERY,KENYA,AFRICA
4898434,1992-01-09,68691.00,F,5-LOW,Customer#000009323,MACHINERY,CHINA,ASIA
5696293,1992-01-09,281258.77,F,3-MEDIUM,Customer#000122641,FURNITURE,INDIA,ASIA
1671397,1992-01-09,30090.87,F,4-NOT SPECIFIED,Customer#000042118,BUILDING,ALGERIA,AFRICA
1763013,1992-01-09,80872.20,F,3-MEDIUM,Customer#000039230,HOUSEHOLD,VIETNAM,ASIA
1425061,1992-01-09,224001.38,F,5-LOW,Customer#000002915,FURNITURE,ALGERIA,AFRICA
3915591,1992-01-09,89060.02,F,3-MEDIUM,Customer#000132572,AUTOMOBILE,INDONESIA,ASIA
5290629,1992-01-09,12541.02,F,1-URGENT,Customer#000109927,BUILDING,IRAN,MIDDLE EAST
4140581,1992-01-09,66118.86,F,1-URGENT,Customer#000138491,FURNITURE,FRANCE,EUROPE
4802855,1992-01-09,152676.17,F,1-URGENT,Customer#000096727,HOUSEHOLD,IRAN,MIDDLE EAST
5957892,1992-01-09,299906.67,F,1-URGENT,Customer#000140251,FURNITURE,SAUDI ARABIA,MIDDLE EAST
5661027,1992-01-09,116149.83,F,2-HIGH,Customer#000117046,AUTOMOBILE,BRAZIL,AMERICA
1298081,1992-01-09,149996.43,F,4-NOT SPECIFIED,Customer#000058855,MACHINERY,IRAN,MIDDLE EAST
5354082,1992-01-09,198637.64,F,5-LOW,Customer#000002171,AUTOMOBILE,JAPAN,ASIA
4135175,1992-01-09,157651.04,F,5-LOW,Customer#000080236,BUILDING,MOROCCO,AFRICA
3937857,1992-01-09,262370.07,F,1-URGENT,Customer#000079891,FURNITURE,UNITED STATES,AMERICA
4030278,1992-01-09,172245.17,F,4-NOT SPECIFIED,Customer#000027524,FURNITURE,GERMANY,EUROPE
3702754,1992-01-09,220308.32,F,2-HIGH,Customer#000083197,BUILDING,ARGENTINA,AMERICA
5994659,1992-01-09,256599.34,F,2-HIGH,Customer#000099317,BUILDING,SAUDI ARABIA,MIDDLE EAST
3649351,1992-01-09,68639.16,F,2-HIGH,Customer#000063184,FURNITURE,IRAN,MIDDLE EAST
3707714,1992-01-09,167427.00,F,2-HIGH,Customer#000099422,FURNITURE,KENYA,AFRICA
5228519,1992-01-09,112461.64,F,3-MEDIUM,Customer#000075994,HOUSEHOLD,ARGENTINA,AMERICA
5102562,1992-01-09,111994.76,F,2-HIGH,Customer#000032323,HOUSEHOLD,CHINA,ASIA
3842917,1992-01-09,152829.28,F,4-NOT SPECIFIED,Customer#000039700,HOUSEHOLD,MOROCCO,AFRICA
1521441,1992-01-09,366493.57,F,1-URGENT,Customer#000099058,BUILDING,GERMANY,EUROPE
3647427,1992-01-09,298763.55,F,5-LOW,Customer#000105928,BUILDING,ALGERIA,AFRICA
5038759,1992-01-09,313261.47,F,4-NOT SPECIFIED,Customer#000089846,BUILDING,PERU,AMERICA
1395876,1992-01-09,30350.35,F,3-MEDIUM,Customer#000069778,BUILDING,SAUDI ARABIA,MIDDLE EAST
1317123,1992-01-09,208833.64,F,5-LOW,Customer#000061477,FURNITURE,IRAN,MIDDLE EAST
3605472,1992-01-09,107838.03,F,3-MEDIUM,Customer#000124672,MACHINERY,IRAQ,MIDDLE EAST
1253344,1992-01-09,175135.50,F,3-MEDIUM,Customer#000109841,HOUSEHOLD,ALGERIA,AFRICA
4859590,1992-01-09,329166.50,F,2-HIGH,Customer#000038752,BUILDING,ARGENTINA,AMERICA
5916066,1992-01-09,62760.93,F,4-NOT SPECIFIED,Customer#000080623,MACHINERY,RUSSIA,EUROPE
1383840,1992-01-09,140608.51,F,2-HIGH,Customer#000143014,AUTOMOBILE,CANADA,AMERICA
4935073,1992-01-09,7085.71,F,4-NOT SPECIFIED,Customer#000042568,FURNITURE,IRAN,MIDDLE EAST
1274883,1992-01-09,14788.15,F,4-NOT SPECIFIED,Customer#000080188,AUTOMOBILE,VIETNAM,ASIA
1416326,1992-01-09,291338.96,F,3-MEDIUM,Customer#000128650,FURNITURE,GERMANY,EUROPE
1575106,1992-01-09,93670.03,F,3-MEDIUM,Customer#000019793,FURNITURE,ALGERIA,AFRICA
5687591,1992-01-09,6475.12,F,4-NOT SPECIFIED,Customer#000030169,MACHINERY,ARGENTINA,AMERICA
1791911,1992-01-09,140302.33,F,3-MEDIUM,Customer#000045173,MACHINERY,RUSSIA,EUROPE
3680741,1992-01-09,82803.42,F,2-HIGH,Customer#000025691,MACHINERY,EGYPT,MIDDLE EAST
3652516,1992-01-09,192141.07,F,1-URGENT,Customer#000131432,HOUSEHOLD,ALGERIA,AFRICA
3946180,1992-01-09,249694.20,F,5-LOW,Customer#000122096,AUTOMOBILE,IRAN,MIDDLE EAST
3752675,1992-01-09,228743.31,F,4-NOT SPECIFIED,Customer#000136904,MACHINERY,JAPAN,ASIA
3836003,1992-01-09,64923.08,F,1-URGENT,Customer#000008138,HOUSEHOLD,IRAN,MIDDLE EAST
5423910,1992-01-09,112622.88,F,1-URGENT,Customer#000104164,AUTOMOBILE,UNITED KINGDOM,EUROPE
5028321,1992-01-09,273212.88,F,5-LOW,Customer#000082087,FURNITURE,FRANCE,EUROPE
3992481,1992-01-09,81271.80,F,4-NOT SPECIFIED,Customer#000069865,MACHINERY,VIETNAM,ASIA
3796290,1992-01-09,152812.55,F,1-URGENT,Customer#000000721,AUTOMOBILE,VIETNAM,ASIA
1480484,1992-01-09,155905.77,F,4-NOT SPECIFIED,Customer#000040714,HOUSEHOLD,CHINA,ASIA
4112225,1992-01-09,148735.58,F,5-LOW,Customer#000093478,AUTOMOBILE,VIETNAM,ASIA
5047937,1992-01-09,249670.40,F,5-LOW,Customer#000147355,FURNITURE,ARGENTINA,AMERICA
5924357,1992-01-09,200723.63,F,2-HIGH,Customer#000003325,BUILDING,INDONESIA,ASIA
3868832,1992-01-09,126582.18,F,3-MEDIUM,Customer#000044788,HOUSEHOLD,JORDAN,MIDDLE EAST
1373184,1992-01-09,96827.68,F,2-HIGH,Customer#000046888,FURNITURE,MOROCCO,AFRICA
3964742,1992-01-09,218710.87,F,5-LOW,Customer#000072559,AUTOMOBILE,ALGERIA,AFRICA
5943746,1992-01-09,20016.55,F,1-URGENT,Customer#000138214,FURNITURE,CHINA,ASIA
1568582,1992-01-09,177188.72,F,2-HIGH,Customer#000041675,FURNITURE,UNITED KINGDOM,EUROPE
3950691,1992-01-09,189681.98,F,3-MEDIUM,Customer#000041164,HOUSEHOLD,ROMANIA,EUROPE
5170917,1992-01-09,156390.39,F,4-NOT SPECIFIED,Customer#000054220,FURNITURE,VIETNAM,ASIA
3780289,1992-01-09,307077.79,F,1-URGENT,Customer#000090044,HOUSEHOLD,JORDAN,MIDDLE EAST
5323745,1992-01-09,305395.83,F,1-URGENT,Customer#000136018,BUILDING,MOZAMBIQUE,AFRICA
3673412,1992-01-09,135026.59,F,2-HIGH,Customer#000019849,HOUSEHOLD,JAPAN,ASIA
5605891,1992-01-09,141392.36,F,1-URGENT,Customer#000005734,HOUSEHOLD,INDIA,ASIA
5030854,1992-01-09,40986.48,F,2-HIGH,Customer#000024070,HOUSEHOLD,CHINA,ASIA
5772101,1992-01-09,33420.28,F,4-NOT SPECIFIED,Customer#000138622,MACHINERY,RUSSIA,EUROPE
1256739,1992-01-09,129768.37,F,5-LOW,Customer#000091108,BUILDING,ALGERIA,AFRICA
5822722,1992-01-09,82748.54,F,1-URGENT,Customer#000067370,BUILDING,ETHIOPIA,AFRICA
1444615,1992-01-09,76517.39,F,5-LOW,Customer#000126679,HOUSEHOLD,JORDAN,MIDDLE EAST
3672833,1992-01-09,252890.67,F,4-NOT SPECIFIED,Customer#000082285,MACHINERY,JORDAN,MIDDLE EAST
2830529,1992-01-09,14324.42,F,4-NOT SPECIFIED,Customer#000062203,MACHINERY,MOZAMBIQUE,AFRICA
2922595,1992-01-09,189024.57,F,4-NOT SPECIFIED,Customer#000051680,HOUSEHOLD,ETHIOPIA,AFRICA
707233,1992-01-09,38629.78,F,4-NOT SPECIFIED,Customer#000127852,HOUSEHOLD,PERU,AMERICA
1010946,1992-01-09,216070.53,F,1-URGENT,Customer#000043642,FURNITURE,ROMANIA,EUROPE
2831745,1992-01-09,187261.29,F,2-HIGH,Customer#000121403,AUTOMOBILE,CHINA,ASIA
2863170,1992-01-09,280465.04,F,5-LOW,Customer#000032512,AUTOMOBILE,INDONESIA,ASIA
2607619,1992-01-09,281211.20,F,2-HIGH,Customer#000027961,HOUSEHOLD,ALGERIA,AFRICA
2422276,1992-01-09,227968.44,F,1-URGENT,Customer#000087049,BUILDING,ROMANIA,EUROPE
2434340,1992-01-09,174504.68,F,3-MEDIUM,Customer#000113710,BUILDING,UNITED STATES,AMERICA
2524224,1992-01-09,113362.41,F,5-LOW,Customer#000001585,AUTOMOBILE,RUSSIA,EUROPE
2621094,1992-01-09,166854.33,F,4-NOT SPECIFIED,Customer#000136000,HOUSEHOLD,ARGENTINA,AMERICA
2791686,1992-01-09,55756.62,F,1-URGENT,Customer#000118861,MACHINERY,MOROCCO,AFRICA
2452356,1992-01-09,59843.33,F,4-NOT SPECIFIED,Customer#000124319,MACHINERY,IRAQ,MIDDLE EAST
2821316,1992-01-09,257575.19,F,1-URGENT,Customer#000130265,HOUSEHOLD,IRAQ,MIDDLE EAST
2975814,1992-01-09,166148.10,F,4-NOT SPECIFIED,Customer#000115936,BUILDING,FRANCE,EUROPE
2746789,1992-01-09,315291.62,F,5-LOW,Customer#000015061,BUILDING,GERMANY,EUROPE
2717345,1992-01-09,200705.24,F,4-NOT SPECIFIED,Customer#000034759,HOUSEHOLD,IRAQ,MIDDLE EAST
2877121,1992-01-09,104346.08,F,4-NOT SPECIFIED,Customer#000005224,AUTOMOBILE,UNITED STATES,AMERICA
2851777,1992-01-09,234041.63,F,3-MEDIUM,Customer#000038449,MACHINERY,PERU,AMERICA
2861892,1992-01-09,180477.15,F,1-URGENT,Customer#000092672,HOUSEHOLD,INDONESIA,ASIA
2669665,1992-01-09,14425.33,F,5-LOW,Customer#000135832,BUILDING,UNITED STATES,AMERICA
2581185,1992-01-09,37688.49,F,3-MEDIUM,Customer#000046409,BUILDING,ROMANIA,EUROPE
2790788,1992-01-09,140264.79,F,4-NOT SPECIFIED,Customer#000018055,AUTOMOBILE,IRAN,MIDDLE EAST
2527936,1992-01-09,114307.10,F,4-NOT SPECIFIED,Customer#000087040,BUILDING,INDONESIA,ASIA
2844866,1992-01-09,188077.45,F,2-HIGH,Customer#000079586,BUILDING,INDONESIA,ASIA
2475908,1992-01-09,333702.35,F,3-MEDIUM,Customer#000047522,AUTOMOBILE,ETHIOPIA,AFRICA
2482146,1992-01-09,128374.51,F,5-LOW,Customer#000068951,AUTOMOBILE,IRAQ,MIDDLE EAST
2628706,1992-01-09,67689.83,F,3-MEDIUM,Customer#000122069,FURNITURE,GERMANY,EUROPE
2413575,1992-01-09,107495.68,F,1-URGENT,Customer#000028363,FURNITURE,ETHIOPIA,AFRICA
2556130,1992-01-09,77160.24,F,3-MEDIUM,Customer#000149683,HOUSEHOLD,UNITED KINGDOM,EUROPE
2560518,1992-01-09,323156.18,F,1-URGENT,Customer#000145219,AUTOMOBILE,FRANCE,EUROPE
2646629,1992-01-09,262992.71,F,5-LOW,Customer#000040837,FURNITURE,MOROCCO,AFRICA
2731364,1992-01-09,263164.73,F,4-NOT SPECIFIED,Customer#000018499,FURNITURE,RUSSIA,EUROPE
2659393,1992-01-09,53309.01,F,2-HIGH,Customer#000143530,FURNITURE,MOROCCO,AFRICA
2670592,1992-01-09,135609.35,F,4-NOT SPECIFIED,Customer#000003427,AUTOMOBILE,EGYPT,MIDDLE EAST
2610243,1992-01-09,217677.00,F,1-URGENT,Customer#000006281,BUILDING,EGYPT,MIDDLE EAST
2461123,1992-01-09,69927.69,F,4-NOT SPECIFIED,Customer#000125095,BUILDING,INDIA,ASIA
2953636,1992-01-09,99647.87,F,1-URGENT,Customer#000045457,MACHINERY,KENYA,AFRICA
2757795,1992-01-09,37166.66,F,4-NOT SPECIFIED,Customer#000083995,FURNITURE,RUSSIA,EUROPE
2484386,1992-01-09,93894.51,F,4-NOT SPECIFIED,Customer#000023692,BUILDING,GERMANY,EUROPE
2635206,1992-01-09,239011.62,F,4-NOT SPECIFIED,Customer#000127330,BUILDING,BRAZIL,AMERICA
2647745,1992-01-09,142635.83,F,5-LOW,Customer#000056987,HOUSEHOLD,SAUDI ARABIA,MIDDLE EAST
2754023,1992-01-09,88851.19,F,4-NOT SPECIFIED,Customer#000064580,HOUSEHOLD,IRAN,MIDDLE EAST
2679205,1992-01-09,86859.90,F,2-HIGH,Customer#000029683,HOUSEHOLD,GERMANY,EUROPE
2779943,1992-01-09,41350.31,F,4-NOT SPECIFIED,Customer#000097081,BUILDING,BRAZIL,AMERICA
2713410,1992-01-09,268366.30,F,1-URGENT,Customer#000143530,FURNITURE,MOROCCO,AFRICA
2895460,1992-01-09,35839.97,F,5-LOW,Customer#000126590,MACHINERY,INDONESIA,ASIA
1411972,1992-01-09,211907.54,F,3-MEDIUM,Customer#000126367,BUILDING,INDIA,ASIA
4180609,1992-01-09,66497.23,F,4-NOT SPECIFIED,Customer#000044647,FURNITURE,FRANCE,EUROPE
1502464,1992-01-09,181287.05,F,5-LOW,Customer#000063955,BUILDING,SAUDI ARABIA,MIDDLE EAST
3802629,1992-01-09,232256.74,F,1-URGENT,Customer#000020528,HOUSEHOLD,SAUDI ARABIA,MIDDLE EAST
3794050,1992-01-09,89408.73,F,5-LOW,Customer#000090946,FURNITURE,ROMANIA,EUROPE
1254851,1992-01-09,226850.43,F,1-URGENT,Customer#000046301,FURNITURE,MOZAMBIQUE,AFRICA
2676448,1992-01-09,56142.98,F,2-HIGH,Customer#000065647,FURNITURE,CANADA,AMERICA
26818,1992-01-09,314876.47,F,4-NOT SPECIFIED,Customer#000118537,MACHINERY,JORDAN,MIDDLE EAST
142817,1992-01-09,136035.18,F,1-URGENT,Customer#000091679,MACHINERY,EGYPT,MIDDLE EAST
2863106,1992-01-09,75685.11,F,1-URGENT,Customer#000033359,MACHINERY,UNITED KINGDOM,EUROPE
284551,1992-01-09,221172.47,F,1-URGENT,Customer#000035408,MACHINERY,UNITED STATES,AMERICA
2797446,1992-01-09,153719.53,F,1-URGENT,Customer#000115456,AUTOMOBILE,IRAQ,MIDDLE EAST
1896064,1992-01-09,237805.18,F,5-LOW,Customer#000141659,HOUSEHOLD,PERU,AMERICA
1983015,1992-01-09,60606.40,F,2-HIGH,Customer#000079988,AUTOMOBILE,IRAN,MIDDLE EAST
1914851,1992-01-09,22942.60,F,5-LOW,Customer#000077938,FURNITURE,JORDAN,MIDDLE EAST
1977219,1992-01-09,155572.50,F,3-MEDIUM,Customer#000116870,MACHINERY,ALGERIA,AFRICA
2379622,1992-01-09,280937.29,F,2-HIGH,Customer#000119905,FURNITURE,JORDAN,MIDDLE EAST
2308960,1992-01-09,186789.53,F,5-LOW,Customer#000126986,AUTOMOBILE,ETHIOPIA,AFRICA
2234818,1992-01-09,217407.25,F,3-MEDIUM,Customer#000046936,FURNITURE,EGYPT,MIDDLE EAST
272423,1992-01-09,329383.84,F,4-NOT SPECIFIED,Customer#000051224,BUILDING,GERMANY,EUROPE
2233575,1992-01-09,129455.24,F,3-MEDIUM,Customer#000086191,HOUSEHOLD,IRAQ,MIDDLE EAST
1814020,1992-01-09,118091.30,F,4-NOT SPECIFIED,Customer#000044806,MACHINERY,ETHIOPIA,AFRICA
2292866,1992-01-09,13863.97,F,2-HIGH,Customer#000106963,AUTOMOBILE,ALGERIA,AFRICA
1830695,1992-01-09,93869.40,F,1-URGENT,Customer#000126794,HOUSEHOLD,SAUDI ARABIA,MIDDLE EAST
2011621,1992-01-09,193201.13,F,4-NOT SPECIFIED,Customer#000098242,HOUSEHOLD,EGYPT,MIDDLE EAST
1855043,1992-01-09,1929.01,F,1-URGENT,Customer#000092998,HOUSEHOLD,KENYA,AFRICA
202242,1992-01-09,159374.76,F,4-NOT SPECIFIED,Customer#000134672,HOUSEHOLD,JAPAN,ASIA
294087,1992-01-09,9804.63,F,5-LOW,Customer#000112990,BUILDING,ARGENTINA,AMERICA
2079137,1992-01-09,326406.51,F,1-URGENT,Customer#000101554,HOUSEHOLD,CHINA,ASIA
2105668,1992-01-09,19104.33,F,4-NOT SPECIFIED,Customer#000095867,AUTOMOBILE,UNITED KINGDOM,EUROPE
1930272,1992-01-09,33909.98,F,5-LOW,Customer#000075631,MACHINERY,IRAQ,MIDDLE EAST
1901280,1992-01-09,245521.71,F,4-NOT SPECIFIED,Customer#000072490,AUTOMOBILE,PERU,AMERICA
2385509,1992-01-09,53793.40,F,1-URGENT,Customer#000069700,HOUSEHOLD,UNITED KINGDOM,EUROPE
59456,1992-01-09,133067.94,F,5-LOW,Customer#000101014,MACHINERY,CHINA,ASIA
2324163,1992-01-09,92645.62,F,5-LOW,Customer#000083372,FURNITURE,BRAZIL,AMERICA
2377348,1992-01-09,234611.80,F,4-NOT SPECIFIED,Customer#000093727,MACHINERY,JAPAN,ASIA
2266694,1992-01-09,55353.30,F,5-LOW,Customer#000131557,MACHINERY,PERU,AMERICA
2764578,1992-01-09,176192.69,F,3-MEDIUM,Customer#000124033,FURNITURE,MOZAMBIQUE,AFRICA
2083521,1992-01-09,211764.17,F,1-URGENT,Customer#000131233,FURNITURE,ETHIOPIA,AFRICA
431525,1992-01-09,56460.04,F,2-HIGH,Customer#000003332,HOUSEHOLD,CHINA,ASIA
186116,1992-01-09,39678.07,F,3-MEDIUM,Customer#000070379,FURNITURE,MOZAMBIQUE,AFRICA
302880,1992-01-09,48954.24,F,2-HIGH,Customer#000093763,BUILDING,GERMANY,EUROPE
124517,1992-01-09,153029.91,F,3-MEDIUM,Customer#000085657,MACHINERY,INDIA,ASIA
355588,1992-01-09,195243.02,F,3-MEDIUM,Customer#000014281,FURNITURE,CANADA,AMERICA
303778,1992-01-09,247119.46,F,2-HIGH,Customer#000069586,BUILDING,GERMANY,EUROPE
129697,1992-01-09,30596.62,F,3-MEDIUM,Customer#000094408,BUILDING,CANADA,AMERICA
77318,1992-01-09,199178.74,F,2-HIGH,Customer#000025849,AUTOMOBILE,FRANCE,EUROPE
1911043,1992-01-09,331527.64,F,3-MEDIUM,Customer#000139694,BUILDING,MOZAMBIQUE,AFRICA
511463,1992-01-09,274145.24,F,2-HIGH,Customer#000044815,AUTOMOBILE,EGYPT,MIDDLE EAST
2192966,1992-01-09,180568.19,F,4-NOT SPECIFIED,Customer#000119164,MACHINERY,ROMANIA,EUROPE
272646,1992-01-09,253948.02,F,4-NOT SPECIFIED,Customer#000104248,BUILDING,UNITED KINGDOM,EUROPE
546560,1992-01-09,125100.55,F,1-URGENT,Customer#000067004,AUTOMOBILE,CANADA,AMERICA
4292,1992-01-09,184270.90,F,3-MEDIUM,Customer#000024346,MACHINERY,JORDAN,MIDDLE EAST
2635653,1992-01-09,49480.31,F,3-MEDIUM,Customer#000148999,FURNITURE,IRAN,MIDDLE EAST
519584,1992-01-09,132556.01,F,4-NOT SPECIFIED,Customer#000136576,BUILDING,ROMANIA,EUROPE
1829154,1992-01-09,261308.90,F,3-MEDIUM,Customer#000131353,HOUSEHOLD,MOZAMBIQUE,AFRICA
2060039,1992-01-09,217106.60,F,1-URGENT,Customer#000094303,HOUSEHOLD,IRAN,MIDDLE EAST
2142371,1992-01-09,162400.52,F,4-NOT SPECIFIED,Customer#000034720,FURNITURE,RUSSIA,EUROPE
54307,1992-01-09,214729.06,F,2-HIGH,Customer#000098605,HOUSEHOLD,ETHIOPIA,AFRICA
2156035,1992-01-09,75713.93,F,4-NOT SPECIFIED,Customer#000075361,AUTOMOBILE,BRAZIL,AMERICA
2342343,1992-01-09,59214.16,F,4-NOT SPECIFIED,Customer#000134150,FURNITURE,UNITED STATES,AMERICA
2063008,1992-01-09,212898.68,F,1-URGENT,Customer#000138085,BUILDING,INDIA,ASIA
2391713,1992-01-09,347366.96,F,5-LOW,Customer#000106018,BUILDING,FRANCE,EUROPE
2247399,1992-01-09,33848.76,F,4-NOT SPECIFIED,Customer#000123302,FURNITURE,VIETNAM,ASIA
2200004,1992-01-09,87394.76,F,5-LOW,Customer#000107242,HOUSEHOLD,ROMANIA,EUROPE
1974880,1992-01-09,28313.31,F,1-URGENT,Customer#000018808,AUTOMOBILE,EGYPT,MIDDLE EAST
572928,1992-01-09,174872.46,F,5-LOW,Customer#000135961,AUTOMOBILE,MOROCCO,AFRICA
2204644,1992-01-09,172875.47,F,5-LOW,Customer#000041815,MACHINERY,MOZAMBIQUE,AFRICA
1916774,1992-01-09,139826.41,F,5-LOW,Customer#000046364,FURNITURE,EGYPT,MIDDLE EAST
2190726,1992-01-09,169017.07,F,3-MEDIUM,Customer#000051112,MACHINERY,SAUDI ARABIA,MIDDLE EAST
2045254,1992-01-09,41769.31,F,4-NOT SPECIFIED,Customer#000143413,MACHINERY,UNITED STATES,AMERICA
1940549,1992-01-09,134443.61,F,2-HIGH,Customer#000017969,BUILDING,SAUDI ARABIA,MIDDLE EAST
2395717,1992-01-09,286483.69,F,5-LOW,Customer#000094138,AUTOMOBILE,JAPAN,ASIA
1940673,1992-01-09,44587.49,F,4-NOT SPECIFIED,Customer#000025835,BUILDING,MOZAMBIQUE,AFRICA
1810209,1992-01-09,2138.46,F,5-LOW,Customer#000023965,HOUSEHOLD,BRAZIL,AMERICA
1994755,1992-01-09,30430.64,F,2-HIGH,Customer#000086162,MACHINERY,SAUDI ARABIA,MIDDLE EAST
1941664,1992-01-09,318464.90,F,3-MEDIUM,Customer#000093676,MACHINERY,UNITED KINGDOM,EUROPE
2169125,1992-01-09,211283.92,F,4-NOT SPECIFIED,Customer#000073810,AUTOMOBILE,ARGENTINA,AMERICA
2666309,1992-01-09,51842.62,F,1-URGENT,Customer#000126232,MACHINERY,CANADA,AMERICA
2700996,1992-01-09,263564.42,F,1-URGENT,Customer#000129391,HOUSEHOLD,KENYA,AFRICA
2855396,1992-01-09,271483.42,F,4-NOT SPECIFIED,Customer#000013244,MACHINERY,ALGERIA,AFRICA
2463328,1992-01-09,277205.33,F,1-URGENT,Customer#000117244,MACHINERY,CANADA,AMERICA
697571,1992-01-10,53178.96,F,2-HIGH,Customer#000130570,MACHINERY,RUSSIA,EUROPE
3614657,1992-01-10,228796.50,F,4-NOT SPECIFIED,Customer#000057026,FURNITURE,JAPAN,ASIA
1091076,1992-01-10,250325.13,F,1-URGENT,Customer#000013318,BUILDING,INDIA,ASIA
4071682,1992-01-10,68938.14,F,2-HIGH,Customer#000125333,BUILDING,KENYA,AFRICA
645286,1992-01-10,274871.13,F,5-LOW,Customer#000107731,AUTOMOBILE,GERMANY,EUROPE
3005379,1992-01-10,181143.54,F,1-URGENT,Customer#000018697,BUILDING,IRAQ,MIDDLE EAST
3285888,1992-01-10,159974.43,F,4-NOT SPECIFIED,Customer#000083137,MACHINERY,ALGERIA,AFRICA
3171460,1992-01-10,38126.40,F,3-MEDIUM,Customer#000056602,AUTOMOBILE,UNITED STATES,AMERICA
3243399,1992-01-10,150162.74,F,2-HIGH,Customer#000081998,FURNITURE,ETHIOPIA,AFRICA
3121126,1992-01-10,261233.53,F,2-HIGH,Customer#000052408,BUILDING,CHINA,ASIA
3304130,1992-01-10,125309.90,F,3-MEDIUM,Customer#000055976,MACHINERY,EGYPT,MIDDLE EAST
3063525,1992-01-10,37937.56,F,4-NOT SPECIFIED,Customer#000082660,FURNITURE,IRAN,MIDDLE EAST
3197411,1992-01-10,183326.01,F,4-NOT SPECIFIED,Customer#000013484,HOUSEHOLD,MOZAMBIQUE,AFRICA
3269121,1992-01-10,259456.32,F,2-HIGH,Customer#000050486,BUILDING,MOZAMBIQUE,AFRICA
3003936,1992-01-10,263826.74,F,5-LOW,Customer#000093731,MACHINERY,SAUDI ARABIA,MIDDLE EAST
3170278,1992-01-10,92732.45,F,4-NOT SPECIFIED,Customer#000143683,FURNITURE,FRANCE,EUROPE
3424837,1992-01-10,115109.55,F,3-MEDIUM,Customer#000041260,BUILDING,MOROCCO,AFRICA
3463942,1992-01-10,156362.05,F,3-MEDIUM,Customer#000119065,AUTOMOBILE,BRAZIL,AMERICA
3209031,1992-01-10,326736.64,F,2-HIGH,Customer#000061180,FURNITURE,IRAN,MIDDLE EAST
3158083,1992-01-10,16491.32,F,4-NOT SPECIFIED,Customer#000106534,HOUSEHOLD,RUSSIA,EUROPE
3234400,1992-01-10,65426.33,F,4-NOT SPECIFIED,Customer#000108119,FURNITURE,ARGENTINA,AMERICA
3502946,1992-01-10,96984.88,F,2-HIGH,Customer#000037232,AUTOMOBILE,VIETNAM,ASIA
3565477,1992-01-10,53577.07,F,5-LOW,Customer#000060796,HOUSEHOLD,MOROCCO,AFRICA
3510343,1992-01-10,159370.97,F,5-LOW,Customer#000078010,FURNITURE,INDIA,ASIA
3470496,1992-01-10,272845.58,F,1-URGENT,Customer#000046960,BUILDING,RUSSIA,EUROPE
3390757,1992-01-10,173986.99,F,1-URGENT,Customer#000022547,FURNITURE,JAPAN,ASIA
3303617,1992-01-10,84232.01,F,2-HIGH,Customer#000044930,FURNITURE,INDONESIA,ASIA
3451172,1992-01-10,254763.56,F,4-NOT SPECIFIED,Customer#000123443,MACHINERY,EGYPT,MIDDLE EAST
3458631,1992-01-10,26596.95,F,4-NOT SPECIFIED,Customer#000005812,MACHINERY,ROMANIA,EUROPE
3492898,1992-01-10,34102.01,F,4-NOT SPECIFIED,Customer#000071710,BUILDING,EGYPT,MIDDLE EAST
3032806,1992-01-10,84501.75,F,3-MEDIUM,Customer#000144487,AUTOMOBILE,KENYA,AFRICA
3044128,1992-01-10,233279.13,F,5-LOW,Customer#000039970,HOUSEHOLD,VIETNAM,ASIA
3187392,1992-01-10,146691.87,F,2-HIGH,Customer#000128683,BUILDING,BRAZIL,AMERICA
3586818,1992-01-10,332165.54,F,4-NOT SPECIFIED,Customer#000090680,MACHINERY,INDIA,ASIA
3522981,1992-01-10,69955.17,F,1-URGENT,Customer#000037270,HOUSEHOLD,UNITED STATES,AMERICA
3477191,1992-01-10,293384.69,F,1-URGENT,Customer#000042767,MACHINERY,UNITED KINGDOM,EUROPE
3207045,1992-01-10,18836.64,F,1-URGENT,Customer#000021739,AUTOMOBILE,IRAN,MIDDLE EAST
3412704,1992-01-10,79239.19,F,3-MEDIUM,Customer#000067996,HOUSEHOLD,UNITED KINGDOM,EUROPE
3262339,1992-01-10,279487.88,F,5-LOW,Customer#000133895,MACHINERY,ARGENTINA,AMERICA
3566501,1992-01-10,133913.38,F,1-URGENT,Customer#000038825,MACHINERY,RUSSIA,EUROPE
3021190,1992-01-10,240800.14,F,4-NOT SPECIFIED,Customer#000113425,HOUSEHOLD,EGYPT,MIDDLE EAST
3243943,1992-01-10,229502.20,F,5-LOW,Customer#000029791,AUTOMOBILE,CANADA,AMERICA
3143621,1992-01-10,158202.11,F,2-HIGH,Customer#000029603,FURNITURE,CHINA,ASIA
3271137,1992-01-10,219295.90,F,1-URGENT,Customer#000020141,FURNITURE,PERU,AMERICA
3184192,1992-01-10,60558.84,F,3-MEDIUM,Customer#000111673,HOUSEHOLD,ALGERIA,AFRICA
3444032,1992-01-10,56475.93,F,5-LOW,Customer#000138571,FURNITURE,EGYPT,MIDDLE EAST
3341633,1992-01-10,61418.07,F,1-URGENT,Customer#000069425,AUTOMOBILE,CANADA,AMERICA
3323652,1992-01-10,161579.75,F,3-MEDIUM,Customer#000135842,HOUSEHOLD,UNITED STATES,AMERICA
3438279,1992-01-10,133906.12,F,4-NOT SPECIFIED,Customer#000096223,BUILDING,JORDAN,MIDDLE EAST
3320391,1992-01-10,28463.68,F,3-MEDIUM,Customer#000096487,BUILDING,ARGENTINA,AMERICA
3387847,1992-01-10,57994.20,F,4-NOT SPECIFIED,Customer#000044605,HOUSEHOLD,ROMANIA,EUROPE
3223588,1992-01-10,335600.69,F,2-HIGH,Customer#000055346,AUTOMOBILE,ROMANIA,EUROPE
3536162,1992-01-10,81730.55,F,1-URGENT,Customer#000029416,AUTOMOBILE,GERMANY,EUROPE
3502432,1992-01-10,288622.94,F,1-URGENT,Customer#000091732,FURNITURE,JORDAN,MIDDLE EAST
3485381,1992-01-10,125520.68,F,1-URGENT,Customer#000093829,HOUSEHOLD,UNITED STATES,AMERICA
3537568,1992-01-10,45241.28,F,1-URGENT,Customer#000006137,BUILDING,ETHIOPIA,AFRICA
3312770,1992-01-10,66021.70,F,3-MEDIUM,Customer#000135940,BUILDING,PERU,AMERICA
3519457,1992-01-10,224275.45,F,2-HIGH,Customer#000051404,HOUSEHOLD,JAPAN,ASIA
3515652,1992-01-10,268785.31,F,5-LOW,Customer#000025072,MACHINERY,INDONESIA,ASIA
3293856,1992-01-10,215850.86,F,1-URGENT,Customer#000035371,MACHINERY,INDIA,ASIA
3451399,1992-01-10,89424.99,F,2-HIGH,Customer#000060521,FURNITURE,PERU,AMERICA
3305895,1992-01-10,169434.60,F,5-LOW,Customer#000065345,AUTOMOBILE,PERU,AMERICA
2089315,1992-01-10,130669.72,F,4-NOT SPECIFIED,Customer#000048463,AUTOMOBILE,CANADA,AMERICA
556262,1992-01-10,44148.55,F,2-HIGH,Customer#000056633,FURNITURE,PERU,AMERICA
84455,1992-01-10,147828.08,F,2-HIGH,Customer#000101914,FURNITURE,SAUDI ARABIA,MIDDLE EAST
501383,1992-01-10,243002.29,F,3-MEDIUM,Customer#000131902,BUILDING,BRAZIL,AMERICA
547521,1992-01-10,168704.27,F,2-HIGH,Customer#000055489,AUTOMOBILE,SAUDI ARABIA,MIDDLE EAST
3751174,1992-01-10,320834.99,F,2-HIGH,Customer#000006869,MACHINERY,KENYA,AFRICA
3961990,1992-01-10,380651.97,F,1-URGENT,Customer#000125221,MACHINERY,KENYA,AFRICA
5055842,1992-01-10,52336.97,F,4-NOT SPECIFIED,Customer#000072496,HOUSEHOLD,JORDAN,MIDDLE EAST
750113,1992-01-10,126119.75,F,2-HIGH,Customer#000035651,HOUSEHOLD,CHINA,ASIA
5980071,1992-01-10,118859.30,F,1-URGENT,Customer#000147089,AUTOMOBILE,FRANCE,EUROPE
5816740,1992-01-10,84254.90,F,1-URGENT,Customer#000098491,MACHINERY,FRANCE,EUROPE
5908482,1992-01-10,29683.49,F,1-URGENT,Customer#000129415,FURNITURE,PERU,AMERICA
5452193,1992-01-10,242393.24,F,1-URGENT,Customer#000123365,HOUSEHOLD,INDONESIA,ASIA
5893252,1992-01-10,21633.58,F,4-NOT SPECIFIED,Customer#000080941,AUTOMOBILE,PERU,AMERICA
5342822,1992-01-10,299668.18,F,4-NOT SPECIFIED,Customer#000081515,HOUSEHOLD,UNITED KINGDOM,EUROPE
5913344,1992-01-10,164232.41,F,4-NOT SPECIFIED,Customer#000125149,BUILDING,PERU,AMERICA
5118631,1992-01-10,175775.89,F,3-MEDIUM,Customer#000132118,BUILDING,GERMANY,EUROPE
4877345,1992-01-10,164422.87,F,4-NOT SPECIFIED,Customer#000009727,AUTOMOBILE,JAPAN,ASIA
5520102,1992-01-10,197295.23,F,5-LOW,Customer#000123397,HOUSEHOLD,EGYPT,MIDDLE EAST
5177285,1992-01-10,35552.09,F,5-LOW,Customer#000061972,AUTOMOBILE,BRAZIL,AMERICA
905700,1992-01-10,325763.88,F,4-NOT SPECIFIED,Customer#000022483,BUILDING,IRAN,MIDDLE EAST
1092103,1992-01-10,39730.07,F,2-HIGH,Customer#000087641,BUILDING,FRANCE,EUROPE
1089025,1992-01-10,205150.95,F,5-LOW,Customer#000001951,MACHINERY,ALGERIA,AFRICA
814373,1992-01-10,107665.04,F,2-HIGH,Customer#000001507,BUILDING,IRAN,MIDDLE EAST
4951109,1992-01-10,73829.95,F,3-MEDIUM,Customer#000096329,MACHINERY,UNITED STATES,AMERICA
1162688,1992-01-10,10638.74,F,4-NOT SPECIFIED,Customer#000103211,AUTOMOBILE,FRANCE,EUROPE
5278113,1992-01-10,210174.29,F,3-MEDIUM,Customer#000040595,HOUSEHOLD,ROMANIA,EUROPE
641414,1992-01-10,361519.13,F,4-NOT SPECIFIED,Customer#000089392,HOUSEHOLD,GERMANY,EUROPE
5624005,1992-01-10,66140.57,F,2-HIGH,Customer#000040216,FURNITURE,JAPAN,ASIA
1152422,1992-01-10,116978.84,F,2-HIGH,Customer#000047324,FURNITURE,MOZAMBIQUE,AFRICA
893761,1992-01-10,45811.45,F,3-MEDIUM,Customer#000008978,FURNITURE,IRAQ,MIDDLE EAST
5004387,1992-01-10,265474.91,F,4-NOT SPECIFIED,Customer#000132086,FURNITURE,MOZAMBIQUE,AFRICA
799746,1992-01-10,309557.84,F,4-NOT SPECIFIED,Customer#000136288,HOUSEHOLD,UNITED KINGDOM,EUROPE
5424962,1992-01-10,61323.72,F,1-URGENT,Customer#000001477,MACHINERY,FRANCE,EUROPE
4875750,1992-01-10,125200.22,F,5-LOW,Customer#000095503,AUTOMOBILE,MOROCCO,AFRICA
1104934,1992-01-10,237537.22,F,3-MEDIUM,Customer#000021827,FURNITURE,ALGERIA,AFRICA
694848,1992-01-10,149860.43,F,5-LOW,Customer#000127808,MACHINERY,ARGENTINA,AMERICA
817509,1992-01-10,320082.23,F,4-NOT SPECIFIED,Customer#000002459,HOUSEHOLD,FRANCE,EUROPE
775494,1992-01-10,247757.79,F,1-URGENT,Customer#000042019,HOUSEHOLD,UNITED KINGDOM,EUROPE
5041926,1992-01-10,74805.43,F,5-LOW,Customer#000129002,FURNITURE,MOROCCO,AFRICA
764869,1992-01-10,170002.53,F,4-NOT SPECIFIED,Customer#000032920,BUILDING,INDIA,ASIA
5743040,1992-01-10,99115.28,F,1-URGENT,Customer#000095042,AUTOMOBILE,BRAZIL,AMERICA
631907,1992-01-10,96555.83,F,3-MEDIUM,Customer#000079184,BUILDING,FRANCE,EUROPE
2316900,1992-01-10,84918.19,F,3-MEDIUM,Customer#000039040,MACHINERY,JAPAN,ASIA
1089123,1992-01-10,212405.45,F,2-HIGH,Customer#000025109,MACHINERY,JORDAN,MIDDLE EAST
4698278,1992-01-10,271789.11,F,4-NOT SPECIFIED,Customer#000063811,HOUSEHOLD,IRAN,MIDDLE EAST
4769632,1992-01-10,105438.59,F,3-MEDIUM,Customer#000008848,BUILDING,JORDAN,MIDDLE EAST
4782116,1992-01-10,75129.29,F,2-HIGH,Customer#000085270,AUTOMOBILE,JORDAN,MIDDLE EAST
4319588,1992-01-10,59626.35,F,5-LOW,Customer#000140014,FURNITURE,FRANCE,EUROPE
4388769,1992-01-10,128034.89,F,2-HIGH,Customer#000125794,MACHINERY,CANADA,AMERICA
4249315,1992-01-10,216068.55,F,5-LOW,Customer#000002731,AUTOMOBILE,MOROCCO,AFRICA
4725863,1992-01-10,18394.88,F,3-MEDIUM,Customer#000059906,HOUSEHOLD,KENYA,AFRICA
4592130,1992-01-10,60175.59,F,1-URGENT,Customer#000133945,HOUSEHOLD,MOROCCO,AFRICA
4658023,1992-01-10,123135.81,F,3-MEDIUM,Customer#000081940,FURNITURE,BRAZIL,AMERICA
764609,1992-01-10,194750.63,F,4-NOT SPECIFIED,Customer#000016349,AUTOMOBILE,KENYA,AFRICA
4619015,1992-01-10,19988.64,F,5-LOW,Customer#000035033,FURNITURE,FRANCE,EUROPE
4497253,1992-01-10,121516.82,F,2-HIGH,Customer#000134686,MACHINERY,BRAZIL,AMERICA
4403911,1992-01-10,112909.95,F,1-URGENT,Customer#000046852,BUILDING,PERU,AMERICA
4288709,1992-01-10,107790.49,F,2-HIGH,Customer#000077516,MACHINERY,MOZAMBIQUE,AFRICA
4695648,1992-01-10,121049.68,F,1-URGENT,Customer#000114292,BUILDING,EGYPT,MIDDLE EAST
4570182,1992-01-10,6960.55,F,5-LOW,Customer#000116233,BUILDING,SAUDI ARABIA,MIDDLE EAST
4792065,1992-01-10,86437.89,F,2-HIGH,Customer#000004996,MACHINERY,IRAN,MIDDLE EAST
4543205,1992-01-10,233065.67,F,5-LOW,Customer#000031340,FURNITURE,IRAQ,MIDDLE EAST
4665063,1992-01-10,244467.02,F,5-LOW,Customer#000085855,FURNITURE,UNITED KINGDOM,EUROPE
684997,1992-01-10,26038.62,F,2-HIGH,Customer#000138511,FURNITURE,MOZAMBIQUE,AFRICA
4543779,1992-01-10,290192.95,F,4-NOT SPECIFIED,Customer#000041458,MACHINERY,UNITED STATES,AMERICA
4492800,1992-01-10,97179.09,F,3-MEDIUM,Customer#000012839,MACHINERY,JAPAN,ASIA
4544103,1992-01-10,136390.53,F,5-LOW,Customer#000107525,HOUSEHOLD,VIETNAM,ASIA
4548992,1992-01-10,90530.36,F,3-MEDIUM,Customer#000051667,FURNITURE,INDONESIA,ASIA
4607204,1992-01-10,225703.42,F,4-NOT SPECIFIED,Customer#000142630,BUILDING,ETHIOPIA,AFRICA
4563235,1992-01-10,206586.52,F,4-NOT SPECIFIED,Customer#000039502,MACHINERY,BRAZIL,AMERICA
4332612,1992-01-10,39230.50,F,5-LOW,Customer#000106514,BUILDING,MOROCCO,AFRICA
1085031,1992-01-10,33658.47,F,3-MEDIUM,Customer#000058192,BUILDING,ETHIOPIA,AFRICA
4702183,1992-01-10,151339.30,F,5-LOW,Customer#000063800,AUTOMOBILE,IRAN,MIDDLE EAST
4649696,1992-01-10,103858.09,F,4-NOT SPECIFIED,Customer#000135071,AUTOMOBILE,MOROCCO,AFRICA
4257860,1992-01-10,259994.40,F,5-LOW,Customer#000124222,MACHINERY,INDONESIA,ASIA
739075,1992-01-10,154947.14,F,5-LOW,Customer#000025060,HOUSEHOLD,INDONESIA,ASIA
4277380,1992-01-10,275549.38,F,1-URGENT,Customer#000091106,AUTOMOBILE,UNITED KINGDOM,EUROPE
4744038,1992-01-10,200998.19,F,4-NOT SPECIFIED,Customer#000015602,FURNITURE,EGYPT,MIDDLE EAST
4605415,1992-01-10,255896.66,F,1-URGENT,Customer#000099013,AUTOMOBILE,INDONESIA,ASIA
4611655,1992-01-10,133226.26,F,1-URGENT,Customer#000119767,AUTOMOBILE,RUSSIA,EUROPE
4553031,1992-01-10,220857.79,F,4-NOT SPECIFIED,Customer#000100441,FURNITURE,INDONESIA,ASIA
4503236,1992-01-10,213291.47,F,1-URGENT,Customer#000136033,MACHINERY,EGYPT,MIDDLE EAST
4532967,1992-01-10,274459.06,F,5-LOW,Customer#000058817,AUTOMOBILE,GERMANY,EUROPE
4437442,1992-01-10,344550.58,F,3-MEDIUM,Customer#000024518,HOUSEHOLD,UNITED STATES,AMERICA
4464004,1992-01-10,104560.25,F,3-MEDIUM,Customer#000098639,AUTOMOBILE,ALGERIA,AFRICA
4747620,1992-01-10,40293.72,F,5-LOW,Customer#000095080,MACHINERY,SAUDI ARABIA,MIDDLE EAST
653925,1992-01-10,155472.46,F,5-LOW,Customer#000131656,HOUSEHOLD,ETHIOPIA,AFRICA
4794662,1992-01-10,146322.57,F,4-NOT SPECIFIED,Customer#000127061,AUTOMOBILE,MOZAMBIQUE,AFRICA
711904,1992-01-10,83008.91,F,1-URGENT,Customer#000067871,MACHINERY,PERU,AMERICA
4635169,1992-01-10,92980.72,F,5-LOW,Customer#000090031,MACHINERY,SAUDI ARABIA,MIDDLE EAST
4736199,1992-01-10,103469.53,F,5-LOW,Customer#000109132,AUTOMOBILE,ROMANIA,EUROPE
4361031,1992-01-10,100902.07,F,3-MEDIUM,Customer#000079177,FURNITURE,CHINA,ASIA
4434083,1992-01-10,52521.95,F,5-LOW,Customer#000138181,BUILDING,BRAZIL,AMERICA
4267047,1992-01-10,10287.36,F,5-LOW,Customer#000101572,HOUSEHOLD,UNITED STATES,AMERICA
4526276,1992-01-10,163133.18,F,3-MEDIUM,Customer#000021029,BUILDING,UNITED KINGDOM,EUROPE
2347203,1992-01-10,117413.58,F,4-NOT SPECIFIED,Customer#000137288,BUILDING,ALGERIA,AFRICA
980003,1992-01-10,68242.53,F,2-HIGH,Customer#000118108,HOUSEHOLD,VIETNAM,ASIA
1197894,1992-01-10,97965.54,F,1-URGENT,Customer#000132452,FURNITURE,RUSSIA,EUROPE
666630,1992-01-10,303470.72,F,3-MEDIUM,Customer#000022565,FURNITURE,EGYPT,MIDDLE EAST
4976449,1992-01-10,118946.29,F,1-URGENT,Customer#000105742,FURNITURE,CHINA,ASIA
5347617,1992-01-10,164277.02,F,3-MEDIUM,Customer#000145573,FURNITURE,JAPAN,ASIA
5509888,1992-01-10,6301.70,F,5-LOW,Customer#000047245,FURNITURE,BRAZIL,AMERICA
5814692,1992-01-10,52036.99,F,3-MEDIUM,Customer#000116876,AUTOMOBILE,PERU,AMERICA
772385,1992-01-10,130154.92,F,1-URGENT,Customer#000102590,HOUSEHOLD,RUSSIA,EUROPE
5890822,1992-01-10,247897.97,F,4-NOT SPECIFIED,Customer#000149690,MACHINERY,JORDAN,MIDDLE EAST
5462467,1992-01-10,236529.17,F,2-HIGH,Customer#000065032,FURNITURE,INDONESIA,ASIA
5617955,1992-01-10,220625.44,F,2-HIGH,Customer#000075713,AUTOMOBILE,MOROCCO,AFRICA
4820129,1992-01-10,149127.31,F,4-NOT SPECIFIED,Customer#000139732,HOUSEHOLD,ALGERIA,AFRICA
5211200,1992-01-10,246857.83,F,5-LOW,Customer#000144400,FURNITURE,UNITED KINGDOM,EUROPE
5829888,1992-01-10,232421.43,F,2-HIGH,Customer#000132287,FURNITURE,CANADA,AMERICA
2054465,1992-01-10,400651.86,F,1-URGENT,Customer#000146194,MACHINERY,GERMANY,EUROPE
5916387,1992-01-10,199710.24,F,4-NOT SPECIFIED,Customer#000027668,BUILDING,JAPAN,ASIA
5085795,1992-01-10,167685.09,F,4-NOT SPECIFIED,Customer#000015160,AUTOMOBILE,IRAQ,MIDDLE EAST
4810277,1992-01-10,151189.27,F,2-HIGH,Customer#000103717,AUTOMOBILE,IRAN,MIDDLE EAST
4917222,1992-01-10,153042.41,F,4-NOT SPECIFIED,Customer#000077762,BUILDING,KENYA,AFRICA
5367011,1992-01-10,211320.80,F,3-MEDIUM,Customer#000051109,FURNITURE,RUSSIA,EUROPE
4895013,1992-01-10,176902.32,F,2-HIGH,Customer#000084230,HOUSEHOLD,ALGERIA,AFRICA
5738596,1992-01-10,189640.74,F,1-URGENT,Customer#000029933,FURNITURE,JAPAN,ASIA
5371366,1992-01-10,55585.77,F,5-LOW,Customer#000066766,BUILDING,SAUDI ARABIA,MIDDLE EAST
4969857,1992-01-10,70715.30,F,3-MEDIUM,Customer#000063323,AUTOMOBILE,EGYPT,MIDDLE EAST
5720549,1992-01-10,60399.31,F,5-LOW,Customer#000017152,BUILDING,MOZAMBIQUE,AFRICA
5687971,1992-01-10,33227.33,F,5-LOW,Customer#000061063,HOUSEHOLD,SAUDI ARABIA,MIDDLE EAST
5872194,1992-01-10,64769.76,F,3-MEDIUM,Customer#000149206,MACHINERY,INDONESIA,ASIA
5392097,1992-01-10,153500.75,F,4-NOT SPECIFIED,Customer#000024209,HOUSEHOLD,CHINA,ASIA
5820672,1992-01-10,62287.37,F,2-HIGH,Customer#000129542,AUTOMOBILE,UNITED KINGDOM,EUROPE
5025254,1992-01-10,292237.98,F,2-HIGH,Customer#000114710,HOUSEHOLD,INDIA,ASIA
5268133,1992-01-10,50713.26,F,3-MEDIUM,Customer#000091576,HOUSEHOLD,PERU,AMERICA
5626592,1992-01-10,223735.25,F,1-URGENT,Customer#000003232,FURNITURE,KENYA,AFRICA
4869056,1992-01-10,96109.53,F,5-LOW,Customer#000083011,FURNITURE,GERMANY,EUROPE
5275680,1992-01-10,167768.17,F,1-URGENT,Customer#000098942,HOUSEHOLD,KENYA,AFRICA
5488833,1992-01-10,62735.17,F,1-URGENT,Customer#000132688,MACHINERY,GERMANY,EUROPE
5536132,1992-01-10,92402.98,F,1-URGENT,Customer#000051832,HOUSEHOLD,INDONESIA,ASIA
5585828,1992-01-10,249788.00,F,5-LOW,Customer#000014152,MACHINERY,ETHIOPIA,AFRICA
5860583,1992-01-10,207656.34,F,2-HIGH,Customer#000131047,HOUSEHOLD,FRANCE,EUROPE
5090017,1992-01-10,194918.76,F,3-MEDIUM,Customer#000019007,AUTOMOBILE,KENYA,AFRICA
5817219,1992-01-10,52898.32,F,4-NOT SPECIFIED,Customer#000097378,FURNITURE,PERU,AMERICA
5060803,1992-01-10,196896.17,F,5-LOW,Customer#000082562,MACHINERY,FRANCE,EUROPE
731143,1992-01-10,329039.55,F,4-NOT SPECIFIED,Customer#000096229,MACHINERY,BRAZIL,AMERICA
5021412,1992-01-10,274514.75,F,2-HIGH,Customer#000069235,HOUSEHOLD,ARGENTINA,AMERICA
627203,1992-01-10,182031.79,F,5-LOW,Customer#000094696,FURNITURE,ALGERIA,AFRICA
1081861,1992-01-10,219657.60,F,2-HIGH,Customer#000092039,AUTOMOBILE,FRANCE,EUROPE
697670,1992-01-10,92590.81,F,3-MEDIUM,Customer#000028045,AUTOMOBILE,IRAN,MIDDLE EAST
764419,1992-01-10,199850.32,F,3-MEDIUM,Customer#000134149,MACHINERY,CHINA,ASIA
5323559,1992-01-10,242647.35,F,2-HIGH,Customer#000122557,HOUSEHOLD,ARGENTINA,AMERICA
5143553,1992-01-10,231927.11,F,3-MEDIUM,Customer#000093559,MACHINERY,UNITED STATES,AMERICA
5619268,1992-01-10,203730.67,F,2-HIGH,Customer#000008164,AUTOMOBILE,IRAQ,MIDDLE EAST
5994055,1992-01-10,97996.58,F,2-HIGH,Customer#000091793,MACHINERY,INDIA,ASIA
957446,1992-01-10,66276.98,F,4-NOT SPECIFIED,Customer#000073057,BUILDING,MOROCCO,AFRICA
5654406,1992-01-10,110166.90,F,2-HIGH,Customer#000014866,MACHINERY,RUSSIA,EUROPE
5133827,1992-01-10,116993.42,F,2-HIGH,Customer#000142925,HOUSEHOLD,ROMANIA,EUROPE
5342560,1992-01-10,160830.27,F,3-MEDIUM,Customer#000106834,FURNITURE,VIETNAM,ASIA
5666244,1992-01-10,68517.81,F,3-MEDIUM,Customer#000099239,FURNITURE,VIETNAM,ASIA
5078948,1992-01-10,139150.24,F,4-NOT SPECIFIED,Customer#000037327,MACHINERY,INDONESIA,ASIA
5417795,1992-01-10,176717.45,F,2-HIGH,Customer#000060310,BUILDING,MOZAMBIQUE,AFRICA
5982948,1992-01-10,106033.38,F,5-LOW,Customer#000040381,HOUSEHOLD,GERMANY,EUROPE
1123843,1992-01-10,144383.46,F,4-NOT SPECIFIED,Customer#000145277,FURNITURE,MOROCCO,AFRICA
1178497,1992-01-10,150888.20,F,2-HIGH,Customer#000008398,FURNITURE,BRAZIL,AMERICA
805184,1992-01-10,147743.67,F,3-MEDIUM,Customer#000075079,AUTOMOBILE,UNITED STATES,AMERICA
5452451,1992-01-10,138971.53,F,3-MEDIUM,Customer#000063682,FURNITURE,CHINA,ASIA
4034502,1992-01-10,179009.83,F,1-URGENT,Customer#000139495,BUILDING,ARGENTINA,AMERICA
2169633,1992-01-10,306150.43,F,2-HIGH,Customer#000046828,HOUSEHOLD,INDIA,ASIA
2264576,1992-01-10,76219.98,F,5-LOW,Customer#000005692,BUILDING,INDIA,ASIA
976679,1992-01-10,25070.58,F,3-MEDIUM,Customer#000030040,MACHINERY,CHINA,ASIA
2888102,1992-01-10,163829.55,F,5-LOW,Customer#000131249,MACHINERY,VIETNAM,ASIA
730789,1992-01-10,38655.54,F,4-NOT SPECIFIED,Customer#000055603,AUTOMOBILE,PERU,AMERICA
2749347,1992-01-10,199549.14,F,3-MEDIUM,Customer#000088124,AUTOMOBILE,PERU,AMERICA
4509668,1992-01-10,118724.25,F,4-NOT SPECIFIED,Customer#000143098,MACHINERY,EGYPT,MIDDLE EAST
957795,1992-01-10,18865.63,F,5-LOW,Customer#000144310,HOUSEHOLD,KENYA,AFRICA
4648449,1992-01-10,35056.13,F,2-HIGH,Customer#000000568,BUILDING,JORDAN,MIDDLE EAST
4333060,1992-01-10,321122.44,F,5-LOW,Customer#000059417,MACHINERY,MOROCCO,AFRICA
4343141,1992-01-10,223415.60,F,2-HIGH,Customer#000147893,FURNITURE,ALGERIA,AFRICA
730241,1992-01-10,65817.92,F,2-HIGH,Customer#000149779,FURNITURE,JORDAN,MIDDLE EAST
4778501,1992-01-10,100727.04,F,1-URGENT,Customer#000042497,FURNITURE,IRAQ,MIDDLE EAST
4634406,1992-01-10,174455.18,F,2-HIGH,Customer#000030367,FURNITURE,ETHIOPIA,AFRICA
3024167,1992-01-10,72189.43,F,5-LOW,Customer#000043511,BUILDING,GERMANY,EUROPE
4702917,1992-01-10,94104.93,F,5-LOW,Customer#000089621,MACHINERY,ARGENTINA,AMERICA
3132001,1992-01-10,308281.69,F,3-MEDIUM,Customer#000064769,MACHINERY,INDIA,ASIA
3044611,1992-01-10,280396.01,F,2-HIGH,Customer#000080656,AUTOMOBILE,JORDAN,MIDDLE EAST
3587969,1992-01-10,182830.53,F,5-LOW,Customer#000110980,BUILDING,GERMANY,EUROPE
3029760,1992-01-10,68732.47,F,4-NOT SPECIFIED,Customer#000141043,FURNITURE,UNITED STATES,AMERICA
3568610,1992-01-10,215282.49,F,5-LOW,Customer#000006325,MACHINERY,KENYA,AFRICA
4451845,1992-01-10,184362.19,F,2-HIGH,Customer#000037754,MACHINERY,UNITED KINGDOM,EUROPE
3089861,1992-01-10,154278.44,F,1-URGENT,Customer#000127630,FURNITURE,ETHIOPIA,AFRICA
3143494,1992-01-10,53531.60,F,3-MEDIUM,Customer#000071137,FURNITURE,FRANCE,EUROPE
4707553,1992-01-10,343564.26,F,2-HIGH,Customer#000105490,FURNITURE,KENYA,AFRICA
229025,1992-01-10,185322.68,F,2-HIGH,Customer#000098287,FURNITURE,ETHIOPIA,AFRICA
4604161,1992-01-10,251172.10,F,2-HIGH,Customer#000081241,HOUSEHOLD,GERMANY,EUROPE
62883,1992-01-10,200157.55,F,2-HIGH,Customer#000088123,BUILDING,PERU,AMERICA
324230,1992-01-10,151363.55,F,1-URGENT,Customer#000013747,MACHINERY,CHINA,ASIA
285767,1992-01-10,235607.44,F,3-MEDIUM,Customer#000072943,FURNITURE,JORDAN,MIDDLE EAST
4919269,1992-01-10,123849.39,F,2-HIGH,Customer#000032785,MACHINERY,FRANCE,EUROPE
5943712,1992-01-10,198610.12,F,1-URGENT,Customer#000049171,MACHINERY,IRAQ,MIDDLE EAST
5203301,1992-01-10,20263.84,F,1-URGENT,Customer#000019822,FURNITURE,JORDAN,MIDDLE EAST
5545574,1992-01-10,138770.28,F,4-NOT SPECIFIED,Customer#000002303,FURNITURE,ALGERIA,AFRICA
4850502,1992-01-10,237353.03,F,3-MEDIUM,Customer#000003595,FURNITURE,BRAZIL,AMERICA
5192037,1992-01-10,163057.30,F,1-URGENT,Customer#000069202,AUTOMOBILE,JAPAN,ASIA
5076519,1992-01-10,149778.92,F,3-MEDIUM,Customer#000023717,HOUSEHOLD,RUSSIA,EUROPE
119456,1992-01-10,283644.49,F,4-NOT SPECIFIED,Customer#000089285,AUTOMOBILE,MOROCCO,AFRICA
5528961,1992-01-10,291495.72,F,2-HIGH,Customer#000051664,HOUSEHOLD,ARGENTINA,AMERICA
5725799,1992-01-10,194772.46,F,1-URGENT,Customer#000015169,BUILDING,RUSSIA,EUROPE
5136454,1992-01-10,17140.97,F,1-URGENT,Customer#000076363,FURNITURE,ALGERIA,AFRICA
4904896,1992-01-10,158035.26,F,1-URGENT,Customer#000005131,FURNITURE,ROMANIA,EUROPE
5003044,1992-01-10,47453.05,F,5-LOW,Customer#000030634,MACHINERY,FRANCE,EUROPE
4960544,1992-01-10,18626.86,F,4-NOT SPECIFIED,Customer#000134173,MACHINERY,GERMANY,EUROPE
5701733,1992-01-10,193686.49,F,1-URGENT,Customer#000129319,FURNITURE,INDIA,ASIA
128422,1992-01-10,178217.63,F,5-LOW,Customer#000083591,HOUSEHOLD,ARGENTINA,AMERICA
206437,1992-01-10,86407.39,F,4-NOT SPECIFIED,Customer#000027262,MACHINERY,CANADA,AMERICA
5834690,1992-01-10,116097.04,F,4-NOT SPECIFIED,Customer#000021904,FURNITURE,UNITED STATES,AMERICA
5879781,1992-01-10,163829.73,F,2-HIGH,Customer#000100969,HOUSEHOLD,JORDAN,MIDDLE EAST
4817440,1992-01-10,93814.22,F,1-URGENT,Customer#000096337,AUTOMOBILE,IRAQ,MIDDLE EAST
5734786,1992-01-10,130689.24,F,2-HIGH,Customer#000111764,BUILDING,ROMANIA,EUROPE
5874339,1992-01-10,10053.01,F,1-URGENT,Customer#000121396,FURNITURE,MOZAMBIQUE,AFRICA
4942245,1992-01-10,269024.74,F,2-HIGH,Customer#000106954,HOUSEHOLD,ARGENTINA,AMERICA
5678565,1992-01-10,56504.11,F,1-URGENT,Customer#000016814,BUILDING,CHINA,ASIA
5950016,1992-01-10,167432.33,F,2-HIGH,Customer#000139763,HOUSEHOLD,MOZAMBIQUE,AFRICA
5118944,1992-01-10,78625.28,F,4-NOT SPECIFIED,Customer#000007988,AUTOMOBILE,RUSSIA,EUROPE
5000355,1992-01-10,59091.59,F,3-MEDIUM,Customer#000066955,HOUSEHOLD,INDONESIA,ASIA
5682818,1992-01-10,266180.69,F,1-URGENT,Customer#000049015,AUTOMOBILE,ARGENTINA,AMERICA
5585985,1992-01-10,203625.31,F,4-NOT SPECIFIED,Customer#000089984,AUTOMOBILE,CANADA,AMERICA
571203,1992-01-10,258912.05,F,4-NOT SPECIFIED,Customer#000076297,FURNITURE,ARGENTINA,AMERICA
5453889,1992-01-10,70501.68,F,4-NOT SPECIFIED,Customer#000002683,MACHINERY,SAUDI ARABIA,MIDDLE EAST
5294631,1992-01-10,206087.53,F,2-HIGH,Customer#000007994,MACHINERY,BRAZIL,AMERICA
468801,1992-01-10,89879.85,F,3-MEDIUM,Customer#000114203,MACHINERY,IRAQ,MIDDLE EAST
558757,1992-01-10,130215.19,F,4-NOT SPECIFIED,Customer#000012671,HOUSEHOLD,UNITED STATES,AMERICA
442338,1992-01-10,6454.17,F,5-LOW,Customer#000008236,HOUSEHOLD,GERMANY,EUROPE
118628,1992-01-10,74744.46,F,2-HIGH,Customer#000078233,AUTOMOBILE,ROMANIA,EUROPE
5704385,1992-01-10,277202.87,F,1-URGENT,Customer#000096532,AUTOMOBILE,INDONESIA,ASIA
5381862,1992-01-10,280384.80,F,4-NOT SPECIFIED,Customer#000112739,MACHINERY,ETHIOPIA,AFRICA
361314,1992-01-10,219508.56,F,1-URGENT,Customer#000092374,FURNITURE,JAPAN,ASIA
114883,1992-01-10,337243.91,F,1-URGENT,Customer#000086650,MACHINERY,MOZAMBIQUE,AFRICA
14820,1992-01-10,133070.10,F,2-HIGH,Customer#000113462,HOUSEHOLD,JAPAN,ASIA
533829,1992-01-10,267889.74,F,4-NOT SPECIFIED,Customer#000116396,AUTOMOBILE,KENYA,AFRICA
503492,1992-01-10,154751.60,F,5-LOW,Customer#000020116,MACHINERY,INDONESIA,ASIA
5968038,1992-01-10,213926.53,F,2-HIGH,Customer#000032227,BUILDING,KENYA,AFRICA
85383,1992-01-10,92145.28,F,5-LOW,Customer#000104818,BUILDING,GERMANY,EUROPE
144741,1992-01-10,89052.14,F,2-HIGH,Customer#000053650,BUILDING,FRANCE,EUROPE
357382,1992-01-10,54431.95,F,4-NOT SPECIFIED,Customer#000120185,MACHINERY,JORDAN,MIDDLE EAST
209957,1992-01-10,215712.76,F,1-URGENT,Customer#000008899,AUTOMOBILE,ROMANIA,EUROPE
5984231,1992-01-10,100469.97,F,2-HIGH,Customer#000073124,MACHINERY,INDONESIA,ASIA
390113,1992-01-10,209174.69,F,5-LOW,Customer#000055231,HOUSEHOLD,IRAQ,MIDDLE EAST
58915,1992-01-10,121245.33,F,4-NOT SPECIFIED,Customer#000103627,BUILDING,RUSSIA,EUROPE
541796,1992-01-10,169010.62,F,2-HIGH,Customer#000030229,HOUSEHOLD,MOZAMBIQUE,AFRICA
376068,1992-01-10,29869.63,F,3-MEDIUM,Customer#000107141,BUILDING,IRAN,MIDDLE EAST
536100,1992-01-10,134683.51,F,3-MEDIUM,Customer#000123805,FURNITURE,IRAN,MIDDLE EAST
306950,1992-01-10,151827.37,F,1-URGENT,Customer#000129437,MACHINERY,IRAN,MIDDLE EAST
114275,1992-01-10,129827.79,F,2-HIGH,Customer#000027949,AUTOMOBILE,ROMANIA,EUROPE
1888448,1992-01-10,305722.36,F,1-URGENT,Customer#000076318,AUTOMOBILE,KENYA,AFRICA
227047,1992-01-10,184708.27,F,3-MEDIUM,Customer#000069617,MACHINERY,IRAQ,MIDDLE EAST
378400,1992-01-10,98505.13,F,1-URGENT,Customer#000006938,HOUSEHOLD,MOROCCO,AFRICA
467941,1992-01-10,58021.22,F,1-URGENT,Customer#000040294,AUTOMOBILE,JAPAN,ASIA
3744,1992-01-10,55911.15,F,3-MEDIUM,Customer#000064267,MACHINERY,IRAQ,MIDDLE EAST
431077,1992-01-10,140641.81,F,2-HIGH,Customer#000054679,BUILDING,ROMANIA,EUROPE
262433,1992-01-10,7437.31,F,4-NOT SPECIFIED,Customer#000008242,AUTOMOBILE,ETHIOPIA,AFRICA
99713,1992-01-10,129894.15,F,4-NOT SPECIFIED,Customer#000084992,AUTOMOBILE,CANADA,AMERICA
467552,1992-01-10,31817.21,F,4-NOT SPECIFIED,Customer#000043783,MACHINERY,RUSSIA,EUROPE
3786625,1992-01-10,36119.81,F,1-URGENT,Customer#000121810,MACHINERY,KENYA,AFRICA
5765857,1992-01-10,56072.28,F,1-URGENT,Customer#000130787,BUILDING,BRAZIL,AMERICA
1510119,1992-01-10,318446.67,F,2-HIGH,Customer#000057811,AUTOMOBILE,UNITED STATES,AMERICA
475168,1992-01-10,143175.94,F,5-LOW,Customer#000137116,BUILDING,MOROCCO,AFRICA
113348,1992-01-10,252384.81,F,5-LOW,Customer#000051338,MACHINERY,CANADA,AMERICA
1386528,1992-01-10,162520.75,F,3-MEDIUM,Customer#000143440,HOUSEHOLD,PERU,AMERICA
395269,1992-01-10,64011.36,F,2-HIGH,Customer#000009422,BUILDING,UNITED KINGDOM,EUROPE
1402658,1992-01-10,238141.99,F,2-HIGH,Customer#000119326,HOUSEHOLD,CANADA,AMERICA
1443941,1992-01-10,243069.94,F,3-MEDIUM,Customer#000112519,HOUSEHOLD,UNITED KINGDOM,EUROPE
1548545,1992-01-10,57537.19,F,3-MEDIUM,Customer#000082885,HOUSEHOLD,PERU,AMERICA
285702,1992-01-10,168669.32,F,1-URGENT,Customer#000089231,HOUSEHOLD,ETHIOPIA,AFRICA
318562,1992-01-10,175196.40,F,4-NOT SPECIFIED,Customer#000047534,AUTOMOBILE,ALGERIA,AFRICA
1754534,1992-01-10,193286.50,F,4-NOT SPECIFIED,Customer#000106178,MACHINERY,KENYA,AFRICA
4069991,1992-01-10,24450.57,F,1-URGENT,Customer#000061948,BUILDING,EGYPT,MIDDLE EAST
1317763,1992-01-10,180378.64,F,2-HIGH,Customer#000143665,BUILDING,CHINA,ASIA
3997761,1992-01-10,23452.08,F,1-URGENT,Customer#000122977,HOUSEHOLD,JAPAN,ASIA
589219,1992-01-10,126915.79,F,4-NOT SPECIFIED,Customer#000149020,AUTOMOBILE,ROMANIA,EUROPE
276961,1992-01-10,178923.77,F,2-HIGH,Customer#000138091,BUILDING,MOROCCO,AFRICA
4147717,1992-01-10,389075.37,F,4-NOT SPECIFIED,Customer#000128791,FURNITURE,ARGENTINA,AMERICA
4048133,1992-01-10,184245.31,F,5-LOW,Customer#000034939,HOUSEHOLD,RUSSIA,EUROPE
4152867,1992-01-10,195372.19,F,5-LOW,Customer#000014765,HOUSEHOLD,JAPAN,ASIA
1784160,1992-01-10,160407.20,F,5-LOW,Customer#000100715,HOUSEHOLD,MOZAMBIQUE,AFRICA
1270213,1992-01-10,102531.65,F,2-HIGH,Customer#000055882,MACHINERY,MOROCCO,AFRICA
1341859,1992-01-10,109764.69,F,3-MEDIUM,Customer#000135778,MACHINERY,MOROCCO,AFRICA
471138,1992-01-10,220520.54,F,3-MEDIUM,Customer#000010582,BUILDING,PERU,AMERICA
303873,1992-01-10,94278.84,F,2-HIGH,Customer#000121564,BUILDING,JORDAN,MIDDLE EAST
3699846,1992-01-10,23163.32,F,5-LOW,Customer#000008258,BUILDING,JORDAN,MIDDLE EAST
1240229,1992-01-10,266270.66,F,3-MEDIUM,Customer#000111395,FURNITURE,IRAQ,MIDDLE EAST
1596868,1992-01-10,188013.66,F,1-URGENT,Customer#000143981,BUILDING,IRAQ,MIDDLE EAST
48704,1992-01-10,241832.30,F,2-HIGH,Customer#000019555,AUTOMOBILE,UNITED STATES,AMERICA
18180,1992-01-10,51445.78,F,2-HIGH,Customer#000100441,FURNITURE,INDONESIA,ASIA
365281,1992-01-10,50044.08,F,1-URGENT,Customer#000131431,HOUSEHOLD,IRAQ,MIDDLE EAST
1400066,1992-01-10,132344.77,F,1-URGENT,Customer#000085715,AUTOMOBILE,MOROCCO,AFRICA
1244323,1992-01-10,137579.48,F,1-URGENT,Customer#000139174,MACHINERY,ROMANIA,EUROPE
4010148,1992-01-10,223891.27,F,3-MEDIUM,Customer#000105017,MACHINERY,PERU,AMERICA
4134144,1992-01-10,172626.03,F,4-NOT SPECIFIED,Customer#000081548,BUILDING,UNITED KINGDOM,EUROPE
3933505,1992-01-10,42501.99,F,1-URGENT,Customer#000084238,AUTOMOBILE,INDONESIA,ASIA
4069063,1992-01-10,70383.72,F,1-URGENT,Customer#000119230,BUILDING,VIETNAM,ASIA
4116706,1992-01-10,124409.15,F,4-NOT SPECIFIED,Customer#000126508,AUTOMOBILE,ALGERIA,AFRICA
138979,1992-01-10,25978.44,F,2-HIGH,Customer#000055493,BUILDING,INDIA,ASIA
1417186,1992-01-10,3883.36,F,4-NOT SPECIFIED,Customer#000000881,FURNITURE,EGYPT,MIDDLE EAST
3819041,1992-01-10,232172.27,F,1-URGENT,Customer#000036632,BUILDING,JAPAN,ASIA
3645059,1992-01-10,276694.80,F,3-MEDIUM,Customer#000038974,AUTOMOBILE,CHINA,ASIA
3940615,1992-01-10,82091.30,F,3-MEDIUM,Customer#000019015,MACHINERY,MOROCCO,AFRICA
1228481,1992-01-10,281172.31,F,4-NOT SPECIFIED,Customer#000034846,HOUSEHOLD,KENYA,AFRICA
3918850,1992-01-10,49545.99,F,3-MEDIUM,Customer#000074035,AUTOMOBILE,CHINA,ASIA
1292386,1992-01-10,129177.91,F,4-NOT SPECIFIED,Customer#000037627,AUTOMOBILE,UNITED STATES,AMERICA
95558,1992-01-10,77031.73,F,2-HIGH,Customer#000107198,AUTOMOBILE,IRAQ,MIDDLE EAST
1750791,1992-01-10,106675.64,F,4-NOT SPECIFIED,Customer#000011371,FURNITURE,CHINA,ASIA
1370182,1992-01-10,6334.33,F,2-HIGH,Customer#000100766,HOUSEHOLD,CANADA,AMERICA
1380320,1992-01-10,291904.21,F,5-LOW,Customer#000114208,FURNITURE,PERU,AMERICA
3837345,1992-01-10,77276.05,F,5-LOW,Customer#000013555,HOUSEHOLD,ROMANIA,EUROPE
1378082,1992-01-10,14978.60,F,1-URGENT,Customer#000026947,AUTOMOBILE,EGYPT,MIDDLE EAST
4164704,1992-01-10,103944.43,F,1-URGENT,Customer#000089899,AUTOMOBILE,RUSSIA,EUROPE
3743201,1992-01-10,163781.77,F,1-URGENT,Customer#000134263,FURNITURE,PERU,AMERICA
1747970,1992-01-10,5316.51,F,2-HIGH,Customer#000074239,HOUSEHOLD,GERMANY,EUROPE
3833604,1992-01-10,187867.83,F,1-URGENT,Customer#000026992,MACHINERY,CANADA,AMERICA
1576612,1992-01-10,163729.31,F,1-URGENT,Customer#000147184,FURNITURE,KENYA,AFRICA
3650692,1992-01-10,70525.37,F,3-MEDIUM,Customer#000055660,HOUSEHOLD,CHINA,ASIA
4070787,1992-01-10,58931.72,F,5-LOW,Customer#000001807,MACHINERY,FRANCE,EUROPE
357764,1992-01-10,128734.62,F,3-MEDIUM,Customer#000014821,HOUSEHOLD,EGYPT,MIDDLE EAST
4088583,1992-01-10,163637.96,F,3-MEDIUM,Customer#000096605,MACHINERY,ETHIOPIA,AFRICA
3842529,1992-01-10,52606.85,F,2-HIGH,Customer#000035545,AUTOMOBILE,CHINA,ASIA
3975395,1992-01-10,143843.20,F,1-URGENT,Customer#000062536,AUTOMOBILE,MOZAMBIQUE,AFRICA
1378019,1992-01-10,167701.14,F,5-LOW,Customer#000138569,BUILDING,ARGENTINA,AMERICA
1348423,1992-01-10,282705.89,F,1-URGENT,Customer#000048028,AUTOMOBILE,MOROCCO,AFRICA
1534179,1992-01-10,82432.93,F,1-URGENT,Customer#000071603,AUTOMOBILE,MOZAMBIQUE,AFRICA
3809123,1992-01-10,218385.40,F,1-URGENT,Customer#000015157,FURNITURE,GERMANY,EUROPE
3674407,1992-01-10,106085.36,F,2-HIGH,Customer#000071185,MACHINERY,MOROCCO,AFRICA
1369248,1992-01-10,327012.48,F,2-HIGH,Customer#000034216,MACHINERY,BRAZIL,AMERICA
1749447,1992-01-10,209075.49,F,2-HIGH,Customer#000116500,BUILDING,ARGENTINA,AMERICA
1448067,1992-01-10,87103.85,F,3-MEDIUM,Customer#000004231,AUTOMOBILE,ETHIOPIA,AFRICA
1704068,1992-01-10,85842.20,F,5-LOW,Customer#000112174,HOUSEHOLD,JAPAN,ASIA
1550404,1992-01-10,17950.58,F,3-MEDIUM,Customer#000129037,AUTOMOBILE,FRANCE,EUROPE
4058886,1992-01-10,188968.66,F,4-NOT SPECIFIED,Customer#000043541,FURNITURE,UNITED STATES,AMERICA
3900582,1992-01-10,54103.80,F,1-URGENT,Customer#000147685,BUILDING,CANADA,AMERICA
1274855,1992-01-10,251609.60,F,3-MEDIUM,Customer#000094210,MACHINERY,GERMANY,EUROPE
3824295,1992-01-10,327964.73,F,2-HIGH,Customer#000058651,BUILDING,MOZAMBIQUE,AFRICA
1434982,1992-01-10,235054.66,F,4-NOT SPECIFIED,Customer#000031021,HOUSEHOLD,ETHIOPIA,AFRICA
1652709,1992-01-10,150367.05,F,2-HIGH,Customer#000066283,BUILDING,INDONESIA,ASIA
3977510,1992-01-10,114875.64,F,2-HIGH,Customer#000124126,HOUSEHOLD,SAUDI ARABIA,MIDDLE EAST
3643718,1992-01-10,55961.32,F,2-HIGH,Customer#000111121,MACHINERY,ETHIOPIA,AFRICA
254853,1992-01-10,162549.40,F,4-NOT SPECIFIED,Customer#000082463,BUILDING,RUSSIA,EUROPE
3752160,1992-01-10,202424.94,F,2-HIGH,Customer#000051346,AUTOMOBILE,JORDAN,MIDDLE EAST
4049702,1992-01-10,141555.10,F,5-LOW,Customer#000071698,HOUSEHOLD,INDONESIA,ASIA
3765347,1992-01-10,136354.54,F,4-NOT SPECIFIED,Customer#000084455,FURNITURE,VIETNAM,ASIA
4190631,1992-01-10,178449.20,F,2-HIGH,Customer#000004048,MACHINERY,KENYA,AFRICA
4528322,1992-01-10,43937.78,F,4-NOT SPECIFIED,Customer#000042731,AUTOMOBILE,IRAQ,MIDDLE EAST
5945984,1992-01-10,144178.06,F,2-HIGH,Customer#000035096,FURNITURE,IRAQ,MIDDLE EAST
1626629,1992-01-10,72666.75,F,1-URGENT,Customer#000085588,BUILDING,IRAN,MIDDLE EAST
1377025,1992-01-10,221633.52,F,1-URGENT,Customer#000014080,HOUSEHOLD,RUSSIA,EUROPE
2582115,1992-01-10,127503.74,F,4-NOT SPECIFIED,Customer#000035726,MACHINERY,UNITED KINGDOM,EUROPE
1048768,1992-01-10,57772.75,F,5-LOW,Customer#000020431,HOUSEHOLD,PERU,AMERICA
2591139,1992-01-10,111077.13,F,2-HIGH,Customer#000135277,HOUSEHOLD,EGYPT,MIDDLE EAST
3160064,1992-01-10,17407.87,F,2-HIGH,Customer#000106300,HOUSEHOLD,PERU,AMERICA
2875777,1992-01-10,110866.76,F,3-MEDIUM,Customer#000112448,BUILDING,EGYPT,MIDDLE EAST
2480802,1992-01-10,113343.63,F,3-MEDIUM,Customer#000059671,HOUSEHOLD,CANADA,AMERICA
2936423,1992-01-10,246976.09,F,3-MEDIUM,Customer#000036265,HOUSEHOLD,MOZAMBIQUE,AFRICA
2793284,1992-01-10,224210.28,F,4-NOT SPECIFIED,Customer#000133027,FURNITURE,BRAZIL,AMERICA
2812327,1992-01-10,110936.68,F,5-LOW,Customer#000001567,BUILDING,UNITED STATES,AMERICA
2020164,1992-01-10,80212.19,F,4-NOT SPECIFIED,Customer#000135211,FURNITURE,PERU,AMERICA
1897028,1992-01-10,132547.87,F,4-NOT SPECIFIED,Customer#000126626,FURNITURE,ETHIOPIA,AFRICA
1866150,1992-01-10,205095.10,F,3-MEDIUM,Customer#000000517,FURNITURE,IRAN,MIDDLE EAST
2033699,1992-01-10,123844.00,F,3-MEDIUM,Customer#000095518,BUILDING,IRAQ,MIDDLE EAST
2101379,1992-01-10,171628.26,F,5-LOW,Customer#000076718,HOUSEHOLD,JAPAN,ASIA
1977921,1992-01-10,91565.24,F,2-HIGH,Customer#000104782,AUTOMOBILE,ETHIOPIA,AFRICA
383650,1992-01-10,115734.31,F,5-LOW,Customer#000118067,MACHINERY,SAUDI ARABIA,MIDDLE EAST
565094,1992-01-10,275228.54,F,1-URGENT,Customer#000037997,AUTOMOBILE,SAUDI ARABIA,MIDDLE EAST
529958,1992-01-10,87481.01,F,1-URGENT,Customer#000026560,HOUSEHOLD,INDIA,ASIA
418150,1992-01-10,58936.36,F,4-NOT SPECIFIED,Customer#000023113,MACHINERY,SAUDI ARABIA,MIDDLE EAST
62051,1992-01-10,169609.98,F,1-URGENT,Customer#000036208,FURNITURE,FRANCE,EUROPE
241221,1992-01-10,43758.07,F,4-NOT SPECIFIED,Customer#000142526,FURNITURE,INDONESIA,ASIA
544807,1992-01-10,199088.99,F,4-NOT SPECIFIED,Customer#000121243,AUTOMOBILE,CANADA,AMERICA
547074,1992-01-10,96240.52,F,3-MEDIUM,Customer#000004624,MACHINERY,RUSSIA,EUROPE
524708,1992-01-10,42584.87,F,2-HIGH,Customer#000102926,FURNITURE,INDONESIA,ASIA
517057,1992-01-10,199044.69,F,1-URGENT,Customer#000044123,FURNITURE,FRANCE,EUROPE
155782,1992-01-10,338928.35,F,1-URGENT,Customer#000041218,MACHINERY,ALGERIA,AFRICA
544453,1992-01-10,134792.74,F,5-LOW,Customer#000096778,FURNITURE,ROMANIA,EUROPE
53474,1992-01-10,135607.80,F,4-NOT SPECIFIED,Customer#000011671,MACHINERY,JORDAN,MIDDLE EAST
191939,1992-01-10,31359.07,F,4-NOT SPECIFIED,Customer#000015625,HOUSEHOLD,CHINA,ASIA
462083,1992-01-10,64124.73,F,1-URGENT,Customer#000022687,AUTOMOBILE,ROMANIA,EUROPE
2580101,1992-01-10,213182.49,F,1-URGENT,Customer#000018440,BUILDING,MOZAMBIQUE,AFRICA
230144,1992-01-10,130308.80,F,4-NOT SPECIFIED,Customer#000145481,MACHINERY,VIETNAM,ASIA
334790,1992-01-10,61494.98,F,3-MEDIUM,Customer#000064703,BUILDING,GERMANY,EUROPE
2630055,1992-01-10,349400.76,F,3-MEDIUM,Customer#000115610,MACHINERY,CHINA,ASIA
11296,1992-01-10,401193.73,F,1-URGENT,Customer#000083015,BUILDING,UNITED STATES,AMERICA
51424,1992-01-10,171858.40,F,4-NOT SPECIFIED,Customer#000094769,MACHINERY,RUSSIA,EUROPE
383968,1992-01-10,126231.79,F,1-URGENT,Customer#000046015,AUTOMOBILE,PERU,AMERICA
2817830,1992-01-10,138152.75,F,4-NOT SPECIFIED,Customer#000064903,FURNITURE,RUSSIA,EUROPE
2612997,1992-01-10,194658.07,F,4-NOT SPECIFIED,Customer#000008890,AUTOMOBILE,INDONESIA,ASIA
2725922,1992-01-10,99034.17,F,1-URGENT,Customer#000129721,BUILDING,ETHIOPIA,AFRICA
2784769,1992-01-10,36478.77,F,3-MEDIUM,Customer#000059044,AUTOMOBILE,RUSSIA,EUROPE
2811267,1992-01-10,260836.47,F,2-HIGH,Customer#000012631,AUTOMOBILE,MOZAMBIQUE,AFRICA
2088293,1992-01-10,261410.68,F,1-URGENT,Customer#000143089,MACHINERY,ALGERIA,AFRICA
2865123,1992-01-10,167275.54,F,5-LOW,Customer#000026018,MACHINERY,MOZAMBIQUE,AFRICA
2566342,1992-01-10,183411.37,F,2-HIGH,Customer#000123451,BUILDING,MOZAMBIQUE,AFRICA
2855459,1992-01-10,42246.63,F,5-LOW,Customer#000006685,BUILDING,PERU,AMERICA
2940996,1992-01-10,194942.13,F,3-MEDIUM,Customer#000010912,AUTOMOBILE,EGYPT,MIDDLE EAST
2890214,1992-01-10,225216.50,F,2-HIGH,Customer#000086782,AUTOMOBILE,MOZAMBIQUE,AFRICA
2499043,1992-01-10,305227.45,F,2-HIGH,Customer#000004616,HOUSEHOLD,CANADA,AMERICA
2734469,1992-01-10,53757.88,F,1-URGENT,Customer#000130865,FURNITURE,PERU,AMERICA
2547939,1992-01-10,260836.72,F,1-URGENT,Customer#000038269,FURNITURE,GERMANY,EUROPE
2436225,1992-01-10,4180.42,F,3-MEDIUM,Customer#000104212,AUTOMOBILE,JAPAN,ASIA
2662151,1992-01-10,101440.68,F,2-HIGH,Customer#000064894,AUTOMOBILE,MOROCCO,AFRICA
1135175,1992-01-10,62317.72,F,5-LOW,Customer#000030865,HOUSEHOLD,MOROCCO,AFRICA
251076,1992-01-10,193279.39,F,2-HIGH,Customer#000098854,BUILDING,VIETNAM,ASIA
2980705,1992-01-10,290674.39,F,2-HIGH,Customer#000115582,FURNITURE,ARGENTINA,AMERICA
2775841,1992-01-10,186060.12,F,3-MEDIUM,Customer#000078448,MACHINERY,PERU,AMERICA
1893381,1992-01-10,98894.01,F,2-HIGH,Customer#000111718,AUTOMOBILE,IRAQ,MIDDLE EAST
90439,1992-01-10,84990.70,F,3-MEDIUM,Customer#000115168,MACHINERY,EGYPT,MIDDLE EAST
2647491,1992-01-10,183424.12,F,5-LOW,Customer#000098870,MACHINERY,MOZAMBIQUE,AFRICA
2363939,1992-01-10,107919.17,F,5-LOW,Customer#000040939,MACHINERY,ROMANIA,EUROPE
2299843,1992-01-10,274304.85,F,1-URGENT,Customer#000099101,FURNITURE,SAUDI ARABIA,MIDDLE EAST
2047812,1992-01-10,117086.71,F,1-URGENT,Customer#000112435,BUILDING,RUSSIA,EUROPE
2261538,1992-01-10,219800.01,F,4-NOT SPECIFIED,Customer#000133078,AUTOMOBILE,IRAN,MIDDLE EAST
2135328,1992-01-10,1515.65,F,1-URGENT,Customer#000135320,HOUSEHOLD,KENYA,AFRICA
2365924,1992-01-10,71858.09,F,3-MEDIUM,Customer#000112753,FURNITURE,FRANCE,EUROPE
2163749,1992-01-10,168507.63,F,1-URGENT,Customer#000049111,FURNITURE,JORDAN,MIDDLE EAST
2245701,1992-01-10,229574.77,F,5-LOW,Customer#000067402,BUILDING,VIETNAM,ASIA
2913765,1992-01-10,101760.56,F,1-URGENT,Customer#000003661,FURNITURE,VIETNAM,ASIA
2415719,1992-01-10,291362.74,F,5-LOW,Customer#000105656,HOUSEHOLD,ETHIOPIA,AFRICA
2292291,1992-01-10,81981.78,F,4-NOT SPECIFIED,Customer#000001178,HOUSEHOLD,INDONESIA,ASIA
2991365,1992-01-10,86878.66,F,3-MEDIUM,Customer#000023735,FURNITURE,FRANCE,EUROPE
2448514,1992-01-10,169733.25,F,3-MEDIUM,Customer#000031361,BUILDING,ETHIOPIA,AFRICA
2653538,1992-01-10,83561.69,F,2-HIGH,Customer#000003161,HOUSEHOLD,ARGENTINA,AMERICA
2584325,1992-01-10,141845.95,F,1-URGENT,Customer#000021334,FURNITURE,JAPAN,ASIA
2513318,1992-01-10,173638.88,F,3-MEDIUM,Customer#000094237,AUTOMOBILE,EGYPT,MIDDLE EAST
2979522,1992-01-10,120276.97,F,1-URGENT,Customer#000028798,FURNITURE,UNITED STATES,AMERICA
2702913,1992-01-10,235672.65,F,1-URGENT,Customer#000005788,BUILDING,CHINA,ASIA
2708737,1992-01-10,39249.19,F,2-HIGH,Customer#000065146,BUILDING,ETHIOPIA,AFRICA
2073442,1992-01-10,132891.29,F,3-MEDIUM,Customer#000067990,FURNITURE,MOZAMBIQUE,AFRICA
1988356,1992-01-10,40698.52,F,2-HIGH,Customer#000148174,AUTOMOBILE,SAUDI ARABIA,MIDDLE EAST
2720578,1992-01-10,32458.41,F,1-URGENT,Customer#000134704,AUTOMOBILE,ARGENTINA,AMERICA
2565094,1992-01-10,135201.15,F,5-LOW,Customer#000052000,MACHINERY,SAUDI ARABIA,MIDDLE EAST
2554433,1992-01-10,185839.82,F,1-URGENT,Customer#000121016,MACHINERY,SAUDI ARABIA,MIDDLE EAST
2672199,1992-01-10,278795.74,F,3-MEDIUM,Customer#000020692,HOUSEHOLD,ARGENTINA,AMERICA
2741666,1992-01-10,103126.65,F,5-LOW,Customer#000118820,FURNITURE,SAUDI ARABIA,MIDDLE EAST
2701094,1992-01-10,133737.81,F,2-HIGH,Customer#000024637,HOUSEHOLD,FRANCE,EUROPE
2742786,1992-01-10,232139.21,F,2-HIGH,Customer#000027434,AUTOMOBILE,ROMANIA,EUROPE
2627781,1992-01-10,90333.50,F,3-MEDIUM,Customer#000000706,AUTOMOBILE,ROMANIA,EUROPE
2657923,1992-01-10,220908.50,F,5-LOW,Customer#000037927,AUTOMOBILE,INDIA,ASIA
2943458,1992-01-10,149880.49,F,1-URGENT,Customer#000084550,HOUSEHOLD,FRANCE,EUROPE
2628998,1992-01-10,260961.39,F,1-URGENT,Customer#000063670,FURNITURE,MOZAMBIQUE,AFRICA
2778502,1992-01-10,97866.34,F,3-MEDIUM,Customer#000110359,FURNITURE,CANADA,AMERICA
2423238,1992-01-10,242972.99,F,1-URGENT,Customer#000059737,AUTOMOBILE,IRAQ,MIDDLE EAST
2966276,1992-01-10,96312.31,F,5-LOW,Customer#000016780,BUILDING,UNITED STATES,AMERICA
2510880,1992-01-10,261524.77,F,5-LOW,Customer#000089102,BUILDING,KENYA,AFRICA
2979523,1992-01-10,75195.54,F,4-NOT SPECIFIED,Customer#000096703,HOUSEHOLD,MOZAMBIQUE,AFRICA
2466912,1992-01-10,178196.55,F,2-HIGH,Customer#000139909,HOUSEHOLD,ALGERIA,AFRICA
2463460,1992-01-10,112085.66,F,2-HIGH,Customer#000061910,BUILDING,SAUDI ARABIA,MIDDLE EAST
2752096,1992-01-10,212395.61,F,2-HIGH,Customer#000022598,HOUSEHOLD,SAUDI ARABIA,MIDDLE EAST
2452039,1992-01-10,136697.81,F,5-LOW,Customer#000136666,BUILDING,JAPAN,ASIA
2781157,1992-01-10,46050.17,F,4-NOT SPECIFIED,Customer#000149872,HOUSEHOLD,INDIA,ASIA
1052517,1992-01-10,144944.46,F,5-LOW,Customer#000141499,AUTOMOBILE,IRAQ,MIDDLE EAST
617056,1992-01-10,28489.24,F,5-LOW,Customer#000095645,BUILDING,FRANCE,EUROPE
952261,1992-01-10,294390.95,F,2-HIGH,Customer#000092488,AUTOMOBILE,ETHIOPIA,AFRICA
961377,1992-01-10,107943.98,F,1-URGENT,Customer#000051166,HOUSEHOLD,UNITED STATES,AMERICA
5363271,1992-01-10,235891.24,F,1-URGENT,Customer#000103522,BUILDING,PERU,AMERICA
929862,1992-01-10,110953.82,F,5-LOW,Customer#000139474,FURNITURE,ARGENTINA,AMERICA
1506209,1992-01-10,96901.27,F,5-LOW,Customer#000039941,MACHINERY,ALGERIA,AFRICA
1602018,1992-01-10,271430.65,F,5-LOW,Customer#000074074,HOUSEHOLD,EGYPT,MIDDLE EAST
1722663,1992-01-10,95543.22,F,1-URGENT,Customer#000041360,HOUSEHOLD,PERU,AMERICA
1433925,1992-01-10,120910.82,F,2-HIGH,Customer#000045559,MACHINERY,VIETNAM,ASIA
1312258,1992-01-10,225765.03,F,5-LOW,Customer#000090980,AUTOMOBILE,ETHIOPIA,AFRICA
3764096,1992-01-10,203696.88,F,5-LOW,Customer#000006973,MACHINERY,VIETNAM,ASIA
1247171,1992-01-10,160322.31,F,5-LOW,Customer#000126593,HOUSEHOLD,JORDAN,MIDDLE EAST
4142564,1992-01-10,73240.59,F,4-NOT SPECIFIED,Customer#000054436,BUILDING,JORDAN,MIDDLE EAST
1821763,1992-01-10,277934.75,F,3-MEDIUM,Customer#000040925,MACHINERY,GERMANY,EUROPE
1927524,1992-01-10,103741.99,F,3-MEDIUM,Customer#000013417,HOUSEHOLD,UNITED STATES,AMERICA
2308384,1992-01-10,51866.08,F,2-HIGH,Customer#000025603,BUILDING,IRAN,MIDDLE EAST
1943334,1992-01-10,202068.44,F,2-HIGH,Customer#000100114,FURNITURE,PERU,AMERICA
890466,1992-01-10,213359.16,F,3-MEDIUM,Customer#000077557,FURNITURE,CHINA,ASIA
1415616,1992-01-10,68655.10,F,2-HIGH,Customer#000006302,AUTOMOBILE,IRAQ,MIDDLE EAST
3881058,1992-01-10,62025.26,F,1-URGENT,Customer#000053896,AUTOMOBILE,MOZAMBIQUE,AFRICA
2102182,1992-01-10,16754.56,F,5-LOW,Customer#000079438,AUTOMOBILE,IRAQ,MIDDLE EAST
1301058,1992-01-10,120712.36,F,1-URGENT,Customer#000100867,BUILDING,CHINA,ASIA
4108162,1992-01-10,102150.30,F,5-LOW,Customer#000085852,AUTOMOBILE,ROMANIA,EUROPE
691718,1992-01-10,10340.37,F,1-URGENT,Customer#000049552,FURNITURE,INDIA,ASIA
5280545,1992-01-10,54030.18,F,1-URGENT,Customer#000020495,HOUSEHOLD,MOROCCO,AFRICA
942144,1992-01-10,18577.49,F,4-NOT SPECIFIED,Customer#000043816,BUILDING,IRAQ,MIDDLE EAST
2326467,1992-01-10,225321.51,F,1-URGENT,Customer#000057935,BUILDING,INDONESIA,ASIA
5356231,1992-01-10,48017.09,F,3-MEDIUM,Customer#000143749,MACHINERY,BRAZIL,AMERICA
5628928,1992-01-10,162223.48,F,1-URGENT,Customer#000128795,FURNITURE,VIETNAM,ASIA
1170630,1992-01-10,147603.55,F,1-URGENT,Customer#000036340,MACHINERY,ARGENTINA,AMERICA
2041792,1992-01-10,124787.07,F,1-URGENT,Customer#000052645,MACHINERY,VIETNAM,ASIA
1855011,1992-01-10,218670.32,F,5-LOW,Customer#000028552,BUILDING,GERMANY,EUROPE
2003108,1992-01-10,96028.91,F,2-HIGH,Customer#000066599,MACHINERY,GERMANY,EUROPE
2253058,1992-01-10,20787.17,F,4-NOT SPECIFIED,Customer#000110404,HOUSEHOLD,GERMANY,EUROPE
2171494,1992-01-10,257482.21,F,1-URGENT,Customer#000066599,MACHINERY,GERMANY,EUROPE
2320866,1992-01-10,138985.17,F,2-HIGH,Customer#000057175,AUTOMOBILE,JAPAN,ASIA
2187010,1992-01-10,40738.13,F,3-MEDIUM,Customer#000084316,AUTOMOBILE,IRAN,MIDDLE EAST
2240578,1992-01-10,299704.16,F,4-NOT SPECIFIED,Customer#000113315,FURNITURE,ALGERIA,AFRICA
2008835,1992-01-10,82218.29,F,4-NOT SPECIFIED,Customer#000108673,HOUSEHOLD,IRAQ,MIDDLE EAST
2219744,1992-01-10,235956.44,F,1-URGENT,Customer#000134426,FURNITURE,JORDAN,MIDDLE EAST
2005859,1992-01-10,307141.16,F,5-LOW,Customer#000138428,FURNITURE,ETHIOPIA,AFRICA
2098470,1992-01-10,197946.19,F,3-MEDIUM,Customer#000099163,BUILDING,VIETNAM,ASIA
2238021,1992-01-10,235647.52,F,5-LOW,Customer#000139355,MACHINERY,KENYA,AFRICA
2388929,1992-01-10,208781.37,F,2-HIGH,Customer#000136181,FURNITURE,JAPAN,ASIA
2200037,1992-01-10,135359.70,F,2-HIGH,Customer#000120695,BUILDING,JAPAN,ASIA
3765924,1992-01-10,217202.69,F,4-NOT SPECIFIED,Customer#000140729,HOUSEHOLD,GERMANY,EUROPE
1676038,1992-01-10,151284.46,F,4-NOT SPECIFIED,Customer#000115414,AUTOMOBILE,GERMANY,EUROPE
3975394,1992-01-10,196220.70,F,5-LOW,Customer#000077615,AUTOMOBILE,IRAN,MIDDLE EAST
4004710,1992-01-10,93143.59,F,4-NOT SPECIFIED,Customer#000143174,BUILDING,MOZAMBIQUE,AFRICA
1428935,1992-01-10,107715.56,F,5-LOW,Customer#000088927,FURNITURE,INDONESIA,ASIA
4086978,1992-01-10,52293.66,F,4-NOT SPECIFIED,Customer#000130915,AUTOMOBILE,KENYA,AFRICA
1318115,1992-01-10,156149.31,F,5-LOW,Customer#000041791,MACHINERY,EGYPT,MIDDLE EAST
1531939,1992-01-10,197720.03,F,3-MEDIUM,Customer#000003046,FURNITURE,CANADA,AMERICA
1235744,1992-01-10,52947.94,F,4-NOT SPECIFIED,Customer#000075448,FURNITURE,SAUDI ARABIA,MIDDLE EAST
1420807,1992-01-10,244477.75,F,1-URGENT,Customer#000047500,AUTOMOBILE,ROMANIA,EUROPE
866245,1992-01-10,45664.63,F,1-URGENT,Customer#000034160,HOUSEHOLD,BRAZIL,AMERICA
1363970,1992-01-10,240937.55,F,1-URGENT,Customer#000053953,FURNITURE,UNITED STATES,AMERICA
1432323,1992-01-10,152928.05,F,3-MEDIUM,Customer#000145699,BUILDING,RUSSIA,EUROPE
1674145,1992-01-10,158059.85,F,3-MEDIUM,Customer#000135325,BUILDING,EGYPT,MIDDLE EAST
1509253,1992-01-10,38704.49,F,5-LOW,Customer#000039352,BUILDING,ROMANIA,EUROPE
3817927,1992-01-10,224101.15,F,4-NOT SPECIFIED,Customer#000080389,AUTOMOBILE,CANADA,AMERICA
3825575,1992-01-10,215436.30,F,1-URGENT,Customer#000038474,HOUSEHOLD,INDIA,ASIA
1407941,1992-01-10,252754.37,F,5-LOW,Customer#000019831,AUTOMOBILE,VIETNAM,ASIA
1627207,1992-01-10,172076.61,F,2-HIGH,Customer#000057979,BUILDING,UNITED KINGDOM,EUROPE
1533701,1992-01-10,194555.50,F,5-LOW,Customer#000134932,BUILDING,ROMANIA,EUROPE
3971749,1992-01-10,46014.79,F,4-NOT SPECIFIED,Customer#000121970,FURNITURE,RUSSIA,EUROPE
3630692,1992-01-10,235052.75,F,4-NOT SPECIFIED,Customer#000038044,AUTOMOBILE,KENYA,AFRICA
1136771,1992-01-10,53866.28,F,3-MEDIUM,Customer#000084221,BUILDING,VIETNAM,ASIA
4081472,1992-01-10,130875.26,F,2-HIGH,Customer#000149476,HOUSEHOLD,PERU,AMERICA
2090625,1992-01-10,106840.63,F,5-LOW,Customer#000026080,FURNITURE,IRAN,MIDDLE EAST
1434306,1992-01-10,56402.62,F,1-URGENT,Customer#000112564,BUILDING,UNITED KINGDOM,EUROPE
4049735,1992-01-10,29574.36,F,3-MEDIUM,Customer#000004942,HOUSEHOLD,MOZAMBIQUE,AFRICA
1689575,1992-01-10,201519.12,F,4-NOT SPECIFIED,Customer#000132775,AUTOMOBILE,JORDAN,MIDDLE EAST
3904739,1992-01-10,275749.72,F,3-MEDIUM,Customer#000091354,FURNITURE,RUSSIA,EUROPE
1785699,1992-01-10,144548.86,F,2-HIGH,Customer#000100205,MACHINERY,CANADA,AMERICA
772769,1992-01-10,154601.61,F,2-HIGH,Customer#000007135,BUILDING,RUSSIA,EUROPE
1469157,1992-01-10,137118.47,F,3-MEDIUM,Customer#000094880,AUTOMOBILE,JAPAN,ASIA
3670948,1992-01-10,226421.07,F,5-LOW,Customer#000123163,MACHINERY,ETHIOPIA,AFRICA
1793285,1992-01-10,8662.89,F,2-HIGH,Customer#000146108,BUILDING,MOROCCO,AFRICA
4086725,1992-01-10,36979.76,F,4-NOT SPECIFIED,Customer#000102442,FURNITURE,GERMANY,EUROPE
4125088,1992-01-10,182650.47,F,3-MEDIUM,Customer#000083257,BUILDING,FRANCE,EUROPE
1802816,1992-01-10,57191.69,F,4-NOT SPECIFIED,Customer#000086546,MACHINERY,GERMANY,EUROPE
986658,1992-01-10,90356.71,F,5-LOW,Customer#000115522,BUILDING,INDIA,ASIA
4091171,1992-01-10,207796.09,F,5-LOW,Customer#000101401,HOUSEHOLD,IRAQ,MIDDLE EAST
1113344,1992-01-10,107430.24,F,5-LOW,Customer#000140393,AUTOMOBILE,FRANCE,EUROPE
830432,1992-01-10,110763.71,F,1-URGENT,Customer#000111961,HOUSEHOLD,PERU,AMERICA
1161349,1992-01-10,139489.63,F,1-URGENT,Customer#000143095,HOUSEHOLD,INDONESIA,ASIA
968998,1992-01-10,133891.79,F,4-NOT SPECIFIED,Customer#000025066,FURNITURE,IRAN,MIDDLE EAST
717285,1992-01-10,228726.11,F,4-NOT SPECIFIED,Customer#000032104,FURNITURE,FRANCE,EUROPE
2383271,1992-01-10,156004.69,F,3-MEDIUM,Customer#000016225,HOUSEHOLD,RUSSIA,EUROPE
1839364,1992-01-10,50847.18,F,1-URGENT,Customer#000000812,BUILDING,PERU,AMERICA
1928641,1992-01-10,298089.44,F,3-MEDIUM,Customer#000069202,AUTOMOBILE,JAPAN,ASIA
2173538,1992-01-10,168852.68,F,5-LOW,Customer#000015125,MACHINERY,MOZAMBIQUE,AFRICA
2079780,1992-01-10,63356.73,F,3-MEDIUM,Customer#000042638,AUTOMOBILE,ROMANIA,EUROPE
2090562,1992-01-10,116639.28,F,3-MEDIUM,Customer#000026341,AUTOMOBILE,RUSSIA,EUROPE
2161760,1992-01-10,347301.12,F,1-URGENT,Customer#000005834,FURNITURE,ROMANIA,EUROPE
1802759,1992-01-10,52083.28,F,5-LOW,Customer#000124837,BUILDING,JAPAN,ASIA
1823424,1992-01-10,231383.80,F,5-LOW,Customer#000000034,HOUSEHOLD,MOROCCO,AFRICA
1864326,1992-01-10,22871.45,F,1-URGENT,Customer#000074509,BUILDING,JAPAN,ASIA
4978657,1992-01-10,90322.91,F,3-MEDIUM,Customer#000038999,HOUSEHOLD,UNITED KINGDOM,EUROPE
2236582,1992-01-10,217695.36,F,3-MEDIUM,Customer#000032284,FURNITURE,KENYA,AFRICA
2036321,1992-01-10,119511.24,F,1-URGENT,Customer#000010456,HOUSEHOLD,KENYA,AFRICA
1972097,1992-01-10,114917.24,F,2-HIGH,Customer#000033514,AUTOMOBILE,JAPAN,ASIA
1967942,1992-01-10,93026.17,F,4-NOT SPECIFIED,Customer#000124226,FURNITURE,GERMANY,EUROPE
2240166,1992-01-10,35152.02,F,4-NOT SPECIFIED,Customer#000118459,AUTOMOBILE,KENYA,AFRICA
1845345,1992-01-10,81922.57,F,5-LOW,Customer#000135952,FURNITURE,INDIA,ASIA
114083,1992-01-10,120932.25,F,2-HIGH,Customer#000007355,FURNITURE,JAPAN,ASIA
1931553,1992-01-10,263812.89,F,1-URGENT,Customer#000128716,FURNITURE,PERU,AMERICA
5167617,1992-01-10,191199.21,F,2-HIGH,Customer#000047674,HOUSEHOLD,EGYPT,MIDDLE EAST
2072258,1992-01-10,2355.03,F,3-MEDIUM,Customer#000065845,BUILDING,UNITED KINGDOM,EUROPE
761862,1992-01-10,120569.17,F,5-LOW,Customer#000124595,BUILDING,CANADA,AMERICA
2306629,1992-01-10,139414.86,F,4-NOT SPECIFIED,Customer#000049423,HOUSEHOLD,CANADA,AMERICA
3099043,1992-01-10,173025.30,F,2-HIGH,Customer#000129958,BUILDING,ALGERIA,AFRICA
1271494,1992-01-10,130571.03,F,5-LOW,Customer#000115559,BUILDING,RUSSIA,EUROPE
4873796,1992-01-11,6601.33,F,4-NOT SPECIFIED,Customer#000058096,AUTOMOBILE,ARGENTINA,AMERICA
988423,1992-01-11,113488.06,F,4-NOT SPECIFIED,Customer#000124897,BUILDING,MOROCCO,AFRICA
3179105,1992-01-11,139300.34,F,5-LOW,Customer#000104245,MACHINERY,ARGENTINA,AMERICA
3588162,1992-01-11,116770.86,F,1-URGENT,Customer#000092536,BUILDING,ALGERIA,AFRICA
3349569,1992-01-11,264315.85,F,5-LOW,Customer#000000358,MACHINERY,ETHIOPIA,AFRICA
3027142,1992-01-11,32936.19,F,4-NOT SPECIFIED,Customer#000007816,HOUSEHOLD,CHINA,ASIA
3053668,1992-01-11,208705.45,F,5-LOW,Customer#000142522,HOUSEHOLD,RUSSIA,EUROPE
3572100,1992-01-11,87481.32,F,5-LOW,Customer#000032464,FURNITURE,KENYA,AFRICA
3344517,1992-01-11,204583.60,F,2-HIGH,Customer#000008624,BUILDING,PERU,AMERICA
3369093,1992-01-11,123857.22,F,5-LOW,Customer#000102715,MACHINERY,CANADA,AMERICA
3336935,1992-01-11,100169.60,F,4-NOT SPECIFIED,Customer#000038446,BUILDING,EGYPT,MIDDLE EAST
3111011,1992-01-11,222736.28,F,2-HIGH,Customer#000109769,MACHINERY,BRAZIL,AMERICA
4925697,1992-01-11,151657.90,F,5-LOW,Customer#000036712,BUILDING,ARGENTINA,AMERICA
3500995,1992-01-11,340304.85,F,2-HIGH,Customer#000109555,BUILDING,INDONESIA,ASIA
3175846,1992-01-11,261811.85,F,2-HIGH,Customer#000003451,MACHINERY,ETHIOPIA,AFRICA
3415427,1992-01-11,205565.89,F,4-NOT SPECIFIED,Customer#000096205,MACHINERY,FRANCE,EUROPE
3252163,1992-01-11,96810.53,F,2-HIGH,Customer#000017830,AUTOMOBILE,ARGENTINA,AMERICA
3445828,1992-01-11,188997.51,F,3-MEDIUM,Customer#000074659,HOUSEHOLD,JAPAN,ASIA
3285698,1992-01-11,127421.31,F,2-HIGH,Customer#000138316,FURNITURE,INDONESIA,ASIA
3349447,1992-01-11,3260.81,F,2-HIGH,Customer#000071650,FURNITURE,CHINA,ASIA
3144000,1992-01-11,77051.74,F,4-NOT SPECIFIED,Customer#000085568,HOUSEHOLD,JORDAN,MIDDLE EAST
3526432,1992-01-11,308675.66,F,3-MEDIUM,Customer#000112865,HOUSEHOLD,INDONESIA,ASIA
3468225,1992-01-11,228994.90,F,1-URGENT,Customer#000098932,FURNITURE,ROMANIA,EUROPE
3574244,1992-01-11,194394.89,F,3-MEDIUM,Customer#000091678,HOUSEHOLD,MOROCCO,AFRICA
3447111,1992-01-11,185297.65,F,2-HIGH,Customer#000103696,FURNITURE,PERU,AMERICA
3577984,1992-01-11,185849.50,F,1-URGENT,Customer#000099481,MACHINERY,ROMANIA,EUROPE
5533185,1992-01-11,348082.99,F,2-HIGH,Customer#000134801,MACHINERY,IRAQ,MIDDLE EAST
3273413,1992-01-11,36574.01,F,3-MEDIUM,Customer#000143471,AUTOMOBILE,PERU,AMERICA
3201253,1992-01-11,90292.23,F,2-HIGH,Customer#000050707,AUTOMOBILE,IRAQ,MIDDLE EAST
3387783,1992-01-11,250076.89,F,5-LOW,Customer#000093769,AUTOMOBILE,UNITED STATES,AMERICA
3314113,1992-01-11,109235.78,F,2-HIGH,Customer#000044215,HOUSEHOLD,BRAZIL,AMERICA
3297317,1992-01-11,265735.41,F,4-NOT SPECIFIED,Customer#000136901,AUTOMOBILE,ETHIOPIA,AFRICA
3091523,1992-01-11,223330.10,F,2-HIGH,Customer#000007495,HOUSEHOLD,JAPAN,ASIA
5926631,1992-01-11,150604.70,F,5-LOW,Customer#000126823,MACHINERY,ETHIOPIA,AFRICA
5577287,1992-01-11,227509.30,F,5-LOW,Customer#000127655,MACHINERY,VIETNAM,ASIA
3193285,1992-01-11,276852.39,F,4-NOT SPECIFIED,Customer#000144880,MACHINERY,PERU,AMERICA
3516931,1992-01-11,79653.78,F,1-URGENT,Customer#000076708,HOUSEHOLD,UNITED KINGDOM,EUROPE
3125762,1992-01-11,177671.98,F,5-LOW,Customer#000052088,HOUSEHOLD,PERU,AMERICA
3335010,1992-01-11,67619.14,F,3-MEDIUM,Customer#000050558,MACHINERY,RUSSIA,EUROPE
3039686,1992-01-11,18469.11,F,1-URGENT,Customer#000100033,BUILDING,FRANCE,EUROPE
3496739,1992-01-11,96820.19,F,5-LOW,Customer#000127324,BUILDING,IRAQ,MIDDLE EAST
5836321,1992-01-11,154371.26,F,4-NOT SPECIFIED,Customer#000146752,MACHINERY,UNITED STATES,AMERICA
3114375,1992-01-11,135906.64,F,3-MEDIUM,Customer#000136718,FURNITURE,MOZAMBIQUE,AFRICA
3044384,1992-01-11,112361.55,F,2-HIGH,Customer#000119569,HOUSEHOLD,GERMANY,EUROPE
3215012,1992-01-11,79216.77,F,3-MEDIUM,Customer#000063097,FURNITURE,ARGENTINA,AMERICA
3530275,1992-01-11,244721.87,F,2-HIGH,Customer#000001250,AUTOMOBILE,INDONESIA,ASIA
3393895,1992-01-11,176702.19,F,5-LOW,Customer#000034873,FURNITURE,ALGERIA,AFRICA
3141857,1992-01-11,132767.97,F,3-MEDIUM,Customer#000087961,AUTOMOBILE,CHINA,ASIA
3158211,1992-01-11,269609.59,F,5-LOW,Customer#000143626,AUTOMOBILE,CANADA,AMERICA
5039584,1992-01-11,70770.42,F,3-MEDIUM,Customer#000148073,AUTOMOBILE,JORDAN,MIDDLE EAST
5977670,1992-01-11,196619.67,F,4-NOT SPECIFIED,Customer#000090244,FURNITURE,INDONESIA,ASIA
3442055,1992-01-11,95657.14,F,4-NOT SPECIFIED,Customer#000000208,MACHINERY,ROMANIA,EUROPE
3594663,1992-01-11,132350.13,F,2-HIGH,Customer#000105838,FURNITURE,INDONESIA,ASIA
3138980,1992-01-11,119924.70,F,3-MEDIUM,Customer#000062659,AUTOMOBILE,IRAQ,MIDDLE EAST
3452290,1992-01-11,211937.10,F,1-URGENT,Customer#000140977,FURNITURE,IRAQ,MIDDLE EAST
3033031,1992-01-11,151344.93,F,5-LOW,Customer#000131753,AUTOMOBILE,FRANCE,EUROPE
3346053,1992-01-11,128531.89,F,4-NOT SPECIFIED,Customer#000006992,MACHINERY,UNITED KINGDOM,EUROPE
3181859,1992-01-11,266892.24,F,4-NOT SPECIFIED,Customer#000135550,HOUSEHOLD,EGYPT,MIDDLE EAST
3342375,1992-01-11,207101.90,F,4-NOT SPECIFIED,Customer#000035957,FURNITURE,ALGERIA,AFRICA
3109766,1992-01-11,221665.39,F,1-URGENT,Customer#000145186,HOUSEHOLD,RUSSIA,EUROPE
3120389,1992-01-11,49044.28,F,2-HIGH,Customer#000134411,BUILDING,EGYPT,MIDDLE EAST
3099399,1992-01-11,153381.36,F,2-HIGH,Customer#000146368,BUILDING,SAUDI ARABIA,MIDDLE EAST
3138592,1992-01-11,65323.07,F,5-LOW,Customer#000089305,BUILDING,UNITED KINGDOM,EUROPE
3442020,1992-01-11,221805.51,F,3-MEDIUM,Customer#000074395,MACHINERY,INDONESIA,ASIA
5990340,1992-01-11,124637.41,F,5-LOW,Customer#000043306,AUTOMOBILE,EGYPT,MIDDLE EAST
3375398,1992-01-11,105864.43,F,5-LOW,Customer#000041500,HOUSEHOLD,KENYA,AFRICA
3165543,1992-01-11,234300.29,F,4-NOT SPECIFIED,Customer#000137971,HOUSEHOLD,FRANCE,EUROPE
3221443,1992-01-11,186486.39,F,2-HIGH,Customer#000007096,FURNITURE,VIETNAM,ASIA
4951424,1992-01-11,95804.90,F,4-NOT SPECIFIED,Customer#000017815,FURNITURE,ROMANIA,EUROPE
5651876,1992-01-11,208916.73,F,5-LOW,Customer#000114709,HOUSEHOLD,UNITED STATES,AMERICA
5269190,1992-01-11,107820.92,F,2-HIGH,Customer#000003983,HOUSEHOLD,KENYA,AFRICA
5384231,1992-01-11,90725.16,F,2-HIGH,Customer#000077164,AUTOMOBILE,JORDAN,MIDDLE EAST
4880549,1992-01-11,236318.61,F,4-NOT SPECIFIED,Customer#000089692,BUILDING,VIETNAM,ASIA
5481826,1992-01-11,232703.51,F,2-HIGH,Customer#000058606,FURNITURE,JAPAN,ASIA
5330054,1992-01-11,220814.03,F,5-LOW,Customer#000016363,BUILDING,PERU,AMERICA
5772064,1992-01-11,25846.52,F,4-NOT SPECIFIED,Customer#000054986,FURNITURE,MOROCCO,AFRICA
5632642,1992-01-11,174416.12,F,1-URGENT,Customer#000131756,BUILDING,ETHIOPIA,AFRICA
5763269,1992-01-11,92798.27,F,4-NOT SPECIFIED,Customer#000045355,HOUSEHOLD,UNITED STATES,AMERICA
5921446,1992-01-11,112565.70,F,1-URGENT,Customer#000032128,MACHINERY,BRAZIL,AMERICA
4851237,1992-01-11,42805.34,F,2-HIGH,Customer#000133057,AUTOMOBILE,ALGERIA,AFRICA
5748580,1992-01-11,51080.45,F,4-NOT SPECIFIED,Customer#000061408,HOUSEHOLD,ARGENTINA,AMERICA
5765761,1992-01-11,336573.48,F,4-NOT SPECIFIED,Customer#000102592,AUTOMOBILE,MOROCCO,AFRICA
5707458,1992-01-11,105323.05,F,5-LOW,Customer#000090815,AUTOMOBILE,MOZAMBIQUE,AFRICA
4961605,1992-01-11,194971.93,F,4-NOT SPECIFIED,Customer#000053206,MACHINERY,KENYA,AFRICA
5410690,1992-01-11,138514.36,F,4-NOT SPECIFIED,Customer#000117775,HOUSEHOLD,INDONESIA,ASIA
4243426,1992-01-11,145625.81,F,1-URGENT,Customer#000006091,MACHINERY,ARGENTINA,AMERICA
4488839,1992-01-11,177801.31,F,2-HIGH,Customer#000082613,FURNITURE,KENYA,AFRICA
4614660,1992-01-11,292095.89,F,1-URGENT,Customer#000071645,MACHINERY,JAPAN,ASIA
4263331,1992-01-11,219398.39,F,1-URGENT,Customer#000067423,HOUSEHOLD,UNITED KINGDOM,EUROPE
4645760,1992-01-11,185608.29,F,5-LOW,Customer#000095701,HOUSEHOLD,PERU,AMERICA
4700101,1992-01-11,14045.55,F,3-MEDIUM,Customer#000016850,MACHINERY,INDIA,ASIA
4612676,1992-01-11,157945.06,F,5-LOW,Customer#000012923,BUILDING,SAUDI ARABIA,MIDDLE EAST
4323910,1992-01-11,76293.93,F,5-LOW,Customer#000119660,HOUSEHOLD,SAUDI ARABIA,MIDDLE EAST
4383207,1992-01-11,121601.73,F,1-URGENT,Customer#000037738,HOUSEHOLD,KENYA,AFRICA
4426017,1992-01-11,279231.49,F,5-LOW,Customer#000048796,HOUSEHOLD,MOROCCO,AFRICA
4388707,1992-01-11,317895.22,F,2-HIGH,Customer#000047606,MACHINERY,VIETNAM,ASIA
4781440,1992-01-11,250104.51,F,2-HIGH,Customer#000124796,HOUSEHOLD,MOROCCO,AFRICA
4308448,1992-01-11,165907.11,F,4-NOT SPECIFIED,Customer#000016126,HOUSEHOLD,ARGENTINA,AMERICA
4426273,1992-01-11,51230.92,F,1-URGENT,Customer#000027382,MACHINERY,IRAQ,MIDDLE EAST
4362949,1992-01-11,147921.09,F,2-HIGH,Customer#000072541,AUTOMOBILE,INDONESIA,ASIA
4571457,1992-01-11,210823.52,F,4-NOT SPECIFIED,Customer#000081208,BUILDING,RUSSIA,EUROPE
4541281,1992-01-11,167323.78,F,2-HIGH,Customer#000124675,BUILDING,JORDAN,MIDDLE EAST
4471458,1992-01-11,189035.96,F,1-URGENT,Customer#000097285,FURNITURE,MOZAMBIQUE,AFRICA
4756005,1992-01-11,217462.50,F,4-NOT SPECIFIED,Customer#000143920,FURNITURE,IRAQ,MIDDLE EAST
4241157,1992-01-11,92241.50,F,4-NOT SPECIFIED,Customer#000091228,HOUSEHOLD,INDIA,ASIA
4508228,1992-01-11,50356.20,F,5-LOW,Customer#000017089,FURNITURE,CHINA,ASIA
4395844,1992-01-11,142913.28,F,2-HIGH,Customer#000128107,MACHINERY,EGYPT,MIDDLE EAST
4717381,1992-01-11,231351.35,F,1-URGENT,Customer#000099572,HOUSEHOLD,KENYA,AFRICA
4323712,1992-01-11,59324.21,F,4-NOT SPECIFIED,Customer#000086834,BUILDING,PERU,AMERICA
4646661,1992-01-11,227596.19,F,1-URGENT,Customer#000049819,FURNITURE,GERMANY,EUROPE
4270407,1992-01-11,29216.76,F,4-NOT SPECIFIED,Customer#000131116,HOUSEHOLD,RUSSIA,EUROPE
4726498,1992-01-11,189540.33,F,3-MEDIUM,Customer#000124568,HOUSEHOLD,FRANCE,EUROPE
4505763,1992-01-11,242300.54,F,5-LOW,Customer#000040546,AUTOMOBILE,IRAN,MIDDLE EAST
4641287,1992-01-11,221241.28,F,3-MEDIUM,Customer#000114211,AUTOMOBILE,ETHIOPIA,AFRICA
4584615,1992-01-11,134601.42,F,4-NOT SPECIFIED,Customer#000071050,HOUSEHOLD,CANADA,AMERICA
5677122,1992-01-11,152607.77,F,5-LOW,Customer#000067066,HOUSEHOLD,CANADA,AMERICA
1197760,1992-01-11,119593.32,F,1-URGENT,Customer#000070786,MACHINERY,JORDAN,MIDDLE EAST
732677,1992-01-11,243074.71,F,1-URGENT,Customer#000139280,BUILDING,SAUDI ARABIA,MIDDLE EAST
811874,1992-01-11,12658.72,F,2-HIGH,Customer#000121751,MACHINERY,IRAQ,MIDDLE EAST
696675,1992-01-11,56899.52,F,4-NOT SPECIFIED,Customer#000149012,FURNITURE,IRAN,MIDDLE EAST
1020134,1992-01-11,9330.58,F,3-MEDIUM,Customer#000069097,AUTOMOBILE,MOROCCO,AFRICA
1007746,1992-01-11,120563.33,F,2-HIGH,Customer#000042352,AUTOMOBILE,ROMANIA,EUROPE
1147335,1992-01-11,229495.09,F,1-URGENT,Customer#000035579,MACHINERY,BRAZIL,AMERICA
985600,1992-01-11,171710.80,F,3-MEDIUM,Customer#000123358,BUILDING,ARGENTINA,AMERICA
922051,1992-01-11,43897.69,F,3-MEDIUM,Customer#000088108,MACHINERY,FRANCE,EUROPE
752033,1992-01-11,51129.96,F,4-NOT SPECIFIED,Customer#000062165,HOUSEHOLD,FRANCE,EUROPE
618688,1992-01-11,236693.33,F,5-LOW,Customer#000075439,MACHINERY,INDIA,ASIA
951490,1992-01-11,130253.99,F,2-HIGH,Customer#000053734,FURNITURE,ALGERIA,AFRICA
715812,1992-01-11,193915.34,F,2-HIGH,Customer#000005029,FURNITURE,INDONESIA,ASIA
603488,1992-01-11,91800.04,F,2-HIGH,Customer#000120446,BUILDING,INDONESIA,ASIA
1089093,1992-01-11,354266.00,F,1-URGENT,Customer#000037718,MACHINERY,BRAZIL,AMERICA
668039,1992-01-11,95044.02,F,4-NOT SPECIFIED,Customer#000095119,BUILDING,ROMANIA,EUROPE
694464,1992-01-11,65465.12,F,2-HIGH,Customer#000089038,BUILDING,MOROCCO,AFRICA
1021249,1992-01-11,36699.96,F,5-LOW,Customer#000025489,BUILDING,CANADA,AMERICA
850791,1992-01-11,5788.98,F,5-LOW,Customer#000116629,AUTOMOBILE,VIETNAM,ASIA
1016963,1992-01-11,35590.38,F,4-NOT SPECIFIED,Customer#000065998,BUILDING,FRANCE,EUROPE
877349,1992-01-11,36359.49,F,3-MEDIUM,Customer#000104789,HOUSEHOLD,KENYA,AFRICA
772100,1992-01-11,25761.50,F,2-HIGH,Customer#000044497,FURNITURE,BRAZIL,AMERICA
1095105,1992-01-11,138417.26,F,2-HIGH,Customer#000115876,BUILDING,INDONESIA,ASIA
1173984,1992-01-11,91319.21,F,2-HIGH,Customer#000044966,AUTOMOBILE,BRAZIL,AMERICA
770695,1992-01-11,144274.53,F,5-LOW,Customer#000132794,BUILDING,IRAQ,MIDDLE EAST
721607,1992-01-11,232580.03,F,5-LOW,Customer#000082193,MACHINERY,INDIA,ASIA
757538,1992-01-11,85613.90,F,3-MEDIUM,Customer#000141067,MACHINERY,SAUDI ARABIA,MIDDLE EAST
674181,1992-01-11,110406.72,F,1-URGENT,Customer#000096371,HOUSEHOLD,IRAN,MIDDLE EAST
1063522,1992-01-11,161470.52,F,1-URGENT,Customer#000053318,MACHINERY,INDONESIA,ASIA
885158,1992-01-11,198131.81,F,4-NOT SPECIFIED,Customer#000052757,BUILDING,PERU,AMERICA
921954,1992-01-11,60760.59,F,2-HIGH,Customer#000061240,HOUSEHOLD,SAUDI ARABIA,MIDDLE EAST
622752,1992-01-11,87307.21,F,1-URGENT,Customer#000091126,MACHINERY,UNITED KINGDOM,EUROPE
5967685,1992-01-11,154686.32,F,1-URGENT,Customer#000013186,BUILDING,IRAQ,MIDDLE EAST
1143461,1992-01-11,108978.52,F,1-URGENT,Customer#000127705,BUILDING,ARGENTINA,AMERICA
5809504,1992-01-11,245499.80,F,4-NOT SPECIFIED,Customer#000057488,BUILDING,SAUDI ARABIA,MIDDLE EAST
670849,1992-01-11,347239.08,F,5-LOW,Customer#000134104,AUTOMOBILE,UNITED KINGDOM,EUROPE
728513,1992-01-11,300572.04,F,2-HIGH,Customer#000025441,HOUSEHOLD,UNITED KINGDOM,EUROPE
5800896,1992-01-11,149481.57,F,4-NOT SPECIFIED,Customer#000014800,HOUSEHOLD,EGYPT,MIDDLE EAST
5337222,1992-01-11,268973.16,F,2-HIGH,Customer#000147152,HOUSEHOLD,RUSSIA,EUROPE
5572389,1992-01-11,46671.75,F,4-NOT SPECIFIED,Customer#000079910,AUTOMOBILE,UNITED KINGDOM,EUROPE
688325,1992-01-11,147043.09,F,2-HIGH,Customer#000013021,FURNITURE,ARGENTINA,AMERICA
952454,1992-01-11,188043.30,F,2-HIGH,Customer#000126016,FURNITURE,KENYA,AFRICA
516642,1992-01-11,264657.95,F,5-LOW,Customer#000148453,HOUSEHOLD,IRAN,MIDDLE EAST
245351,1992-01-11,31035.08,F,5-LOW,Customer#000073954,FURNITURE,VIETNAM,ASIA
1160866,1992-01-11,262654.38,F,5-LOW,Customer#000039590,AUTOMOBILE,PERU,AMERICA
184899,1992-01-11,135753.54,F,5-LOW,Customer#000092420,BUILDING,BRAZIL,AMERICA
532930,1992-01-11,3976.39,F,4-NOT SPECIFIED,Customer#000133859,AUTOMOBILE,JAPAN,ASIA
17540,1992-01-11,104161.32,F,5-LOW,Customer#000086513,AUTOMOBILE,CHINA,ASIA
577667,1992-01-11,144227.89,F,1-URGENT,Customer#000082783,AUTOMOBILE,IRAQ,MIDDLE EAST
540771,1992-01-11,117154.50,F,4-NOT SPECIFIED,Customer#000063788,HOUSEHOLD,JAPAN,ASIA
458724,1992-01-11,206475.32,F,3-MEDIUM,Customer#000081961,MACHINERY,IRAQ,MIDDLE EAST
108961,1992-01-11,322052.30,F,5-LOW,Customer#000044816,HOUSEHOLD,IRAQ,MIDDLE EAST
10053,1992-01-11,199688.00,F,2-HIGH,Customer#000143998,FURNITURE,CHINA,ASIA
235872,1992-01-11,196263.37,F,1-URGENT,Customer#000083230,MACHINERY,ARGENTINA,AMERICA
479527,1992-01-11,157620.90,F,1-URGENT,Customer#000057295,HOUSEHOLD,MOZAMBIQUE,AFRICA
568260,1992-01-11,67945.45,F,1-URGENT,Customer#000006802,MACHINERY,UNITED STATES,AMERICA
219170,1992-01-11,182361.06,F,3-MEDIUM,Customer#000052621,AUTOMOBILE,KENYA,AFRICA
4998,1992-01-11,204363.07,F,4-NOT SPECIFIED,Customer#000031823,FURNITURE,MOZAMBIQUE,AFRICA
543366,1992-01-11,386455.30,F,2-HIGH,Customer#000062644,FURNITURE,UNITED KINGDOM,EUROPE
946466,1992-01-11,91771.88,F,4-NOT SPECIFIED,Customer#000136235,MACHINERY,ETHIOPIA,AFRICA
154821,1992-01-11,53109.54,F,1-URGENT,Customer#000112052,MACHINERY,GERMANY,EUROPE
183616,1992-01-11,257162.10,F,2-HIGH,Customer#000052451,FURNITURE,UNITED KINGDOM,EUROPE
515234,1992-01-11,231248.38,F,3-MEDIUM,Customer#000091093,HOUSEHOLD,IRAQ,MIDDLE EAST
547302,1992-01-11,346536.88,F,4-NOT SPECIFIED,Customer#000068614,MACHINERY,EGYPT,MIDDLE EAST
485959,1992-01-11,232309.51,F,4-NOT SPECIFIED,Customer#000010465,HOUSEHOLD,GERMANY,EUROPE
39648,1992-01-11,131734.88,F,5-LOW,Customer#000065296,FURNITURE,ARGENTINA,AMERICA
460742,1992-01-11,83824.36,F,4-NOT SPECIFIED,Customer#000137471,HOUSEHOLD,MOROCCO,AFRICA
394784,1992-01-11,250041.73,F,3-MEDIUM,Customer#000069662,HOUSEHOLD,ROMANIA,EUROPE
327073,1992-01-11,197355.78,F,5-LOW,Customer#000036569,HOUSEHOLD,KENYA,AFRICA
856230,1992-01-11,89624.06,F,4-NOT SPECIFIED,Customer#000048887,AUTOMOBILE,CANADA,AMERICA
316935,1992-01-11,192926.32,F,3-MEDIUM,Customer#000141820,BUILDING,IRAQ,MIDDLE EAST
914944,1992-01-11,208596.58,F,2-HIGH,Customer#000042422,FURNITURE,FRANCE,EUROPE
540832,1992-01-11,73246.18,F,4-NOT SPECIFIED,Customer#000100768,BUILDING,INDONESIA,ASIA
453573,1992-01-11,36876.48,F,3-MEDIUM,Customer#000103547,HOUSEHOLD,UNITED STATES,AMERICA
269606,1992-01-11,246253.32,F,4-NOT SPECIFIED,Customer#000142465,HOUSEHOLD,ALGERIA,AFRICA
1046467,1992-01-11,289950.91,F,1-URGENT,Customer#000104339,MACHINERY,INDONESIA,ASIA
1084997,1992-01-11,91706.88,F,1-URGENT,Customer#000093820,MACHINERY,EGYPT,MIDDLE EAST
168256,1992-01-11,173450.98,F,3-MEDIUM,Customer#000009182,AUTOMOBILE,CHINA,ASIA
89954,1992-01-11,178062.43,F,4-NOT SPECIFIED,Customer#000038884,AUTOMOBILE,SAUDI ARABIA,MIDDLE EAST
389639,1992-01-11,14272.51,F,4-NOT SPECIFIED,Customer#000049378,FURNITURE,ROMANIA,EUROPE
635973,1992-01-11,211082.48,F,4-NOT SPECIFIED,Customer#000142351,HOUSEHOLD,ROMANIA,EUROPE
1092935,1992-01-11,273211.62,F,2-HIGH,Customer#000004867,MACHINERY,KENYA,AFRICA
922017,1992-01-11,135494.65,F,4-NOT SPECIFIED,Customer#000077125,BUILDING,MOZAMBIQUE,AFRICA
567333,1992-01-11,100346.48,F,2-HIGH,Customer#000081853,BUILDING,IRAQ,MIDDLE EAST
439460,1992-01-11,96032.44,F,1-URGENT,Customer#000143972,BUILDING,ROMANIA,EUROPE
666694,1992-01-11,13060.85,F,2-HIGH,Customer#000147259,FURNITURE,UNITED STATES,AMERICA
1130277,1992-01-11,1513.81,F,2-HIGH,Customer#000034391,HOUSEHOLD,KENYA,AFRICA
713602,1992-01-11,306470.88,F,2-HIGH,Customer#000030661,BUILDING,VIETNAM,ASIA
218850,1992-01-11,106585.11,F,4-NOT SPECIFIED,Customer#000047776,BUILDING,ARGENTINA,AMERICA
493254,1992-01-11,150251.22,F,2-HIGH,Customer#000139453,BUILDING,ETHIOPIA,AFRICA
95527,1992-01-11,338973.43,F,4-NOT SPECIFIED,Customer#000056104,HOUSEHOLD,CHINA,ASIA
295943,1992-01-11,56917.68,F,3-MEDIUM,Customer#000134791,MACHINERY,VIETNAM,ASIA
44033,1992-01-11,66901.20,F,1-URGENT,Customer#000136951,MACHINERY,EGYPT,MIDDLE EAST
372199,1992-01-11,32946.42,F,2-HIGH,Customer#000142837,FURNITURE,CANADA,AMERICA
1017729,1992-01-11,204136.45,F,3-MEDIUM,Customer#000128071,HOUSEHOLD,KENYA,AFRICA
960679,1992-01-11,394999.72,F,5-LOW,Customer#000007724,HOUSEHOLD,CHINA,ASIA
34662,1992-01-11,262803.50,F,1-URGENT,Customer#000075889,AUTOMOBILE,FRANCE,EUROPE
457862,1992-01-11,31566.00,F,2-HIGH,Customer#000087601,AUTOMOBILE,ETHIOPIA,AFRICA
527750,1992-01-11,115164.36,F,2-HIGH,Customer#000042491,FURNITURE,RUSSIA,EUROPE
609376,1992-01-11,182436.97,F,1-URGENT,Customer#000061925,HOUSEHOLD,FRANCE,EUROPE
475847,1992-01-11,89375.79,F,5-LOW,Customer#000007055,MACHINERY,IRAQ,MIDDLE EAST
782275,1992-01-11,61328.30,F,3-MEDIUM,Customer#000045427,FURNITURE,FRANCE,EUROPE
234020,1992-01-11,156591.42,F,5-LOW,Customer#000081799,MACHINERY,CANADA,AMERICA
98310,1992-01-11,366380.46,F,5-LOW,Customer#000106639,HOUSEHOLD,EGYPT,MIDDLE EAST
271652,1992-01-11,192927.26,F,2-HIGH,Customer#000037339,AUTOMOBILE,FRANCE,EUROPE
769792,1992-01-11,36458.78,F,1-URGENT,Customer#000111038,FURNITURE,MOROCCO,AFRICA
990181,1992-01-11,188952.21,F,5-LOW,Customer#000148042,AUTOMOBILE,CHINA,ASIA
18275,1992-01-11,247217.62,F,5-LOW,Customer#000020534,HOUSEHOLD,BRAZIL,AMERICA
649091,1992-01-11,97504.85,F,3-MEDIUM,Customer#000076885,AUTOMOBILE,ROMANIA,EUROPE
710149,1992-01-11,117085.57,F,4-NOT SPECIFIED,Customer#000026959,BUILDING,PERU,AMERICA
322947,1992-01-11,198273.06,F,4-NOT SPECIFIED,Customer#000085750,BUILDING,SAUDI ARABIA,MIDDLE EAST
1161638,1992-01-11,190701.68,F,3-MEDIUM,Customer#000058285,MACHINERY,IRAN,MIDDLE EAST
715014,1992-01-11,32999.46,F,4-NOT SPECIFIED,Customer#000073949,HOUSEHOLD,RUSSIA,EUROPE
694883,1992-01-11,95477.87,F,4-NOT SPECIFIED,Customer#000113156,FURNITURE,FRANCE,EUROPE
1001763,1992-01-11,287804.51,F,2-HIGH,Customer#000095623,HOUSEHOLD,INDIA,ASIA
205318,1992-01-11,363202.57,F,3-MEDIUM,Customer#000087157,AUTOMOBILE,JAPAN,ASIA
397250,1992-01-11,177262.50,F,2-HIGH,Customer#000092941,AUTOMOBILE,BRAZIL,AMERICA
988353,1992-01-11,108704.38,F,1-URGENT,Customer#000145784,AUTOMOBILE,UNITED STATES,AMERICA
973831,1992-01-11,28425.97,F,1-URGENT,Customer#000070954,MACHINERY,GERMANY,EUROPE
1044866,1992-01-11,36423.88,F,4-NOT SPECIFIED,Customer#000106232,AUTOMOBILE,UNITED KINGDOM,EUROPE
460323,1992-01-11,201738.81,F,1-URGENT,Customer#000129058,MACHINERY,KENYA,AFRICA
233536,1992-01-11,105239.14,F,1-URGENT,Customer#000092377,HOUSEHOLD,SAUDI ARABIA,MIDDLE EAST
5778177,1992-01-11,120790.05,F,4-NOT SPECIFIED,Customer#000064189,BUILDING,KENYA,AFRICA
101286,1992-01-11,91575.50,F,1-URGENT,Customer#000110875,AUTOMOBILE,INDIA,ASIA
4132643,1992-01-11,19804.01,F,5-LOW,Customer#000021919,FURNITURE,INDIA,ASIA
1468161,1992-01-11,212887.65,F,3-MEDIUM,Customer#000034672,BUILDING,PERU,AMERICA
1758787,1992-01-11,163868.74,F,5-LOW,Customer#000053845,FURNITURE,CANADA,AMERICA
3941765,1992-01-11,63261.07,F,2-HIGH,Customer#000126658,BUILDING,FRANCE,EUROPE
4091431,1992-01-11,144613.65,F,2-HIGH,Customer#000004019,BUILDING,SAUDI ARABIA,MIDDLE EAST
4099238,1992-01-11,144786.56,F,2-HIGH,Customer#000035227,HOUSEHOLD,BRAZIL,AMERICA
1650593,1992-01-11,136403.98,F,3-MEDIUM,Customer#000003382,AUTOMOBILE,MOZAMBIQUE,AFRICA
3781861,1992-01-11,228263.64,F,3-MEDIUM,Customer#000072643,HOUSEHOLD,KENYA,AFRICA
1336195,1992-01-11,85521.10,F,3-MEDIUM,Customer#000038902,FURNITURE,ETHIOPIA,AFRICA
1611750,1992-01-11,19992.94,F,2-HIGH,Customer#000136313,BUILDING,KENYA,AFRICA
3650659,1992-01-11,133872.76,F,3-MEDIUM,Customer#000032753,HOUSEHOLD,ALGERIA,AFRICA
1554915,1992-01-11,183043.57,F,1-URGENT,Customer#000032663,AUTOMOBILE,GERMANY,EUROPE
1782210,1992-01-11,2121.12,F,1-URGENT,Customer#000100420,AUTOMOBILE,MOROCCO,AFRICA
3807907,1992-01-11,219699.63,F,4-NOT SPECIFIED,Customer#000025891,AUTOMOBILE,UNITED KINGDOM,EUROPE
4035495,1992-01-11,116764.33,F,4-NOT SPECIFIED,Customer#000044801,AUTOMOBILE,MOZAMBIQUE,AFRICA
1416163,1992-01-11,97298.14,F,3-MEDIUM,Customer#000122765,FURNITURE,INDIA,ASIA
1652320,1992-01-11,54729.96,F,2-HIGH,Customer#000102529,AUTOMOBILE,ROMANIA,EUROPE
1340614,1992-01-11,102637.83,F,1-URGENT,Customer#000013331,MACHINERY,UNITED STATES,AMERICA
3818567,1992-01-11,162206.81,F,4-NOT SPECIFIED,Customer#000074248,FURNITURE,JAPAN,ASIA
3793926,1992-01-11,111556.68,F,1-URGENT,Customer#000019954,AUTOMOBILE,GERMANY,EUROPE
1761378,1992-01-11,96520.18,F,5-LOW,Customer#000016360,HOUSEHOLD,SAUDI ARABIA,MIDDLE EAST
1726177,1992-01-11,276166.02,F,5-LOW,Customer#000123322,BUILDING,INDONESIA,ASIA
1783204,1992-01-11,201377.08,F,2-HIGH,Customer#000028697,FURNITURE,BRAZIL,AMERICA
3835843,1992-01-11,245841.33,F,3-MEDIUM,Customer#000147280,AUTOMOBILE,IRAN,MIDDLE EAST
3813991,1992-01-11,268216.86,F,4-NOT SPECIFIED,Customer#000139648,FURNITURE,FRANCE,EUROPE
3831366,1992-01-11,68806.60,F,2-HIGH,Customer#000036031,FURNITURE,JORDAN,MIDDLE EAST
3693729,1992-01-11,220560.33,F,3-MEDIUM,Customer#000050830,AUTOMOBILE,CANADA,AMERICA
1592900,1992-01-11,145979.69,F,1-URGENT,Customer#000145999,HOUSEHOLD,FRANCE,EUROPE
3886915,1992-01-11,26141.58,F,1-URGENT,Customer#000092027,AUTOMOBILE,CANADA,AMERICA
3663719,1992-01-11,11623.14,F,5-LOW,Customer#000078373,AUTOMOBILE,VIETNAM,ASIA
1477478,1992-01-11,27932.35,F,5-LOW,Customer#000099803,BUILDING,CHINA,ASIA
1651424,1992-01-11,35465.74,F,3-MEDIUM,Customer#000109957,AUTOMOBILE,UNITED STATES,AMERICA
1226886,1992-01-11,65074.21,F,3-MEDIUM,Customer#000011047,AUTOMOBILE,UNITED KINGDOM,EUROPE
1679136,1992-01-11,188060.25,F,4-NOT SPECIFIED,Customer#000143329,HOUSEHOLD,RUSSIA,EUROPE
1605857,1992-01-11,105865.34,F,4-NOT SPECIFIED,Customer#000149563,HOUSEHOLD,INDONESIA,ASIA
1660771,1992-01-11,115238.64,F,1-URGENT,Customer#000047017,MACHINERY,CANADA,AMERICA
4126883,1992-01-11,51594.66,F,2-HIGH,Customer#000109780,FURNITURE,RUSSIA,EUROPE
1769348,1992-01-11,153579.70,F,4-NOT SPECIFIED,Customer#000114842,HOUSEHOLD,ARGENTINA,AMERICA
1324096,1992-01-11,185349.77,F,3-MEDIUM,Customer#000133867,AUTOMOBILE,MOZAMBIQUE,AFRICA
3754496,1992-01-11,163625.53,F,1-URGENT,Customer#000104659,AUTOMOBILE,MOZAMBIQUE,AFRICA
3644992,1992-01-11,115111.84,F,2-HIGH,Customer#000061195,BUILDING,JORDAN,MIDDLE EAST
3904103,1992-01-11,285829.02,F,3-MEDIUM,Customer#000049828,FURNITURE,JAPAN,ASIA
3914403,1992-01-11,112422.08,F,2-HIGH,Customer#000042767,MACHINERY,UNITED KINGDOM,EUROPE
3808930,1992-01-11,198920.01,F,2-HIGH,Customer#000098077,AUTOMOBILE,PERU,AMERICA
3829348,1992-01-11,67052.80,F,2-HIGH,Customer#000018322,HOUSEHOLD,INDONESIA,ASIA
1251878,1992-01-11,82927.12,F,2-HIGH,Customer#000035051,BUILDING,FRANCE,EUROPE
1755552,1992-01-11,177490.74,F,1-URGENT,Customer#000057448,BUILDING,CHINA,ASIA
3763334,1992-01-11,161656.05,F,5-LOW,Customer#000037264,MACHINERY,GERMANY,EUROPE
20708,1992-01-11,271692.19,F,5-LOW,Customer#000100745,BUILDING,CANADA,AMERICA
3668066,1992-01-11,319759.58,F,1-URGENT,Customer#000072032,FURNITURE,SAUDI ARABIA,MIDDLE EAST
3998468,1992-01-11,195056.23,F,3-MEDIUM,Customer#000127396,HOUSEHOLD,ALGERIA,AFRICA
1777344,1992-01-11,35733.95,F,3-MEDIUM,Customer#000006241,FURNITURE,GERMANY,EUROPE
3757796,1992-01-11,192087.55,F,2-HIGH,Customer#000026180,BUILDING,KENYA,AFRICA
1838147,1992-01-11,161041.76,F,1-URGENT,Customer#000140248,BUILDING,FRANCE,EUROPE
1815075,1992-01-11,232233.92,F,4-NOT SPECIFIED,Customer#000117898,FURNITURE,ALGERIA,AFRICA
2107808,1992-01-11,157291.84,F,4-NOT SPECIFIED,Customer#000094366,AUTOMOBILE,JAPAN,ASIA
2354757,1992-01-11,68873.46,F,3-MEDIUM,Customer#000045629,FURNITURE,EGYPT,MIDDLE EAST
2295398,1992-01-11,205251.27,F,5-LOW,Customer#000031927,MACHINERY,JORDAN,MIDDLE EAST
2119682,1992-01-11,179326.94,F,1-URGENT,Customer#000108905,MACHINERY,VIETNAM,ASIA
2245539,1992-01-11,322097.95,F,3-MEDIUM,Customer#000139255,BUILDING,RUSSIA,EUROPE
2147776,1992-01-11,112481.56,F,2-HIGH,Customer#000062929,AUTOMOBILE,MOROCCO,AFRICA
2318560,1992-01-11,126055.27,F,3-MEDIUM,Customer#000081658,AUTOMOBILE,ETHIOPIA,AFRICA
2357543,1992-01-11,262245.71,F,2-HIGH,Customer#000099685,AUTOMOBILE,MOZAMBIQUE,AFRICA
2053926,1992-01-11,18264.33,F,2-HIGH,Customer#000144307,FURNITURE,JORDAN,MIDDLE EAST
2249863,1992-01-11,204577.89,F,5-LOW,Customer#000073205,BUILDING,JORDAN,MIDDLE EAST
2319361,1992-01-11,211686.93,F,3-MEDIUM,Customer#000142547,FURNITURE,RUSSIA,EUROPE
2309283,1992-01-11,361192.41,F,2-HIGH,Customer#000106363,BUILDING,MOROCCO,AFRICA
2333539,1992-01-11,106334.23,F,2-HIGH,Customer#000116044,MACHINERY,MOROCCO,AFRICA
2164834,1992-01-11,36724.58,F,5-LOW,Customer#000008896,BUILDING,ROMANIA,EUROPE
2219174,1992-01-11,173671.79,F,4-NOT SPECIFIED,Customer#000001819,AUTOMOBILE,CHINA,ASIA
2231107,1992-01-11,177615.03,F,2-HIGH,Customer#000087178,BUILDING,ETHIOPIA,AFRICA
2128032,1992-01-11,84992.75,F,5-LOW,Customer#000006638,FURNITURE,MOZAMBIQUE,AFRICA
1898244,1992-01-11,158471.85,F,1-URGENT,Customer#000120271,BUILDING,CANADA,AMERICA
2196962,1992-01-11,166221.09,F,3-MEDIUM,Customer#000004874,AUTOMOBILE,ETHIOPIA,AFRICA
2242752,1992-01-11,334921.72,F,5-LOW,Customer#000072941,AUTOMOBILE,UNITED STATES,AMERICA
1911940,1992-01-11,132404.66,F,2-HIGH,Customer#000074200,MACHINERY,RUSSIA,EUROPE
2238662,1992-01-11,79816.28,F,4-NOT SPECIFIED,Customer#000135697,AUTOMOBILE,ALGERIA,AFRICA
2383623,1992-01-11,176383.99,F,5-LOW,Customer#000113282,FURNITURE,IRAN,MIDDLE EAST
2120100,1992-01-11,8507.04,F,4-NOT SPECIFIED,Customer#000123425,HOUSEHOLD,KENYA,AFRICA
2211746,1992-01-11,266016.60,F,2-HIGH,Customer#000089572,MACHINERY,CANADA,AMERICA
2319873,1992-01-11,57127.31,F,2-HIGH,Customer#000059800,FURNITURE,PERU,AMERICA
1975841,1992-01-11,210613.65,F,1-URGENT,Customer#000082631,HOUSEHOLD,KENYA,AFRICA
2034305,1992-01-11,191469.90,F,3-MEDIUM,Customer#000026671,BUILDING,EGYPT,MIDDLE EAST
1901957,1992-01-11,90120.40,F,1-URGENT,Customer#000117382,BUILDING,VIETNAM,ASIA
2270660,1992-01-11,92862.16,F,1-URGENT,Customer#000102031,AUTOMOBILE,RUSSIA,EUROPE
2393409,1992-01-11,160820.26,F,4-NOT SPECIFIED,Customer#000004954,HOUSEHOLD,INDONESIA,ASIA
1865767,1992-01-11,89748.25,F,4-NOT SPECIFIED,Customer#000118804,FURNITURE,JAPAN,ASIA
212896,1992-01-11,162584.01,F,5-LOW,Customer#000107423,HOUSEHOLD,CANADA,AMERICA
2153063,1992-01-11,109274.49,F,5-LOW,Customer#000035029,HOUSEHOLD,CHINA,ASIA
2164677,1992-01-11,168549.99,F,3-MEDIUM,Customer#000102790,FURNITURE,JAPAN,ASIA
2037253,1992-01-11,201561.02,F,5-LOW,Customer#000007259,BUILDING,FRANCE,EUROPE
1969601,1992-01-11,141101.80,F,3-MEDIUM,Customer#000029579,MACHINERY,MOZAMBIQUE,AFRICA
1837927,1992-01-11,187911.32,F,5-LOW,Customer#000090121,HOUSEHOLD,UNITED STATES,AMERICA
2359969,1992-01-11,14876.90,F,3-MEDIUM,Customer#000027547,MACHINERY,MOROCCO,AFRICA
2228741,1992-01-11,112786.05,F,2-HIGH,Customer#000069788,AUTOMOBILE,KENYA,AFRICA
2093126,1992-01-11,107306.68,F,5-LOW,Customer#000026626,MACHINERY,CHINA,ASIA
2146887,1992-01-11,273586.07,F,4-NOT SPECIFIED,Customer#000121115,AUTOMOBILE,JORDAN,MIDDLE EAST
2148451,1992-01-11,210887.28,F,2-HIGH,Customer#000012589,MACHINERY,ARGENTINA,AMERICA
1867045,1992-01-11,46915.57,F,3-MEDIUM,Customer#000019117,FURNITURE,RUSSIA,EUROPE
2282691,1992-01-11,99862.94,F,4-NOT SPECIFIED,Customer#000026638,MACHINERY,MOROCCO,AFRICA
2269221,1992-01-11,88940.75,F,4-NOT SPECIFIED,Customer#000085120,HOUSEHOLD,SAUDI ARABIA,MIDDLE EAST
2352226,1992-01-11,184620.21,F,1-URGENT,Customer#000081785,AUTOMOBILE,INDIA,ASIA
3160801,1992-01-11,299723.60,F,1-URGENT,Customer#000125453,MACHINERY,BRAZIL,AMERICA
2196934,1992-01-11,145727.92,F,5-LOW,Customer#000129298,HOUSEHOLD,ALGERIA,AFRICA
3527747,1992-01-11,198894.97,F,1-URGENT,Customer#000030793,FURNITURE,EGYPT,MIDDLE EAST
3441956,1992-01-11,25379.64,F,1-URGENT,Customer#000018091,HOUSEHOLD,ROMANIA,EUROPE
3278720,1992-01-11,199359.73,F,5-LOW,Customer#000086320,AUTOMOBILE,PERU,AMERICA
2013536,1992-01-11,181921.29,F,4-NOT SPECIFIED,Customer#000072850,BUILDING,INDONESIA,ASIA
1900836,1992-01-11,64726.51,F,3-MEDIUM,Customer#000057523,FURNITURE,BRAZIL,AMERICA
2881763,1992-01-11,211565.16,F,1-URGENT,Customer#000147361,FURNITURE,BRAZIL,AMERICA
2701637,1992-01-11,335355.43,F,5-LOW,Customer#000046829,FURNITURE,JAPAN,ASIA
2484899,1992-01-11,189370.38,F,1-URGENT,Customer#000098044,BUILDING,IRAN,MIDDLE EAST
2687940,1992-01-11,237840.34,F,5-LOW,Customer#000026845,HOUSEHOLD,IRAN,MIDDLE EAST
2730628,1992-01-11,163856.49,F,5-LOW,Customer#000020623,BUILDING,MOZAMBIQUE,AFRICA
2883587,1992-01-11,143172.91,F,4-NOT SPECIFIED,Customer#000107242,HOUSEHOLD,ROMANIA,EUROPE
2987687,1992-01-11,114595.95,F,3-MEDIUM,Customer#000137792,BUILDING,JORDAN,MIDDLE EAST
2934085,1992-01-11,154106.35,F,4-NOT SPECIFIED,Customer#000010349,HOUSEHOLD,RUSSIA,EUROPE
2683078,1992-01-11,306053.37,F,2-HIGH,Customer#000082231,BUILDING,INDIA,ASIA
2781856,1992-01-11,233567.65,F,5-LOW,Customer#000036469,AUTOMOBILE,CANADA,AMERICA
2983846,1992-01-11,143995.62,F,5-LOW,Customer#000094747,MACHINERY,KENYA,AFRICA
2672513,1992-01-11,162881.88,F,4-NOT SPECIFIED,Customer#000132133,FURNITURE,UNITED STATES,AMERICA
2431655,1992-01-11,82153.39,F,4-NOT SPECIFIED,Customer#000029509,MACHINERY,RUSSIA,EUROPE
2736768,1992-01-11,37573.44,F,5-LOW,Customer#000137008,MACHINERY,INDIA,ASIA
2871524,1992-01-11,64471.15,F,5-LOW,Customer#000146272,BUILDING,MOROCCO,AFRICA
2984576,1992-01-11,227132.83,F,4-NOT SPECIFIED,Customer#000019138,MACHINERY,IRAN,MIDDLE EAST
2944738,1992-01-11,61492.29,F,3-MEDIUM,Customer#000013756,MACHINERY,JORDAN,MIDDLE EAST
2720866,1992-01-11,222770.05,F,2-HIGH,Customer#000127387,HOUSEHOLD,EGYPT,MIDDLE EAST
2744228,1992-01-11,61843.57,F,3-MEDIUM,Customer#000107065,MACHINERY,ALGERIA,AFRICA
2474913,1992-01-11,163784.09,F,5-LOW,Customer#000078553,HOUSEHOLD,PERU,AMERICA
2879812,1992-01-11,323009.63,F,4-NOT SPECIFIED,Customer#000018526,HOUSEHOLD,INDONESIA,ASIA
2852037,1992-01-11,168068.04,F,3-MEDIUM,Customer#000008068,AUTOMOBILE,UNITED KINGDOM,EUROPE
2423303,1992-01-11,51290.13,F,2-HIGH,Customer#000095426,FURNITURE,SAUDI ARABIA,MIDDLE EAST
2407040,1992-01-11,15614.37,F,2-HIGH,Customer#000035815,HOUSEHOLD,FRANCE,EUROPE
2623462,1992-01-11,86414.04,F,5-LOW,Customer#000068581,HOUSEHOLD,JORDAN,MIDDLE EAST
2790919,1992-01-11,212210.04,F,1-URGENT,Customer#000009334,HOUSEHOLD,UNITED STATES,AMERICA
2443938,1992-01-11,169395.87,F,5-LOW,Customer#000029917,HOUSEHOLD,INDONESIA,ASIA
2532999,1992-01-11,176152.00,F,4-NOT SPECIFIED,Customer#000046430,MACHINERY,JORDAN,MIDDLE EAST
2465669,1992-01-11,190201.58,F,2-HIGH,Customer#000060181,MACHINERY,UNITED KINGDOM,EUROPE
2815971,1992-01-11,83874.50,F,4-NOT SPECIFIED,Customer#000064900,AUTOMOBILE,INDIA,ASIA
2437056,1992-01-11,120798.06,F,5-LOW,Customer#000082541,AUTOMOBILE,MOZAMBIQUE,AFRICA
2737282,1992-01-11,76746.51,F,1-URGENT,Customer#000015061,BUILDING,GERMANY,EUROPE
2923010,1992-01-11,20387.08,F,3-MEDIUM,Customer#000057665,HOUSEHOLD,IRAQ,MIDDLE EAST
2726850,1992-01-11,173594.96,F,4-NOT SPECIFIED,Customer#000087211,BUILDING,CHINA,ASIA
2440739,1992-01-11,155746.82,F,5-LOW,Customer#000041135,MACHINERY,KENYA,AFRICA
2961350,1992-01-11,216131.59,F,4-NOT SPECIFIED,Customer#000124267,BUILDING,JAPAN,ASIA
2715009,1992-01-11,82542.55,F,2-HIGH,Customer#000073022,FURNITURE,INDONESIA,ASIA
2707168,1992-01-11,21798.20,F,2-HIGH,Customer#000058273,MACHINERY,PERU,AMERICA
2829666,1992-01-11,311871.27,F,1-URGENT,Customer#000049391,HOUSEHOLD,VIETNAM,ASIA
2760902,1992-01-11,118874.91,F,2-HIGH,Customer#000115646,AUTOMOBILE,GERMANY,EUROPE
2869603,1992-01-11,318276.07,F,2-HIGH,Customer#000128879,AUTOMOBILE,ARGENTINA,AMERICA
2977794,1992-01-11,252238.94,F,5-LOW,Customer#000100190,MACHINERY,JAPAN,ASIA
2669668,1992-01-11,59357.24,F,2-HIGH,Customer#000086785,HOUSEHOLD,FRANCE,EUROPE
2639367,1992-01-11,154428.23,F,2-HIGH,Customer#000119281,BUILDING,KENYA,AFRICA
2650370,1992-01-11,43592.49,F,1-URGENT,Customer#000079717,AUTOMOBILE,BRAZIL,AMERICA
2428583,1992-01-11,240948.31,F,1-URGENT,Customer#000119845,MACHINERY,MOROCCO,AFRICA
2588706,1992-01-11,284831.55,F,5-LOW,Customer#000127241,HOUSEHOLD,IRAN,MIDDLE EAST
2575488,1992-01-11,99067.00,F,5-LOW,Customer#000119585,BUILDING,KENYA,AFRICA
2649218,1992-01-11,161125.78,F,5-LOW,Customer#000059335,FURNITURE,ARGENTINA,AMERICA
2525729,1992-01-11,41403.54,F,4-NOT SPECIFIED,Customer#000137650,FURNITURE,EGYPT,MIDDLE EAST
2476416,1992-01-11,64317.65,F,2-HIGH,Customer#000083821,FURNITURE,INDIA,ASIA
2851781,1992-01-11,151715.26,F,1-URGENT,Customer#000057724,MACHINERY,IRAQ,MIDDLE EAST
2822369,1992-01-11,200914.17,F,2-HIGH,Customer#000009289,BUILDING,VIETNAM,ASIA
2859942,1992-01-11,15254.66,F,4-NOT SPECIFIED,Customer#000134384,AUTOMOBILE,ROMANIA,EUROPE
2778819,1992-01-11,194920.05,F,1-URGENT,Customer#000005866,MACHINERY,MOROCCO,AFRICA
2505444,1992-01-11,156945.43,F,5-LOW,Customer#000010670,HOUSEHOLD,IRAQ,MIDDLE EAST
2098598,1992-01-11,187753.11,F,2-HIGH,Customer#000000469,BUILDING,JAPAN,ASIA
1890016,1992-01-11,200488.89,F,3-MEDIUM,Customer#000128060,BUILDING,VIETNAM,ASIA
5048039,1992-01-11,52462.53,F,5-LOW,Customer#000136069,MACHINERY,IRAQ,MIDDLE EAST
3270305,1992-01-11,176344.21,F,2-HIGH,Customer#000007195,BUILDING,MOROCCO,AFRICA
3189473,1992-01-11,65200.77,F,1-URGENT,Customer#000148444,HOUSEHOLD,GERMANY,EUROPE
3226658,1992-01-11,111133.35,F,5-LOW,Customer#000030736,HOUSEHOLD,CANADA,AMERICA
3032387,1992-01-11,146876.98,F,2-HIGH,Customer#000042574,HOUSEHOLD,KENYA,AFRICA
3428068,1992-01-11,113292.66,F,2-HIGH,Customer#000038345,MACHINERY,VIETNAM,ASIA
3551077,1992-01-11,57114.23,F,4-NOT SPECIFIED,Customer#000084127,HOUSEHOLD,JAPAN,ASIA
3306304,1992-01-11,276491.00,F,2-HIGH,Customer#000089272,MACHINERY,CHINA,ASIA
3564033,1992-01-11,135143.82,F,3-MEDIUM,Customer#000014204,AUTOMOBILE,FRANCE,EUROPE
5353510,1992-01-11,9615.78,F,3-MEDIUM,Customer#000109546,AUTOMOBILE,IRAN,MIDDLE EAST
3088832,1992-01-11,125406.25,F,4-NOT SPECIFIED,Customer#000146854,FURNITURE,KENYA,AFRICA
3037410,1992-01-11,168389.88,F,1-URGENT,Customer#000071683,AUTOMOBILE,GERMANY,EUROPE
3346532,1992-01-11,136002.56,F,2-HIGH,Customer#000063155,FURNITURE,KENYA,AFRICA
5641825,1992-01-11,263119.69,F,4-NOT SPECIFIED,Customer#000025597,AUTOMOBILE,UNITED KINGDOM,EUROPE
5996515,1992-01-11,83425.66,F,2-HIGH,Customer#000140681,MACHINERY,MOROCCO,AFRICA
2290274,1992-01-11,68926.59,F,4-NOT SPECIFIED,Customer#000012824,MACHINERY,BRAZIL,AMERICA
2056512,1992-01-11,49390.15,F,2-HIGH,Customer#000104716,BUILDING,KENYA,AFRICA
5320000,1992-01-11,72939.17,F,1-URGENT,Customer#000052480,FURNITURE,GERMANY,EUROPE
4639845,1992-01-11,42376.88,F,5-LOW,Customer#000125725,BUILDING,MOROCCO,AFRICA
5587073,1992-01-11,2850.30,F,5-LOW,Customer#000112786,FURNITURE,ALGERIA,AFRICA
4216130,1992-01-11,241130.96,F,4-NOT SPECIFIED,Customer#000056423,AUTOMOBILE,GERMANY,EUROPE
4567621,1992-01-11,48306.15,F,1-URGENT,Customer#000149371,AUTOMOBILE,UNITED KINGDOM,EUROPE
4495810,1992-01-11,13208.67,F,4-NOT SPECIFIED,Customer#000148447,BUILDING,FRANCE,EUROPE
5000230,1992-01-11,118447.41,F,5-LOW,Customer#000006010,HOUSEHOLD,UNITED KINGDOM,EUROPE
4352711,1992-01-11,172775.91,F,5-LOW,Customer#000136999,MACHINERY,FRANCE,EUROPE
4659207,1992-01-11,113395.79,F,5-LOW,Customer#000088528,FURNITURE,FRANCE,EUROPE
4382535,1992-01-11,196906.62,F,2-HIGH,Customer#000144395,MACHINERY,ARGENTINA,AMERICA
4645222,1992-01-11,206259.19,F,2-HIGH,Customer#000097774,MACHINERY,KENYA,AFRICA
4237121,1992-01-11,134289.89,F,1-URGENT,Customer#000060665,HOUSEHOLD,EGYPT,MIDDLE EAST
4606114,1992-01-11,189002.34,F,5-LOW,Customer#000088420,HOUSEHOLD,INDIA,ASIA
4690912,1992-01-11,151725.66,F,1-URGENT,Customer#000094121,BUILDING,FRANCE,EUROPE
4586726,1992-01-11,153589.18,F,3-MEDIUM,Customer#000006263,FURNITURE,KENYA,AFRICA
4537318,1992-01-11,88362.05,F,2-HIGH,Customer#000010631,AUTOMOBILE,JORDAN,MIDDLE EAST
4227236,1992-01-11,64945.14,F,1-URGENT,Customer#000118463,BUILDING,IRAQ,MIDDLE EAST
4754594,1992-01-11,386613.57,F,5-LOW,Customer#000063328,BUILDING,ROMANIA,EUROPE
4684004,1992-01-11,200034.08,F,2-HIGH,Customer#000101581,HOUSEHOLD,UNITED KINGDOM,EUROPE
4345089,1992-01-11,137592.75,F,2-HIGH,Customer#000063388,MACHINERY,IRAQ,MIDDLE EAST
4633541,1992-01-11,197127.36,F,3-MEDIUM,Customer#000036307,FURNITURE,EGYPT,MIDDLE EAST
4220134,1992-01-11,27361.97,F,1-URGENT,Customer#000107006,BUILDING,JAPAN,ASIA
890340,1992-01-11,295827.34,F,5-LOW,Customer#000015823,AUTOMOBILE,RUSSIA,EUROPE
4271940,1992-01-11,158806.74,F,1-URGENT,Customer#000117745,MACHINERY,MOROCCO,AFRICA
5127298,1992-01-11,22234.27,F,5-LOW,Customer#000096706,BUILDING,IRAQ,MIDDLE EAST
5141797,1992-01-11,105636.49,F,5-LOW,Customer#000144865,AUTOMOBILE,GERMANY,EUROPE
4327653,1992-01-11,56269.39,F,4-NOT SPECIFIED,Customer#000147467,BUILDING,KENYA,AFRICA
5548131,1992-01-11,85093.21,F,1-URGENT,Customer#000058388,MACHINERY,PERU,AMERICA
5991559,1992-01-11,39524.69,F,5-LOW,Customer#000006167,FURNITURE,GERMANY,EUROPE
4716708,1992-01-11,418722.08,F,4-NOT SPECIFIED,Customer#000089405,MACHINERY,GERMANY,EUROPE
4823332,1992-01-11,218338.04,F,4-NOT SPECIFIED,Customer#000059764,AUTOMOBILE,RUSSIA,EUROPE
5438278,1992-01-11,56302.34,F,4-NOT SPECIFIED,Customer#000020761,HOUSEHOLD,UNITED KINGDOM,EUROPE
5360357,1992-01-11,141285.41,F,5-LOW,Customer#000013039,BUILDING,IRAN,MIDDLE EAST
4833093,1992-01-11,130496.71,F,4-NOT SPECIFIED,Customer#000101093,MACHINERY,MOZAMBIQUE,AFRICA
5651014,1992-01-11,50106.90,F,2-HIGH,Customer#000066661,HOUSEHOLD,UNITED KINGDOM,EUROPE
5378278,1992-01-11,309373.01,F,2-HIGH,Customer#000101242,AUTOMOBILE,EGYPT,MIDDLE EAST
5999556,1992-01-11,80213.47,F,1-URGENT,Customer#000084787,MACHINERY,UNITED STATES,AMERICA
5813664,1992-01-11,220783.77,F,2-HIGH,Customer#000000172,MACHINERY,RUSSIA,EUROPE
4992226,1992-01-11,198366.32,F,2-HIGH,Customer#000036340,MACHINERY,ARGENTINA,AMERICA
5898407,1992-01-11,10256.46,F,4-NOT SPECIFIED,Customer#000088210,HOUSEHOLD,KENYA,AFRICA
5458497,1992-01-11,308490.41,F,3-MEDIUM,Customer#000017107,AUTOMOBILE,ARGENTINA,AMERICA
5775943,1992-01-11,195402.16,F,2-HIGH,Customer#000042499,BUILDING,INDONESIA,ASIA
5378786,1992-01-11,311066.78,F,5-LOW,Customer#000078691,MACHINERY,ARGENTINA,AMERICA
5184069,1992-01-11,379441.71,F,4-NOT SPECIFIED,Customer#000104569,MACHINERY,ARGENTINA,AMERICA
5214438,1992-01-11,59536.54,F,1-URGENT,Customer#000036815,AUTOMOBILE,ARGENTINA,AMERICA
1761956,1992-01-11,63089.52,F,4-NOT SPECIFIED,Customer#000072218,MACHINERY,VIETNAM,ASIA
4015425,1992-01-11,66968.29,F,3-MEDIUM,Customer#000038054,FURNITURE,INDIA,ASIA
1263649,1992-01-11,138460.13,F,3-MEDIUM,Customer#000093128,FURNITURE,FRANCE,EUROPE
5449639,1992-01-11,33691.99,F,5-LOW,Customer#000145375,BUILDING,UNITED STATES,AMERICA
3908741,1992-01-11,116219.55,F,4-NOT SPECIFIED,Customer#000112213,FURNITURE,BRAZIL,AMERICA
1749670,1992-01-11,99115.51,F,5-LOW,Customer#000119279,HOUSEHOLD,SAUDI ARABIA,MIDDLE EAST
3733536,1992-01-11,53435.25,F,3-MEDIUM,Customer#000038440,FURNITURE,MOZAMBIQUE,AFRICA
1739588,1992-01-11,46211.13,F,3-MEDIUM,Customer#000132502,BUILDING,INDONESIA,ASIA
3764869,1992-01-11,197414.42,F,5-LOW,Customer#000035539,HOUSEHOLD,MOROCCO,AFRICA
4134567,1992-01-11,174352.57,F,3-MEDIUM,Customer#000054301,HOUSEHOLD,UNITED STATES,AMERICA
1274695,1992-01-11,122267.30,F,5-LOW,Customer#000074275,HOUSEHOLD,JAPAN,ASIA
4077797,1992-01-11,242759.41,F,1-URGENT,Customer#000005251,AUTOMOBILE,JAPAN,ASIA
5279652,1992-01-11,130209.73,F,2-HIGH,Customer#000117853,MACHINERY,UNITED STATES,AMERICA
3934435,1992-01-11,235714.00,F,4-NOT SPECIFIED,Customer#000100078,AUTOMOBILE,IRAN,MIDDLE EAST
1688612,1992-01-11,90615.79,F,3-MEDIUM,Customer#000132488,FURNITURE,MOROCCO,AFRICA
5138531,1992-01-11,147641.17,F,3-MEDIUM,Customer#000019303,AUTOMOBILE,EGYPT,MIDDLE EAST
3733057,1992-01-11,238328.39,F,5-LOW,Customer#000069230,HOUSEHOLD,UNITED STATES,AMERICA
1329731,1992-01-11,115514.57,F,2-HIGH,Customer#000082327,FURNITURE,JAPAN,ASIA
1425509,1992-01-11,39938.75,F,4-NOT SPECIFIED,Customer#000014137,AUTOMOBILE,VIETNAM,ASIA
1269824,1992-01-11,92581.26,F,3-MEDIUM,Customer#000028222,AUTOMOBILE,CANADA,AMERICA
5578466,1992-01-11,99967.33,F,3-MEDIUM,Customer#000093151,AUTOMOBILE,UNITED KINGDOM,EUROPE
1285222,1992-01-11,48667.61,F,4-NOT SPECIFIED,Customer#000055879,AUTOMOBILE,UNITED KINGDOM,EUROPE
1494018,1992-01-11,245298.80,F,2-HIGH,Customer#000057911,MACHINERY,VIETNAM,ASIA
4147527,1992-01-11,163781.17,F,2-HIGH,Customer#000009625,HOUSEHOLD,UNITED STATES,AMERICA
3629763,1992-01-11,191292.72,F,3-MEDIUM,Customer#000054031,HOUSEHOLD,IRAN,MIDDLE EAST
1353602,1992-01-11,127017.69,F,5-LOW,Customer#000027652,MACHINERY,SAUDI ARABIA,MIDDLE EAST
3783238,1992-01-11,142584.29,F,2-HIGH,Customer#000117238,AUTOMOBILE,PERU,AMERICA
5828739,1992-01-11,132315.93,F,5-LOW,Customer#000038344,FURNITURE,CANADA,AMERICA
4041446,1992-01-11,183906.04,F,5-LOW,Customer#000069988,AUTOMOBILE,IRAQ,MIDDLE EAST
4169923,1992-01-11,314948.19,F,1-URGENT,Customer#000115847,MACHINERY,MOROCCO,AFRICA
1334914,1992-01-11,210757.52,F,5-LOW,Customer#000053575,MACHINERY,BRAZIL,AMERICA
3710277,1992-01-11,2125.79,F,1-URGENT,Customer#000113822,HOUSEHOLD,RUSSIA,EUROPE
3773255,1992-01-11,82805.50,F,2-HIGH,Customer#000145204,FURNITURE,IRAN,MIDDLE EAST
3956034,1992-01-11,204008.42,F,1-URGENT,Customer#000053788,AUTOMOBILE,CHINA,ASIA
1559782,1992-01-11,20969.42,F,3-MEDIUM,Customer#000096181,MACHINERY,ETHIOPIA,AFRICA
1707522,1992-01-11,9205.26,F,1-URGENT,Customer#000015952,FURNITURE,ARGENTINA,AMERICA
5550273,1992-01-11,329203.33,F,4-NOT SPECIFIED,Customer#000070292,HOUSEHOLD,ARGENTINA,AMERICA
3766530,1992-01-11,124039.95,F,3-MEDIUM,Customer#000096418,FURNITURE,ALGERIA,AFRICA
1420069,1992-01-11,57414.79,F,5-LOW,Customer#000061967,AUTOMOBILE,UNITED STATES,AMERICA
1361953,1992-01-11,111962.61,F,2-HIGH,Customer#000044507,FURNITURE,UNITED KINGDOM,EUROPE
3868356,1992-01-11,176320.83,F,4-NOT SPECIFIED,Customer#000089194,FURNITURE,EGYPT,MIDDLE EAST
1514182,1992-01-11,211095.00,F,5-LOW,Customer#000021688,AUTOMOBILE,INDIA,ASIA
1737024,1992-01-11,236204.94,F,1-URGENT,Customer#000111983,HOUSEHOLD,CHINA,ASIA
5886053,1992-01-11,125607.39,F,1-URGENT,Customer#000030451,HOUSEHOLD,CANADA,AMERICA
4804161,1992-01-11,26584.68,F,5-LOW,Customer#000111673,HOUSEHOLD,ALGERIA,AFRICA
5969797,1992-01-11,37085.99,F,4-NOT SPECIFIED,Customer#000067201,HOUSEHOLD,VIETNAM,ASIA
5956129,1992-01-11,48910.82,F,3-MEDIUM,Customer#000003700,FURNITURE,UNITED STATES,AMERICA
5872007,1992-01-11,233501.77,F,5-LOW,Customer#000065243,BUILDING,FRANCE,EUROPE
5113152,1992-01-11,69016.76,F,3-MEDIUM,Customer#000066844,FURNITURE,GERMANY,EUROPE
4988870,1992-01-11,296025.05,F,1-URGENT,Customer#000087520,FURNITURE,UNITED KINGDOM,EUROPE
4801952,1992-01-11,178360.60,F,5-LOW,Customer#000021365,FURNITURE,ALGERIA,AFRICA
5652358,1992-01-11,116039.54,F,3-MEDIUM,Customer#000113114,FURNITURE,INDIA,ASIA
5194083,1992-01-11,252927.59,F,3-MEDIUM,Customer#000126520,BUILDING,JAPAN,ASIA
4250241,1992-01-11,67916.19,F,1-URGENT,Customer#000117238,AUTOMOBILE,PERU,AMERICA
4314183,1992-01-11,226518.45,F,1-URGENT,Customer#000016970,FURNITURE,INDIA,ASIA
5896128,1992-01-11,195412.73,F,5-LOW,Customer#000116258,HOUSEHOLD,IRAN,MIDDLE EAST
3740002,1992-01-11,78856.92,F,5-LOW,Customer#000111655,FURNITURE,VIETNAM,ASIA
4785959,1992-01-11,240600.80,F,1-URGENT,Customer#000143147,MACHINERY,UNITED STATES,AMERICA
1273989,1992-01-11,169992.10,F,2-HIGH,Customer#000056881,HOUSEHOLD,BRAZIL,AMERICA
3917350,1992-01-11,280383.25,F,4-NOT SPECIFIED,Customer#000137741,BUILDING,SAUDI ARABIA,MIDDLE EAST
5779811,1992-01-11,63625.94,F,3-MEDIUM,Customer#000139549,FURNITURE,CANADA,AMERICA
1572096,1992-01-11,304172.00,F,4-NOT SPECIFIED,Customer#000002134,MACHINERY,INDIA,ASIA
1417924,1992-01-11,87121.53,F,3-MEDIUM,Customer#000008785,BUILDING,ALGERIA,AFRICA
1497381,1992-01-11,126333.41,F,1-URGENT,Customer#000015698,FURNITURE,FRANCE,EUROPE
4233984,1992-01-11,327253.47,F,4-NOT SPECIFIED,Customer#000059812,FURNITURE,VIETNAM,ASIA
3779905,1992-01-11,77443.80,F,1-URGENT,Customer#000068896,HOUSEHOLD,PERU,AMERICA
1545281,1992-01-11,129381.17,F,4-NOT SPECIFIED,Customer#000020944,MACHINERY,MOROCCO,AFRICA
3611811,1992-01-11,253416.73,F,5-LOW,Customer#000077929,FURNITURE,IRAN,MIDDLE EAST
4162151,1992-01-11,153826.52,F,5-LOW,Customer#000017254,HOUSEHOLD,JAPAN,ASIA
3762660,1992-01-11,253705.42,F,3-MEDIUM,Customer#000129323,BUILDING,ROMANIA,EUROPE
1718817,1992-01-11,290207.94,F,4-NOT SPECIFIED,Customer#000072961,MACHINERY,UNITED STATES,AMERICA
4010690,1992-01-11,82565.42,F,5-LOW,Customer#000104644,MACHINERY,GERMANY,EUROPE
4068578,1992-01-11,93170.30,F,3-MEDIUM,Customer#000115918,AUTOMOBILE,MOZAMBIQUE,AFRICA
4009829,1992-01-11,104940.54,F,2-HIGH,Customer#000087397,FURNITURE,RUSSIA,EUROPE
4061479,1992-01-11,229948.95,F,1-URGENT,Customer#000084290,MACHINERY,MOROCCO,AFRICA
4010823,1992-01-11,19560.63,F,4-NOT SPECIFIED,Customer#000001640,BUILDING,INDIA,ASIA
3815587,1992-01-11,112741.88,F,5-LOW,Customer#000043027,FURNITURE,KENYA,AFRICA
1531462,1992-01-11,227363.55,F,2-HIGH,Customer#000091672,BUILDING,ROMANIA,EUROPE
3905988,1992-01-11,85142.30,F,4-NOT SPECIFIED,Customer#000138865,BUILDING,BRAZIL,AMERICA
4068257,1992-01-11,1015.34,F,1-URGENT,Customer#000142786,AUTOMOBILE,CANADA,AMERICA
3723521,1992-01-11,262748.15,F,4-NOT SPECIFIED,Customer#000120466,AUTOMOBILE,EGYPT,MIDDLE EAST
4092133,1992-01-11,185399.74,F,5-LOW,Customer#000000145,HOUSEHOLD,JORDAN,MIDDLE EAST
1692450,1992-01-11,207508.57,F,2-HIGH,Customer#000107612,BUILDING,INDONESIA,ASIA
3705061,1992-01-11,25405.88,F,3-MEDIUM,Customer#000062983,MACHINERY,RUSSIA,EUROPE
4104064,1992-01-11,27602.25,F,1-URGENT,Customer#000146152,BUILDING,IRAN,MIDDLE EAST
4015332,1992-01-11,24418.24,F,4-NOT SPECIFIED,Customer#000066683,HOUSEHOLD,INDONESIA,ASIA
3809345,1992-01-11,133231.75,F,2-HIGH,Customer#000124216,MACHINERY,FRANCE,EUROPE
1702022,1992-01-11,77756.68,F,3-MEDIUM,Customer#000040478,HOUSEHOLD,IRAQ,MIDDLE EAST
4032001,1992-01-11,283975.83,F,4-NOT SPECIFIED,Customer#000058348,BUILDING,ETHIOPIA,AFRICA
1039430,1992-01-11,300820.24,F,4-NOT SPECIFIED,Customer#000024475,HOUSEHOLD,UNITED KINGDOM,EUROPE
5984903,1992-01-11,59388.21,F,4-NOT SPECIFIED,Customer#000013271,HOUSEHOLD,JORDAN,MIDDLE EAST
5033284,1992-01-11,118827.77,F,1-URGENT,Customer#000041018,MACHINERY,VIETNAM,ASIA
5936615,1992-01-11,239225.39,F,5-LOW,Customer#000111214,AUTOMOBILE,INDIA,ASIA
5236931,1992-01-11,62985.87,F,2-HIGH,Customer#000115921,AUTOMOBILE,INDONESIA,ASIA
5093415,1992-01-11,300480.32,F,4-NOT SPECIFIED,Customer#000007882,FURNITURE,SAUDI ARABIA,MIDDLE EAST
5685509,1992-01-11,191246.21,F,4-NOT SPECIFIED,Customer#000131168,FURNITURE,ROMANIA,EUROPE
5312389,1992-01-11,41027.17,F,2-HIGH,Customer#000074968,MACHINERY,ARGENTINA,AMERICA
5567910,1992-01-11,43223.64,F,2-HIGH,Customer#000111334,HOUSEHOLD,IRAN,MIDDLE EAST
5802020,1992-01-11,197747.42,F,2-HIGH,Customer#000107341,MACHINERY,MOZAMBIQUE,AFRICA
5000004,1992-01-11,132392.10,F,1-URGENT,Customer#000100015,MACHINERY,KENYA,AFRICA
5395717,1992-01-11,214795.72,F,1-URGENT,Customer#000128081,HOUSEHOLD,GERMANY,EUROPE
5427778,1992-01-11,343123.69,F,5-LOW,Customer#000123259,HOUSEHOLD,BRAZIL,AMERICA
4811104,1992-01-11,33223.78,F,5-LOW,Customer#000124195,BUILDING,ARGENTINA,AMERICA
1589345,1992-01-11,298110.63,F,3-MEDIUM,Customer#000044368,MACHINERY,FRANCE,EUROPE
1718884,1992-01-11,94011.62,F,4-NOT SPECIFIED,Customer#000092117,FURNITURE,FRANCE,EUROPE
5478887,1992-01-11,172992.79,F,1-URGENT,Customer#000144170,AUTOMOBILE,BRAZIL,AMERICA
3961122,1992-01-11,81354.18,F,1-URGENT,Customer#000058952,AUTOMOBILE,INDIA,ASIA
5760005,1992-01-11,282239.36,F,4-NOT SPECIFIED,Customer#000137506,FURNITURE,RUSSIA,EUROPE
5050981,1992-01-11,302147.81,F,2-HIGH,Customer#000135142,HOUSEHOLD,KENYA,AFRICA
5042531,1992-01-11,47217.77,F,3-MEDIUM,Customer#000118663,BUILDING,GERMANY,EUROPE
5211296,1992-01-11,172595.16,F,1-URGENT,Customer#000034930,MACHINERY,CANADA,AMERICA
1554566,1992-01-11,41299.39,F,4-NOT SPECIFIED,Customer#000148820,MACHINERY,IRAN,MIDDLE EAST
5466852,1992-01-11,132621.42,F,4-NOT SPECIFIED,Customer#000080974,FURNITURE,KENYA,AFRICA
5399938,1992-01-11,218365.77,F,1-URGENT,Customer#000094088,FURNITURE,INDONESIA,ASIA
2160550,1992-01-11,58008.01,F,3-MEDIUM,Customer#000057611,MACHINERY,UNITED STATES,AMERICA
5580803,1992-01-11,172812.44,F,3-MEDIUM,Customer#000051686,FURNITURE,JORDAN,MIDDLE EAST
4947683,1992-01-11,130245.18,F,5-LOW,Customer#000025364,AUTOMOBILE,BRAZIL,AMERICA
5454560,1992-01-11,30036.01,F,1-URGENT,Customer#000033971,MACHINERY,ARGENTINA,AMERICA
5610213,1992-01-11,304270.40,F,1-URGENT,Customer#000043154,MACHINERY,MOZAMBIQUE,AFRICA
5877191,1992-01-11,21952.80,F,5-LOW,Customer#000012592,HOUSEHOLD,ETHIOPIA,AFRICA
5553413,1992-01-11,84799.30,F,4-NOT SPECIFIED,Customer#000086495,BUILDING,ROMANIA,EUROPE
5578912,1992-01-11,84654.09,F,4-NOT SPECIFIED,Customer#000027796,AUTOMOBILE,RUSSIA,EUROPE
5941414,1992-01-11,339646.64,F,4-NOT SPECIFIED,Customer#000138022,MACHINERY,IRAQ,MIDDLE EAST
1392480,1992-01-11,106173.08,F,4-NOT SPECIFIED,Customer#000048962,AUTOMOBILE,SAUDI ARABIA,MIDDLE EAST
4177953,1992-01-11,275437.29,F,5-LOW,Customer#000113108,AUTOMOBILE,MOZAMBIQUE,AFRICA
5709957,1992-01-11,273251.73,F,5-LOW,Customer#000061798,AUTOMOBILE,FRANCE,EUROPE
1411680,1992-01-11,86597.73,F,2-HIGH,Customer#000088460,AUTOMOBILE,IRAN,MIDDLE EAST
1221410,1992-01-11,80762.67,F,1-URGENT,Customer#000040471,BUILDING,ETHIOPIA,AFRICA
1243875,1992-01-11,163001.11,F,1-URGENT,Customer#000129080,FURNITURE,UNITED KINGDOM,EUROPE
1624998,1992-01-11,97378.13,F,5-LOW,Customer#000063758,BUILDING,CHINA,ASIA
5010311,1992-01-11,47380.58,F,3-MEDIUM,Customer#000138491,FURNITURE,FRANCE,EUROPE
5496224,1992-01-11,79165.85,F,4-NOT SPECIFIED,Customer#000105653,FURNITURE,UNITED STATES,AMERICA
5275108,1992-01-11,26420.18,F,1-URGENT,Customer#000084814,HOUSEHOLD,INDONESIA,ASIA
5834758,1992-01-11,29533.22,F,1-URGENT,Customer#000095500,BUILDING,BRAZIL,AMERICA
1259235,1992-01-11,204492.88,F,4-NOT SPECIFIED,Customer#000038915,AUTOMOBILE,INDIA,ASIA
3870338,1992-01-11,198975.66,F,2-HIGH,Customer#000135970,FURNITURE,ALGERIA,AFRICA
5340131,1992-01-11,94789.60,F,1-URGENT,Customer#000005113,FURNITURE,ALGERIA,AFRICA
3868069,1992-01-11,93480.17,F,4-NOT SPECIFIED,Customer#000146644,AUTOMOBILE,KENYA,AFRICA
5783653,1992-01-11,91818.43,F,4-NOT SPECIFIED,Customer#000145876,FURNITURE,MOROCCO,AFRICA
5046310,1992-01-11,84865.45,F,5-LOW,Customer#000050272,FURNITURE,JAPAN,ASIA
5027397,1992-01-11,329094.65,F,4-NOT SPECIFIED,Customer#000103592,AUTOMOBILE,EGYPT,MIDDLE EAST
5783010,1992-01-11,130445.37,F,4-NOT SPECIFIED,Customer#000026342,HOUSEHOLD,CANADA,AMERICA
5791907,1992-01-11,90532.61,F,4-NOT SPECIFIED,Customer#000130573,HOUSEHOLD,PERU,AMERICA
5394818,1992-01-11,151679.52,F,4-NOT SPECIFIED,Customer#000097184,HOUSEHOLD,UNITED STATES,AMERICA
5567460,1992-01-11,264958.72,F,4-NOT SPECIFIED,Customer#000128639,AUTOMOBILE,RUSSIA,EUROPE
5942118,1992-01-11,182075.27,F,5-LOW,Customer#000004459,AUTOMOBILE,CHINA,ASIA
5451621,1992-01-11,243454.93,F,3-MEDIUM,Customer#000112357,FURNITURE,MOZAMBIQUE,AFRICA
4834213,1992-01-11,255220.09,F,3-MEDIUM,Customer#000080549,AUTOMOBILE,MOROCCO,AFRICA
5064896,1992-01-11,181123.45,F,3-MEDIUM,Customer#000074680,FURNITURE,RUSSIA,EUROPE
5289766,1992-01-11,153989.45,F,2-HIGH,Customer#000145730,FURNITURE,INDONESIA,ASIA
5291042,1992-01-11,60050.64,F,1-URGENT,Customer#000030754,AUTOMOBILE,CANADA,AMERICA
4840803,1992-01-11,86418.56,F,5-LOW,Customer#000011674,MACHINERY,CANADA,AMERICA
5222624,1992-01-11,144496.88,F,4-NOT SPECIFIED,Customer#000070021,MACHINERY,ROMANIA,EUROPE
5334369,1992-01-11,206838.24,F,1-URGENT,Customer#000004435,AUTOMOBILE,PERU,AMERICA
1304036,1992-01-11,83158.10,F,4-NOT SPECIFIED,Customer#000122774,AUTOMOBILE,KENYA,AFRICA
4194692,1992-01-11,242101.78,F,2-HIGH,Customer#000114340,AUTOMOBILE,IRAN,MIDDLE EAST
5680352,1992-01-11,74129.60,F,1-URGENT,Customer#000079193,BUILDING,SAUDI ARABIA,MIDDLE EAST
1200133,1992-01-11,9702.25,F,3-MEDIUM,Customer#000069032,MACHINERY,CHINA,ASIA
3936962,1992-01-11,81306.45,F,3-MEDIUM,Customer#000137698,AUTOMOBILE,PERU,AMERICA
4959104,1992-01-11,57813.62,F,3-MEDIUM,Customer#000128707,FURNITURE,VIETNAM,ASIA
1227937,1992-01-11,109424.50,F,3-MEDIUM,Customer#000106666,BUILDING,INDIA,ASIA
5411043,1992-01-11,194159.59,F,1-URGENT,Customer#000080062,MACHINERY,UNITED KINGDOM,EUROPE
5248482,1992-01-11,122534.69,F,2-HIGH,Customer#000112016,FURNITURE,BRAZIL,AMERICA
4804705,1992-01-11,89970.94,F,1-URGENT,Customer#000128843,FURNITURE,MOROCCO,AFRICA
5417956,1992-01-11,117675.19,F,1-URGENT,Customer#000076615,AUTOMOBILE,RUSSIA,EUROPE
5422816,1992-01-11,28150.31,F,3-MEDIUM,Customer#000137360,HOUSEHOLD,MOZAMBIQUE,AFRICA
5855110,1992-01-11,126694.40,F,4-NOT SPECIFIED,Customer#000119956,HOUSEHOLD,IRAN,MIDDLE EAST
5443012,1992-01-11,252838.81,F,2-HIGH,Customer#000138347,FURNITURE,ARGENTINA,AMERICA
5254982,1992-01-11,131317.28,F,2-HIGH,Customer#000135460,HOUSEHOLD,IRAN,MIDDLE EAST
5895046,1992-01-11,120651.89,F,5-LOW,Customer#000014470,MACHINERY,ALGERIA,AFRICA
4419107,1992-01-12,218798.79,F,5-LOW,Customer#000006010,HOUSEHOLD,UNITED KINGDOM,EUROPE
4303398,1992-01-12,152029.20,F,4-NOT SPECIFIED,Customer#000123997,MACHINERY,RUSSIA,EUROPE
4365568,1992-01-12,42005.68,F,5-LOW,Customer#000038860,BUILDING,IRAQ,MIDDLE EAST
4269472,1992-01-12,229790.16,F,3-MEDIUM,Customer#000145678,HOUSEHOLD,UNITED KINGDOM,EUROPE
4592422,1992-01-12,154215.18,F,2-HIGH,Customer#000111824,AUTOMOBILE,BRAZIL,AMERICA
4433760,1992-01-12,235532.26,F,5-LOW,Customer#000128029,FURNITURE,INDONESIA,ASIA
4596068,1992-01-12,100021.38,F,3-MEDIUM,Customer#000003899,BUILDING,PERU,AMERICA
4368199,1992-01-12,83223.22,F,3-MEDIUM,Customer#000067226,FURNITURE,UNITED KINGDOM,EUROPE
3150021,1992-01-12,115600.80,F,3-MEDIUM,Customer#000122041,AUTOMOBILE,JAPAN,ASIA
3271175,1992-01-12,362258.61,F,5-LOW,Customer#000038615,BUILDING,ALGERIA,AFRICA
3488672,1992-01-12,231106.16,F,4-NOT SPECIFIED,Customer#000097046,FURNITURE,SAUDI ARABIA,MIDDLE EAST
3171526,1992-01-12,74190.88,F,1-URGENT,Customer#000058516,BUILDING,UNITED STATES,AMERICA
3577829,1992-01-12,28698.10,F,3-MEDIUM,Customer#000060278,HOUSEHOLD,SAUDI ARABIA,MIDDLE EAST
3115460,1992-01-12,268024.44,F,4-NOT SPECIFIED,Customer#000124706,BUILDING,MOZAMBIQUE,AFRICA
3142309,1992-01-12,178516.70,F,4-NOT SPECIFIED,Customer#000122743,FURNITURE,GERMANY,EUROPE
3226823,1992-01-12,62570.69,F,4-NOT SPECIFIED,Customer#000026011,FURNITURE,ROMANIA,EUROPE
3277282,1992-01-12,213442.02,F,1-URGENT,Customer#000095587,AUTOMOBILE,UNITED KINGDOM,EUROPE
3587110,1992-01-12,59625.26,F,5-LOW,Customer#000127189,BUILDING,VIETNAM,ASIA
3418148,1992-01-12,245350.25,F,4-NOT SPECIFIED,Customer#000001534,FURNITURE,PERU,AMERICA
3574374,1992-01-12,121019.56,F,4-NOT SPECIFIED,Customer#000018502,HOUSEHOLD,ALGERIA,AFRICA
3340581,1992-01-12,73008.27,F,2-HIGH,Customer#000021754,FURNITURE,JORDAN,MIDDLE EAST
3408960,1992-01-12,244315.94,F,2-HIGH,Customer#000025544,BUILDING,SAUDI ARABIA,MIDDLE EAST
3327649,1992-01-12,101292.71,F,2-HIGH,Customer#000053987,AUTOMOBILE,INDONESIA,ASIA
3118055,1992-01-12,97193.08,F,2-HIGH,Customer#000069692,HOUSEHOLD,INDIA,ASIA
3249125,1992-01-12,299580.23,F,4-NOT SPECIFIED,Customer#000094822,BUILDING,JORDAN,MIDDLE EAST
3292577,1992-01-12,90752.44,F,5-LOW,Customer#000029806,BUILDING,MOZAMBIQUE,AFRICA
3405926,1992-01-12,114954.41,F,1-URGENT,Customer#000058712,HOUSEHOLD,CHINA,ASIA
3340230,1992-01-12,301890.67,F,1-URGENT,Customer#000121235,AUTOMOBILE,UNITED STATES,AMERICA
3459876,1992-01-12,44368.32,F,2-HIGH,Customer#000077638,AUTOMOBILE,ETHIOPIA,AFRICA
3080384,1992-01-12,194443.89,F,2-HIGH,Customer#000032126,MACHINERY,ETHIOPIA,AFRICA
3343397,1992-01-12,201105.62,F,5-LOW,Customer#000009892,MACHINERY,JORDAN,MIDDLE EAST
3461475,1992-01-12,42119.37,F,4-NOT SPECIFIED,Customer#000050479,BUILDING,CHINA,ASIA
3268803,1992-01-12,199175.98,F,5-LOW,Customer#000041774,FURNITURE,UNITED STATES,AMERICA
3049637,1992-01-12,164407.42,F,2-HIGH,Customer#000018851,FURNITURE,INDIA,ASIA
3304034,1992-01-12,80160.95,F,3-MEDIUM,Customer#000000842,FURNITURE,ALGERIA,AFRICA
3357058,1992-01-12,64438.19,F,1-URGENT,Customer#000132538,AUTOMOBILE,INDONESIA,ASIA
3388198,1992-01-12,74184.82,F,3-MEDIUM,Customer#000139417,FURNITURE,FRANCE,EUROPE
3172422,1992-01-12,127772.62,F,4-NOT SPECIFIED,Customer#000063658,MACHINERY,INDIA,ASIA
3347877,1992-01-12,287338.93,F,1-URGENT,Customer#000072056,HOUSEHOLD,JORDAN,MIDDLE EAST
3394950,1992-01-12,129192.47,F,5-LOW,Customer#000057614,MACHINERY,JORDAN,MIDDLE EAST
3176418,1992-01-12,182674.76,F,3-MEDIUM,Customer#000122558,FURNITURE,UNITED KINGDOM,EUROPE
3539620,1992-01-12,135470.34,F,1-URGENT,Customer#000136993,FURNITURE,JAPAN,ASIA
3101767,1992-01-12,29198.25,F,5-LOW,Customer#000147449,FURNITURE,BRAZIL,AMERICA
3402115,1992-01-12,264013.38,F,4-NOT SPECIFIED,Customer#000002896,AUTOMOBILE,JAPAN,ASIA
3564710,1992-01-12,332218.83,F,5-LOW,Customer#000116321,MACHINERY,RUSSIA,EUROPE
3598950,1992-01-12,90753.09,F,2-HIGH,Customer#000002527,MACHINERY,RUSSIA,EUROPE
3098982,1992-01-12,91917.77,F,4-NOT SPECIFIED,Customer#000022924,MACHINERY,FRANCE,EUROPE
3581958,1992-01-12,254840.09,F,2-HIGH,Customer#000087128,FURNITURE,JAPAN,ASIA
3072775,1992-01-12,90220.05,F,2-HIGH,Customer#000095638,HOUSEHOLD,ALGERIA,AFRICA
3336580,1992-01-12,204306.58,F,1-URGENT,Customer#000027526,MACHINERY,JAPAN,ASIA
3554341,1992-01-12,24214.57,F,1-URGENT,Customer#000146878,BUILDING,IRAN,MIDDLE EAST
3292549,1992-01-12,108695.95,F,2-HIGH,Customer#000034951,MACHINERY,FRANCE,EUROPE
3195682,1992-01-12,194615.97,F,5-LOW,Customer#000006008,FURNITURE,BRAZIL,AMERICA
3366595,1992-01-12,25943.28,F,3-MEDIUM,Customer#000123055,HOUSEHOLD,ALGERIA,AFRICA
5639618,1992-01-12,264423.16,F,5-LOW,Customer#000129322,BUILDING,IRAN,MIDDLE EAST
5581024,1992-01-12,130444.78,F,4-NOT SPECIFIED,Customer#000100591,FURNITURE,MOROCCO,AFRICA
5006342,1992-01-12,114439.47,F,5-LOW,Customer#000091813,BUILDING,ROMANIA,EUROPE
4457540,1992-01-12,198126.29,F,1-URGENT,Customer#000145142,HOUSEHOLD,RUSSIA,EUROPE
4542882,1992-01-12,58008.83,F,1-URGENT,Customer#000105041,AUTOMOBILE,GERMANY,EUROPE
4785312,1992-01-12,262132.27,F,4-NOT SPECIFIED,Customer#000007720,BUILDING,RUSSIA,EUROPE
4743430,1992-01-12,124854.07,F,2-HIGH,Customer#000133781,MACHINERY,ALGERIA,AFRICA
4323235,1992-01-12,54553.76,F,3-MEDIUM,Customer#000012202,FURNITURE,JAPAN,ASIA
4670178,1992-01-12,186857.29,F,2-HIGH,Customer#000043978,AUTOMOBILE,ETHIOPIA,AFRICA
4402213,1992-01-12,282481.22,F,2-HIGH,Customer#000039064,MACHINERY,KENYA,AFRICA
4218306,1992-01-12,161586.92,F,5-LOW,Customer#000062699,BUILDING,INDONESIA,ASIA
4790720,1992-01-12,142013.90,F,1-URGENT,Customer#000069521,FURNITURE,ALGERIA,AFRICA
4248999,1992-01-12,106377.68,F,3-MEDIUM,Customer#000127813,AUTOMOBILE,MOZAMBIQUE,AFRICA
4497666,1992-01-12,247805.13,F,2-HIGH,Customer#000125509,BUILDING,INDIA,ASIA
4609987,1992-01-12,37940.79,F,1-URGENT,Customer#000093089,MACHINERY,MOROCCO,AFRICA
4549091,1992-01-12,88866.06,F,3-MEDIUM,Customer#000024170,AUTOMOBILE,VIETNAM,ASIA
4374818,1992-01-12,73658.47,F,1-URGENT,Customer#000075497,HOUSEHOLD,MOROCCO,AFRICA
4605121,1992-01-12,72870.37,F,3-MEDIUM,Customer#000059737,AUTOMOBILE,IRAQ,MIDDLE EAST
4309507,1992-01-12,125255.83,F,3-MEDIUM,Customer#000138892,AUTOMOBILE,FRANCE,EUROPE
4409024,1992-01-12,51054.42,F,2-HIGH,Customer#000106049,FURNITURE,UNITED KINGDOM,EUROPE
4703620,1992-01-12,138411.58,F,5-LOW,Customer#000086192,AUTOMOBILE,VIETNAM,ASIA
4679109,1992-01-12,58109.13,F,4-NOT SPECIFIED,Customer#000133934,MACHINERY,INDONESIA,ASIA
4694500,1992-01-12,113591.92,F,3-MEDIUM,Customer#000064271,AUTOMOBILE,ARGENTINA,AMERICA
4637123,1992-01-12,274716.42,F,3-MEDIUM,Customer#000126655,FURNITURE,MOZAMBIQUE,AFRICA
4311206,1992-01-12,130597.14,F,4-NOT SPECIFIED,Customer#000046925,AUTOMOBILE,MOROCCO,AFRICA
4677408,1992-01-12,97750.44,F,3-MEDIUM,Customer#000011026,MACHINERY,ALGERIA,AFRICA
4772676,1992-01-12,128435.97,F,2-HIGH,Customer#000132316,BUILDING,EGYPT,MIDDLE EAST
4733414,1992-01-12,42616.59,F,4-NOT SPECIFIED,Customer#000067796,MACHINERY,ROMANIA,EUROPE
4752738,1992-01-12,111327.24,F,3-MEDIUM,Customer#000125482,HOUSEHOLD,MOROCCO,AFRICA
4579655,1992-01-12,158178.51,F,5-LOW,Customer#000062264,BUILDING,INDIA,ASIA
4323360,1992-01-12,212325.93,F,3-MEDIUM,Customer#000051430,HOUSEHOLD,JAPAN,ASIA
4369216,1992-01-12,138589.87,F,3-MEDIUM,Customer#000005722,BUILDING,ALGERIA,AFRICA
4494497,1992-01-12,23700.14,F,5-LOW,Customer#000098839,MACHINERY,EGYPT,MIDDLE EAST
4382914,1992-01-12,265474.67,F,3-MEDIUM,Customer#000098143,BUILDING,CANADA,AMERICA
4346439,1992-01-12,270831.36,F,3-MEDIUM,Customer#000000136,FURNITURE,GERMANY,EUROPE
4383107,1992-01-12,255327.70,F,3-MEDIUM,Customer#000066994,AUTOMOBILE,CHINA,ASIA
4239173,1992-01-12,66986.85,F,4-NOT SPECIFIED,Customer#000125590,AUTOMOBILE,JORDAN,MIDDLE EAST
4750849,1992-01-12,68657.67,F,1-URGENT,Customer#000136553,HOUSEHOLD,MOROCCO,AFRICA
4670496,1992-01-12,272731.67,F,4-NOT SPECIFIED,Customer#000138106,HOUSEHOLD,JAPAN,ASIA
4226882,1992-01-12,184422.69,F,4-NOT SPECIFIED,Customer#000142687,HOUSEHOLD,KENYA,AFRICA
4221922,1992-01-12,236397.85,F,5-LOW,Customer#000042349,AUTOMOBILE,SAUDI ARABIA,MIDDLE EAST
4619041,1992-01-12,192261.82,F,2-HIGH,Customer#000121612,MACHINERY,EGYPT,MIDDLE EAST
4372577,1992-01-12,250562.69,F,5-LOW,Customer#000129583,FURNITURE,ETHIOPIA,AFRICA
4561345,1992-01-12,206333.07,F,3-MEDIUM,Customer#000051229,AUTOMOBILE,UNITED KINGDOM,EUROPE
4296261,1992-01-12,152420.30,F,4-NOT SPECIFIED,Customer#000069158,BUILDING,INDONESIA,ASIA
4582596,1992-01-12,183047.38,F,5-LOW,Customer#000076951,FURNITURE,ALGERIA,AFRICA
4397568,1992-01-12,296418.28,F,2-HIGH,Customer#000084697,AUTOMOBILE,KENYA,AFRICA
4470631,1992-01-12,203755.98,F,2-HIGH,Customer#000111970,AUTOMOBILE,RUSSIA,EUROPE
4527649,1992-01-12,316301.36,F,5-LOW,Customer#000034319,AUTOMOBILE,ROMANIA,EUROPE
4208096,1992-01-12,136211.33,F,4-NOT SPECIFIED,Customer#000049154,MACHINERY,FRANCE,EUROPE
4301570,1992-01-12,117353.12,F,4-NOT SPECIFIED,Customer#000011224,AUTOMOBILE,FRANCE,EUROPE
4284167,1992-01-12,123379.71,F,2-HIGH,Customer#000098026,BUILDING,ROMANIA,EUROPE
4596805,1992-01-12,92069.17,F,5-LOW,Customer#000126196,FURNITURE,ROMANIA,EUROPE
4591680,1992-01-12,34013.05,F,1-URGENT,Customer#000040657,HOUSEHOLD,IRAQ,MIDDLE EAST
4627685,1992-01-12,163787.15,F,1-URGENT,Customer#000138880,MACHINERY,UNITED STATES,AMERICA
4548966,1992-01-12,279285.70,F,2-HIGH,Customer#000048542,HOUSEHOLD,JORDAN,MIDDLE EAST
4695841,1992-01-12,68521.01,F,2-HIGH,Customer#000069842,FURNITURE,IRAQ,MIDDLE EAST
4451940,1992-01-12,109381.63,F,2-HIGH,Customer#000057116,AUTOMOBILE,BRAZIL,AMERICA
4428803,1992-01-12,17597.97,F,4-NOT SPECIFIED,Customer#000028637,HOUSEHOLD,UNITED KINGDOM,EUROPE
4372642,1992-01-12,167746.06,F,3-MEDIUM,Customer#000126469,BUILDING,IRAN,MIDDLE EAST
4516576,1992-01-12,68414.94,F,1-URGENT,Customer#000110309,MACHINERY,MOZAMBIQUE,AFRICA
4241729,1992-01-12,56511.97,F,4-NOT SPECIFIED,Customer#000000298,BUILDING,VIETNAM,ASIA
4496420,1992-01-12,152774.15,F,3-MEDIUM,Customer#000074047,HOUSEHOLD,CANADA,AMERICA
4431105,1992-01-12,218494.71,F,4-NOT SPECIFIED,Customer#000060715,MACHINERY,FRANCE,EUROPE
4265255,1992-01-12,301249.51,F,3-MEDIUM,Customer#000147166,FURNITURE,BRAZIL,AMERICA
4567494,1992-01-12,176889.12,F,4-NOT SPECIFIED,Customer#000135943,MACHINERY,ARGENTINA,AMERICA
4233664,1992-01-12,101582.31,F,3-MEDIUM,Customer#000103355,MACHINERY,ROMANIA,EUROPE
4404519,1992-01-12,111066.08,F,5-LOW,Customer#000084640,BUILDING,JAPAN,ASIA
4619526,1992-01-12,192879.11,F,3-MEDIUM,Customer#000018671,FURNITURE,IRAN,MIDDLE EAST
4260454,1992-01-12,274515.77,F,4-NOT SPECIFIED,Customer#000067252,AUTOMOBILE,CHINA,ASIA
4503975,1992-01-12,18251.33,F,3-MEDIUM,Customer#000076658,BUILDING,MOROCCO,AFRICA
5717988,1992-01-12,212222.83,F,1-URGENT,Customer#000135463,FURNITURE,UNITED KINGDOM,EUROPE
5448900,1992-01-12,110816.66,F,2-HIGH,Customer#000085144,FURNITURE,UNITED STATES,AMERICA
5138119,1992-01-12,50920.87,F,4-NOT SPECIFIED,Customer#000122659,BUILDING,FRANCE,EUROPE
5216039,1992-01-12,217462.73,F,5-LOW,Customer#000084550,HOUSEHOLD,FRANCE,EUROPE
5105062,1992-01-12,145348.29,F,4-NOT SPECIFIED,Customer#000137446,FURNITURE,ETHIOPIA,AFRICA
5395559,1992-01-12,182335.01,F,5-LOW,Customer#000086959,FURNITURE,FRANCE,EUROPE
5188294,1992-01-12,210496.28,F,5-LOW,Customer#000134968,FURNITURE,KENYA,AFRICA
5770371,1992-01-12,132901.52,F,5-LOW,Customer#000132454,AUTOMOBILE,JORDAN,MIDDLE EAST
4923362,1992-01-12,93632.82,F,2-HIGH,Customer#000128623,BUILDING,ETHIOPIA,AFRICA
5587303,1992-01-12,111520.04,F,1-URGENT,Customer#000146321,MACHINERY,ALGERIA,AFRICA
5412837,1992-01-12,119162.20,F,1-URGENT,Customer#000066914,HOUSEHOLD,SAUDI ARABIA,MIDDLE EAST
1832163,1992-01-12,10722.94,F,2-HIGH,Customer#000040828,BUILDING,EGYPT,MIDDLE EAST
2170593,1992-01-12,53053.54,F,5-LOW,Customer#000036344,FURNITURE,JAPAN,ASIA
2143904,1992-01-12,234168.44,F,5-LOW,Customer#000013369,AUTOMOBILE,KENYA,AFRICA
2286791,1992-01-12,104497.06,F,2-HIGH,Customer#000121918,AUTOMOBILE,ROMANIA,EUROPE
1806599,1992-01-12,103024.10,F,2-HIGH,Customer#000122134,FURNITURE,KENYA,AFRICA
2258755,1992-01-12,37097.64,F,1-URGENT,Customer#000071839,MACHINERY,FRANCE,EUROPE
2185796,1992-01-12,114279.58,F,3-MEDIUM,Customer#000086587,AUTOMOBILE,RUSSIA,EUROPE
2210082,1992-01-12,172603.31,F,3-MEDIUM,Customer#000070229,HOUSEHOLD,INDIA,ASIA
1886177,1992-01-12,283977.74,F,1-URGENT,Customer#000115675,BUILDING,JORDAN,MIDDLE EAST
1865953,1992-01-12,227941.02,F,4-NOT SPECIFIED,Customer#000040741,HOUSEHOLD,BRAZIL,AMERICA
2215239,1992-01-12,1174.37,F,4-NOT SPECIFIED,Customer#000131329,FURNITURE,VIETNAM,ASIA
2089633,1992-01-12,233541.36,F,1-URGENT,Customer#000004861,BUILDING,SAUDI ARABIA,MIDDLE EAST
2216516,1992-01-12,194025.35,F,5-LOW,Customer#000066205,BUILDING,BRAZIL,AMERICA
849860,1992-01-12,37003.57,F,2-HIGH,Customer#000044080,AUTOMOBILE,KENYA,AFRICA
2325094,1992-01-12,15358.61,F,1-URGENT,Customer#000131299,BUILDING,RUSSIA,EUROPE
2356292,1992-01-12,49038.01,F,3-MEDIUM,Customer#000099781,MACHINERY,KENYA,AFRICA
2315392,1992-01-12,32553.15,F,4-NOT SPECIFIED,Customer#000092240,FURNITURE,UNITED KINGDOM,EUROPE
2212134,1992-01-12,70018.67,F,1-URGENT,Customer#000040897,MACHINERY,ARGENTINA,AMERICA
2014726,1992-01-12,174402.81,F,2-HIGH,Customer#000131584,FURNITURE,FRANCE,EUROPE
1911172,1992-01-12,181622.12,F,3-MEDIUM,Customer#000001256,MACHINERY,MOROCCO,AFRICA
2001570,1992-01-12,258160.43,F,1-URGENT,Customer#000074224,BUILDING,RUSSIA,EUROPE
2208354,1992-01-12,288890.52,F,4-NOT SPECIFIED,Customer#000143588,HOUSEHOLD,FRANCE,EUROPE
1899845,1992-01-12,144012.59,F,4-NOT SPECIFIED,Customer#000057860,AUTOMOBILE,ETHIOPIA,AFRICA
2032582,1992-01-12,87723.07,F,4-NOT SPECIFIED,Customer#000148405,FURNITURE,FRANCE,EUROPE
2357857,1992-01-12,29090.51,F,3-MEDIUM,Customer#000012454,FURNITURE,IRAQ,MIDDLE EAST
2310948,1992-01-12,69258.87,F,5-LOW,Customer#000123028,MACHINERY,RUSSIA,EUROPE
1908323,1992-01-12,115207.98,F,2-HIGH,Customer#000010417,FURNITURE,SAUDI ARABIA,MIDDLE EAST
2137924,1992-01-12,281004.97,F,1-URGENT,Customer#000076378,MACHINERY,CANADA,AMERICA
2113090,1992-01-12,171905.41,F,2-HIGH,Customer#000029972,FURNITURE,SAUDI ARABIA,MIDDLE EAST
1872128,1992-01-12,198475.77,F,5-LOW,Customer#000015496,HOUSEHOLD,FRANCE,EUROPE
2244709,1992-01-12,186948.57,F,4-NOT SPECIFIED,Customer#000141493,BUILDING,GERMANY,EUROPE
2347777,1992-01-12,132382.84,F,4-NOT SPECIFIED,Customer#000061795,HOUSEHOLD,ROMANIA,EUROPE
2349030,1992-01-12,172428.16,F,5-LOW,Customer#000054160,HOUSEHOLD,JAPAN,ASIA
2159808,1992-01-12,235752.69,F,5-LOW,Customer#000124762,BUILDING,ARGENTINA,AMERICA
2029280,1992-01-12,67573.82,F,4-NOT SPECIFIED,Customer#000064327,FURNITURE,BRAZIL,AMERICA
1930212,1992-01-12,172421.75,F,3-MEDIUM,Customer#000051557,BUILDING,INDONESIA,ASIA
2249634,1992-01-12,69733.45,F,1-URGENT,Customer#000088709,MACHINERY,PERU,AMERICA
2229540,1992-01-12,130455.06,F,4-NOT SPECIFIED,Customer#000049282,FURNITURE,MOROCCO,AFRICA
2389827,1992-01-12,70317.69,F,2-HIGH,Customer#000055654,AUTOMOBILE,GERMANY,EUROPE
1955458,1992-01-12,215531.60,F,2-HIGH,Customer#000022283,MACHINERY,IRAN,MIDDLE EAST
2379073,1992-01-12,152445.04,F,4-NOT SPECIFIED,Customer#000010634,BUILDING,VIETNAM,ASIA
134725,1992-01-12,222645.60,F,3-MEDIUM,Customer#000022291,FURNITURE,MOZAMBIQUE,AFRICA
407687,1992-01-12,70099.94,F,2-HIGH,Customer#000097802,AUTOMOBILE,INDONESIA,ASIA
238659,1992-01-12,362480.96,F,1-URGENT,Customer#000040472,HOUSEHOLD,JAPAN,ASIA
23015,1992-01-12,121250.92,F,3-MEDIUM,Customer#000078172,BUILDING,BRAZIL,AMERICA
309860,1992-01-12,184615.96,F,4-NOT SPECIFIED,Customer#000013678,MACHINERY,MOROCCO,AFRICA
2319271,1992-01-12,299386.20,F,1-URGENT,Customer#000039925,BUILDING,ROMANIA,EUROPE
129988,1992-01-12,324285.61,F,3-MEDIUM,Customer#000133165,BUILDING,MOROCCO,AFRICA
159814,1992-01-12,279140.96,F,3-MEDIUM,Customer#000125552,MACHINERY,EGYPT,MIDDLE EAST
303046,1992-01-12,110819.69,F,3-MEDIUM,Customer#000148036,BUILDING,MOROCCO,AFRICA
41281,1992-01-12,49723.68,F,1-URGENT,Customer#000050150,MACHINERY,ETHIOPIA,AFRICA
162179,1992-01-12,32003.79,F,4-NOT SPECIFIED,Customer#000032747,MACHINERY,PERU,AMERICA
158209,1992-01-12,45745.53,F,3-MEDIUM,Customer#000028066,HOUSEHOLD,FRANCE,EUROPE
111525,1992-01-12,247206.28,F,5-LOW,Customer#000002290,AUTOMOBILE,ALGERIA,AFRICA
436352,1992-01-12,169589.00,F,2-HIGH,Customer#000119336,HOUSEHOLD,ARGENTINA,AMERICA
493955,1992-01-12,82750.16,F,5-LOW,Customer#000038285,BUILDING,GERMANY,EUROPE
75362,1992-01-12,143705.92,F,3-MEDIUM,Customer#000120071,FURNITURE,IRAQ,MIDDLE EAST
63303,1992-01-12,240748.44,F,4-NOT SPECIFIED,Customer#000026692,BUILDING,ARGENTINA,AMERICA
379265,1992-01-12,216965.66,F,1-URGENT,Customer#000065182,HOUSEHOLD,EGYPT,MIDDLE EAST
51970,1992-01-12,119272.30,F,4-NOT SPECIFIED,Customer#000071821,AUTOMOBILE,IRAQ,MIDDLE EAST
47879,1992-01-12,66070.03,F,1-URGENT,Customer#000116320,HOUSEHOLD,JORDAN,MIDDLE EAST
136833,1992-01-12,59256.48,F,5-LOW,Customer#000074401,MACHINERY,CANADA,AMERICA
479781,1992-01-12,1500.53,F,2-HIGH,Customer#000133622,MACHINERY,JORDAN,MIDDLE EAST
496742,1992-01-12,276059.06,F,4-NOT SPECIFIED,Customer#000115112,FURNITURE,MOROCCO,AFRICA
593380,1992-01-12,61614.20,F,5-LOW,Customer#000098320,AUTOMOBILE,EGYPT,MIDDLE EAST
488038,1992-01-12,291868.38,F,2-HIGH,Customer#000103040,FURNITURE,JAPAN,ASIA
293831,1992-01-12,38976.53,F,2-HIGH,Customer#000021991,HOUSEHOLD,UNITED KINGDOM,EUROPE
151617,1992-01-12,179852.69,F,4-NOT SPECIFIED,Customer#000013078,MACHINERY,GERMANY,EUROPE
566598,1992-01-12,90493.74,F,2-HIGH,Customer#000093367,BUILDING,ROMANIA,EUROPE
310017,1992-01-12,262221.66,F,3-MEDIUM,Customer#000081097,BUILDING,VIETNAM,ASIA
232325,1992-01-12,95908.09,F,2-HIGH,Customer#000086455,FURNITURE,ALGERIA,AFRICA
369220,1992-01-12,134458.06,F,5-LOW,Customer#000139087,AUTOMOBILE,IRAN,MIDDLE EAST
54786,1992-01-12,153942.53,F,4-NOT SPECIFIED,Customer#000022498,HOUSEHOLD,RUSSIA,EUROPE
344423,1992-01-12,33252.86,F,5-LOW,Customer#000141928,FURNITURE,MOZAMBIQUE,AFRICA
469093,1992-01-12,175148.48,F,5-LOW,Customer#000118531,AUTOMOBILE,BRAZIL,AMERICA
554054,1992-01-12,179609.56,F,2-HIGH,Customer#000072853,HOUSEHOLD,CANADA,AMERICA
435137,1992-01-12,273486.88,F,3-MEDIUM,Customer#000085843,BUILDING,INDIA,ASIA
131905,1992-01-12,294011.91,F,2-HIGH,Customer#000101314,HOUSEHOLD,INDONESIA,ASIA
39942,1992-01-12,35218.27,F,1-URGENT,Customer#000071164,FURNITURE,UNITED STATES,AMERICA
408257,1992-01-12,359411.00,F,4-NOT SPECIFIED,Customer#000068113,MACHINERY,INDONESIA,ASIA
152036,1992-01-12,242087.01,F,4-NOT SPECIFIED,Customer#000059143,MACHINERY,CHINA,ASIA
459559,1992-01-12,121008.83,F,5-LOW,Customer#000021266,FURNITURE,ETHIOPIA,AFRICA
120289,1992-01-12,170590.16,F,1-URGENT,Customer#000081251,HOUSEHOLD,IRAN,MIDDLE EAST
451392,1992-01-12,97083.69,F,2-HIGH,Customer#000130277,BUILDING,UNITED STATES,AMERICA
235842,1992-01-12,128321.98,F,3-MEDIUM,Customer#000041348,MACHINERY,CHINA,ASIA
434535,1992-01-12,168178.57,F,3-MEDIUM,Customer#000028426,MACHINERY,FRANCE,EUROPE
313408,1992-01-12,147034.32,F,2-HIGH,Customer#000138716,FURNITURE,CHINA,ASIA
175398,1992-01-12,152331.78,F,2-HIGH,Customer#000132695,BUILDING,VIETNAM,ASIA
388481,1992-01-12,139641.44,F,2-HIGH,Customer#000145603,AUTOMOBILE,MOZAMBIQUE,AFRICA
591365,1992-01-12,21811.86,F,5-LOW,Customer#000137956,BUILDING,INDONESIA,ASIA
404320,1992-01-12,45426.78,F,5-LOW,Customer#000108644,HOUSEHOLD,INDONESIA,ASIA
380967,1992-01-12,115014.87,F,1-URGENT,Customer#000005642,FURNITURE,VIETNAM,ASIA
103298,1992-01-12,43979.29,F,5-LOW,Customer#000001418,AUTOMOBILE,PERU,AMERICA
520867,1992-01-12,263938.84,F,5-LOW,Customer#000033293,MACHINERY,JORDAN,MIDDLE EAST
80034,1992-01-12,144025.97,F,3-MEDIUM,Customer#000139891,BUILDING,JORDAN,MIDDLE EAST
585667,1992-01-12,305665.36,F,5-LOW,Customer#000116558,MACHINERY,INDIA,ASIA
466118,1992-01-12,132167.75,F,3-MEDIUM,Customer#000081577,AUTOMOBILE,INDIA,ASIA
120710,1992-01-12,129934.76,F,3-MEDIUM,Customer#000023795,BUILDING,CHINA,ASIA
22663,1992-01-12,193855.34,F,5-LOW,Customer#000134176,BUILDING,ARGENTINA,AMERICA
330469,1992-01-12,253733.80,F,3-MEDIUM,Customer#000085717,MACHINERY,UNITED KINGDOM,EUROPE
59969,1992-01-12,251365.35,F,2-HIGH,Customer#000121000,HOUSEHOLD,CANADA,AMERICA
44036,1992-01-12,35229.33,F,2-HIGH,Customer#000041062,HOUSEHOLD,ARGENTINA,AMERICA
585155,1992-01-12,89691.08,F,5-LOW,Customer#000149953,MACHINERY,FRANCE,EUROPE
701732,1992-01-12,30746.32,F,5-LOW,Customer#000108139,MACHINERY,INDIA,ASIA
901670,1992-01-12,315144.48,F,4-NOT SPECIFIED,Customer#000051211,MACHINERY,KENYA,AFRICA
925028,1992-01-12,198487.46,F,2-HIGH,Customer#000097591,HOUSEHOLD,INDONESIA,ASIA
2853383,1992-01-12,131901.78,F,5-LOW,Customer#000100733,MACHINERY,UNITED KINGDOM,EUROPE
2663428,1992-01-12,86290.18,F,4-NOT SPECIFIED,Customer#000067834,AUTOMOBILE,CANADA,AMERICA
2688612,1992-01-12,210522.84,F,4-NOT SPECIFIED,Customer#000069847,MACHINERY,UNITED STATES,AMERICA
721126,1992-01-12,193829.17,F,5-LOW,Customer#000104852,FURNITURE,FRANCE,EUROPE
2810880,1992-01-12,7074.65,F,3-MEDIUM,Customer#000006995,HOUSEHOLD,MOZAMBIQUE,AFRICA
1803940,1992-01-12,129165.74,F,4-NOT SPECIFIED,Customer#000080278,FURNITURE,CHINA,ASIA
2637351,1992-01-12,330307.63,F,3-MEDIUM,Customer#000069727,HOUSEHOLD,JORDAN,MIDDLE EAST
2499876,1992-01-12,16384.34,F,4-NOT SPECIFIED,Customer#000022717,MACHINERY,EGYPT,MIDDLE EAST
2919011,1992-01-12,250889.71,F,2-HIGH,Customer#000024661,BUILDING,CHINA,ASIA
2751045,1992-01-12,136381.52,F,2-HIGH,Customer#000047383,AUTOMOBILE,FRANCE,EUROPE
2596327,1992-01-12,119640.20,F,4-NOT SPECIFIED,Customer#000126064,BUILDING,CHINA,ASIA
2190565,1992-01-12,247939.56,F,1-URGENT,Customer#000010906,BUILDING,IRAQ,MIDDLE EAST
2925409,1992-01-12,99597.37,F,4-NOT SPECIFIED,Customer#000109537,AUTOMOBILE,JORDAN,MIDDLE EAST
2532514,1992-01-12,25516.51,F,3-MEDIUM,Customer#000084008,MACHINERY,EGYPT,MIDDLE EAST
2552743,1992-01-12,203981.93,F,5-LOW,Customer#000027874,FURNITURE,IRAN,MIDDLE EAST
2920933,1992-01-12,297506.85,F,1-URGENT,Customer#000017093,AUTOMOBILE,VIETNAM,ASIA
2796258,1992-01-12,308389.07,F,1-URGENT,Customer#000108371,HOUSEHOLD,PERU,AMERICA
2563299,1992-01-12,167559.04,F,3-MEDIUM,Customer#000059398,HOUSEHOLD,ETHIOPIA,AFRICA
2441251,1992-01-12,277343.92,F,3-MEDIUM,Customer#000126575,FURNITURE,SAUDI ARABIA,MIDDLE EAST
2747841,1992-01-12,161899.54,F,3-MEDIUM,Customer#000053143,HOUSEHOLD,CHINA,ASIA
740293,1992-01-12,170647.43,F,1-URGENT,Customer#000057010,HOUSEHOLD,CHINA,ASIA
2855525,1992-01-12,8819.55,F,1-URGENT,Customer#000062713,AUTOMOBILE,VIETNAM,ASIA
2876902,1992-01-12,191411.01,F,4-NOT SPECIFIED,Customer#000057218,HOUSEHOLD,MOROCCO,AFRICA
2741284,1992-01-12,184894.78,F,3-MEDIUM,Customer#000031144,AUTOMOBILE,RUSSIA,EUROPE
1129664,1992-01-12,126357.50,F,4-NOT SPECIFIED,Customer#000088315,MACHINERY,EGYPT,MIDDLE EAST
2754368,1992-01-12,104069.82,F,4-NOT SPECIFIED,Customer#000048145,AUTOMOBILE,RUSSIA,EUROPE
2314759,1992-01-12,86205.19,F,4-NOT SPECIFIED,Customer#000144337,HOUSEHOLD,ROMANIA,EUROPE
2792192,1992-01-12,105855.88,F,4-NOT SPECIFIED,Customer#000112667,AUTOMOBILE,EGYPT,MIDDLE EAST
2649505,1992-01-12,7499.31,F,5-LOW,Customer#000023071,BUILDING,ETHIOPIA,AFRICA
2538272,1992-01-12,61292.17,F,1-URGENT,Customer#000041671,HOUSEHOLD,BRAZIL,AMERICA
2843874,1992-01-12,100337.83,F,4-NOT SPECIFIED,Customer#000139078,BUILDING,FRANCE,EUROPE
2832128,1992-01-12,113033.41,F,5-LOW,Customer#000032551,FURNITURE,EGYPT,MIDDLE EAST
2629349,1992-01-12,277555.10,F,5-LOW,Customer#000026966,BUILDING,SAUDI ARABIA,MIDDLE EAST
1061668,1992-01-12,132614.15,F,1-URGENT,Customer#000041803,BUILDING,GERMANY,EUROPE
2669507,1992-01-12,264699.92,F,2-HIGH,Customer#000005387,MACHINERY,SAUDI ARABIA,MIDDLE EAST
2725570,1992-01-12,235721.31,F,4-NOT SPECIFIED,Customer#000102727,HOUSEHOLD,UNITED STATES,AMERICA
2430656,1992-01-12,119595.03,F,2-HIGH,Customer#000051730,MACHINERY,ALGERIA,AFRICA
2824196,1992-01-12,145835.90,F,2-HIGH,Customer#000064361,AUTOMOBILE,IRAQ,MIDDLE EAST
692198,1992-01-12,44317.90,F,1-URGENT,Customer#000008612,MACHINERY,INDONESIA,ASIA
2617313,1992-01-12,149054.03,F,2-HIGH,Customer#000006319,BUILDING,KENYA,AFRICA
2632929,1992-01-12,83002.05,F,4-NOT SPECIFIED,Customer#000037525,MACHINERY,CANADA,AMERICA
718658,1992-01-12,248892.78,F,3-MEDIUM,Customer#000030866,HOUSEHOLD,JORDAN,MIDDLE EAST
1195910,1992-01-12,158797.50,F,3-MEDIUM,Customer#000001741,FURNITURE,SAUDI ARABIA,MIDDLE EAST
1183874,1992-01-12,341400.45,F,2-HIGH,Customer#000093700,MACHINERY,JORDAN,MIDDLE EAST
666275,1992-01-12,111377.38,F,1-URGENT,Customer#000098924,MACHINERY,IRAN,MIDDLE EAST
617605,1992-01-12,263051.99,F,5-LOW,Customer#000005153,MACHINERY,INDONESIA,ASIA
1028998,1992-01-12,256673.89,F,5-LOW,Customer#000121930,MACHINERY,RUSSIA,EUROPE
2811591,1992-01-12,245709.62,F,5-LOW,Customer#000068503,HOUSEHOLD,IRAN,MIDDLE EAST
940966,1992-01-12,159690.37,F,1-URGENT,Customer#000147737,MACHINERY,GERMANY,EUROPE
1001795,1992-01-12,268157.79,F,5-LOW,Customer#000027293,BUILDING,UNITED STATES,AMERICA
1153856,1992-01-12,105930.77,F,1-URGENT,Customer#000055141,FURNITURE,UNITED KINGDOM,EUROPE
2191877,1992-01-12,190521.82,F,5-LOW,Customer#000121280,BUILDING,JAPAN,ASIA
4572386,1992-01-12,118900.57,F,4-NOT SPECIFIED,Customer#000067480,AUTOMOBILE,GERMANY,EUROPE
5604512,1992-01-12,128597.72,F,5-LOW,Customer#000050218,MACHINERY,JORDAN,MIDDLE EAST
5904641,1992-01-12,142052.58,F,5-LOW,Customer#000081925,BUILDING,IRAQ,MIDDLE EAST
5339941,1992-01-12,134736.19,F,5-LOW,Customer#000105545,HOUSEHOLD,PERU,AMERICA
4856774,1992-01-12,312274.59,F,1-URGENT,Customer#000144188,MACHINERY,ARGENTINA,AMERICA
5863106,1992-01-12,365070.73,F,2-HIGH,Customer#000068063,AUTOMOBILE,FRANCE,EUROPE
5446725,1992-01-12,105778.31,F,4-NOT SPECIFIED,Customer#000082756,HOUSEHOLD,INDIA,ASIA
5386886,1992-01-12,31967.85,F,5-LOW,Customer#000048682,AUTOMOBILE,ROMANIA,EUROPE
5299047,1992-01-12,136761.20,F,4-NOT SPECIFIED,Customer#000019330,MACHINERY,ROMANIA,EUROPE
5112449,1992-01-12,209318.31,F,5-LOW,Customer#000020206,MACHINERY,ROMANIA,EUROPE
1125027,1992-01-12,64688.25,F,2-HIGH,Customer#000121561,FURNITURE,JAPAN,ASIA
5262503,1992-01-12,155123.58,F,3-MEDIUM,Customer#000097456,BUILDING,JORDAN,MIDDLE EAST
4852325,1992-01-12,129287.86,F,1-URGENT,Customer#000074515,HOUSEHOLD,UNITED KINGDOM,EUROPE
837317,1992-01-12,328333.77,F,4-NOT SPECIFIED,Customer#000139591,AUTOMOBILE,INDONESIA,ASIA
5357382,1992-01-12,322609.79,F,1-URGENT,Customer#000125417,MACHINERY,ALGERIA,AFRICA
4818337,1992-01-12,64044.34,F,1-URGENT,Customer#000031726,BUILDING,ALGERIA,AFRICA
5787202,1992-01-12,211500.02,F,2-HIGH,Customer#000008674,HOUSEHOLD,FRANCE,EUROPE
4813957,1992-01-12,187797.87,F,1-URGENT,Customer#000138464,HOUSEHOLD,INDONESIA,ASIA
5361541,1992-01-12,101134.79,F,5-LOW,Customer#000074197,FURNITURE,UNITED STATES,AMERICA
5848164,1992-01-12,61859.33,F,2-HIGH,Customer#000013000,BUILDING,EGYPT,MIDDLE EAST
5063268,1992-01-12,13730.43,F,4-NOT SPECIFIED,Customer#000105764,BUILDING,JAPAN,ASIA
5608291,1992-01-12,232219.57,F,1-URGENT,Customer#000090263,AUTOMOBILE,PERU,AMERICA
5374948,1992-01-12,281212.84,F,2-HIGH,Customer#000056884,AUTOMOBILE,IRAN,MIDDLE EAST
5341601,1992-01-12,75577.93,F,2-HIGH,Customer#000086894,FURNITURE,SAUDI ARABIA,MIDDLE EAST
5450594,1992-01-12,49412.77,F,5-LOW,Customer#000001922,MACHINERY,INDONESIA,ASIA
5132196,1992-01-12,107899.18,F,2-HIGH,Customer#000001772,MACHINERY,JORDAN,MIDDLE EAST
5890215,1992-01-12,277777.67,F,4-NOT SPECIFIED,Customer#000018611,FURNITURE,VIETNAM,ASIA
5613734,1992-01-12,248118.09,F,1-URGENT,Customer#000046736,AUTOMOBILE,IRAQ,MIDDLE EAST
5894688,1992-01-12,108448.23,F,4-NOT SPECIFIED,Customer#000117362,AUTOMOBILE,INDIA,ASIA
5070343,1992-01-12,229769.02,F,3-MEDIUM,Customer#000076778,MACHINERY,ARGENTINA,AMERICA
5321344,1992-01-12,32123.66,F,4-NOT SPECIFIED,Customer#000058741,BUILDING,INDIA,ASIA
757986,1992-01-12,137302.42,F,3-MEDIUM,Customer#000145690,AUTOMOBILE,UNITED KINGDOM,EUROPE
4960325,1992-01-12,84787.06,F,5-LOW,Customer#000053224,FURNITURE,UNITED STATES,AMERICA
4915846,1992-01-12,69254.82,F,5-LOW,Customer#000107501,BUILDING,CANADA,AMERICA
5242177,1992-01-12,248284.19,F,5-LOW,Customer#000146585,HOUSEHOLD,UNITED KINGDOM,EUROPE
607172,1992-01-12,269191.61,F,1-URGENT,Customer#000035725,FURNITURE,MOROCCO,AFRICA
5077445,1992-01-12,127445.30,F,5-LOW,Customer#000107080,HOUSEHOLD,GERMANY,EUROPE
5463553,1992-01-12,118259.02,F,2-HIGH,Customer#000110551,BUILDING,BRAZIL,AMERICA
5673351,1992-01-12,318674.43,F,2-HIGH,Customer#000083419,HOUSEHOLD,SAUDI ARABIA,MIDDLE EAST
4977312,1992-01-12,226553.77,F,2-HIGH,Customer#000114050,BUILDING,SAUDI ARABIA,MIDDLE EAST
5537379,1992-01-12,3605.13,F,3-MEDIUM,Customer#000001333,AUTOMOBILE,BRAZIL,AMERICA
5405253,1992-01-12,10031.67,F,2-HIGH,Customer#000058924,HOUSEHOLD,JORDAN,MIDDLE EAST
5227616,1992-01-12,139570.21,F,2-HIGH,Customer#000057199,FURNITURE,INDIA,ASIA
5586016,1992-01-12,314413.21,F,1-URGENT,Customer#000117064,MACHINERY,UNITED KINGDOM,EUROPE
5166597,1992-01-12,260174.92,F,3-MEDIUM,Customer#000035690,BUILDING,GERMANY,EUROPE
630054,1992-01-12,13137.53,F,2-HIGH,Customer#000132220,HOUSEHOLD,ROMANIA,EUROPE
5906464,1992-01-12,111216.94,F,4-NOT SPECIFIED,Customer#000038065,BUILDING,EGYPT,MIDDLE EAST
5714688,1992-01-12,205563.55,F,5-LOW,Customer#000117125,HOUSEHOLD,CHINA,ASIA
5058241,1992-01-12,184237.23,F,1-URGENT,Customer#000009082,HOUSEHOLD,RUSSIA,EUROPE
5173440,1992-01-12,143064.22,F,5-LOW,Customer#000146777,AUTOMOBILE,UNITED STATES,AMERICA
5063975,1992-01-12,100075.73,F,3-MEDIUM,Customer#000125659,BUILDING,SAUDI ARABIA,MIDDLE EAST
4850790,1992-01-12,18114.05,F,2-HIGH,Customer#000068977,MACHINERY,CHINA,ASIA
5517895,1992-01-12,327714.21,F,2-HIGH,Customer#000038624,BUILDING,FRANCE,EUROPE
5245760,1992-01-12,235303.56,F,4-NOT SPECIFIED,Customer#000004624,MACHINERY,RUSSIA,EUROPE
5937765,1992-01-12,139182.42,F,4-NOT SPECIFIED,Customer#000035381,AUTOMOBILE,ROMANIA,EUROPE
5036769,1992-01-12,132119.70,F,4-NOT SPECIFIED,Customer#000000508,BUILDING,CHINA,ASIA
5322724,1992-01-12,29606.48,F,3-MEDIUM,Customer#000114655,MACHINERY,UNITED STATES,AMERICA
5221060,1992-01-12,150371.43,F,3-MEDIUM,Customer#000058760,HOUSEHOLD,SAUDI ARABIA,MIDDLE EAST
605282,1992-01-12,165532.98,F,2-HIGH,Customer#000005813,FURNITURE,ETHIOPIA,AFRICA
4913382,1992-01-12,245853.33,F,2-HIGH,Customer#000135931,BUILDING,UNITED STATES,AMERICA
5138727,1992-01-12,186219.83,F,2-HIGH,Customer#000028796,HOUSEHOLD,CANADA,AMERICA
5903876,1992-01-12,140302.64,F,3-MEDIUM,Customer#000138617,HOUSEHOLD,RUSSIA,EUROPE
5065638,1992-01-12,219936.54,F,5-LOW,Customer#000088573,AUTOMOBILE,PERU,AMERICA
4931072,1992-01-12,94921.43,F,3-MEDIUM,Customer#000064295,BUILDING,KENYA,AFRICA
5321282,1992-01-12,305550.30,F,5-LOW,Customer#000038890,AUTOMOBILE,ALGERIA,AFRICA
4950790,1992-01-12,201346.47,F,1-URGENT,Customer#000090445,HOUSEHOLD,CHINA,ASIA
5759716,1992-01-12,80110.76,F,2-HIGH,Customer#000051706,FURNITURE,ETHIOPIA,AFRICA
1016736,1992-01-12,97078.09,F,3-MEDIUM,Customer#000143530,FURNITURE,MOROCCO,AFRICA
5573700,1992-01-12,333760.61,F,2-HIGH,Customer#000147071,MACHINERY,UNITED STATES,AMERICA
5468321,1992-01-12,170932.72,F,2-HIGH,Customer#000035459,AUTOMOBILE,BRAZIL,AMERICA
5578564,1992-01-12,240394.52,F,3-MEDIUM,Customer#000120223,AUTOMOBILE,ETHIOPIA,AFRICA
1246983,1992-01-12,98956.83,F,2-HIGH,Customer#000061387,FURNITURE,EGYPT,MIDDLE EAST
756482,1992-01-12,202748.86,F,4-NOT SPECIFIED,Customer#000083647,BUILDING,MOROCCO,AFRICA
5420197,1992-01-12,119514.33,F,5-LOW,Customer#000008375,HOUSEHOLD,CANADA,AMERICA
5747169,1992-01-12,67957.77,F,3-MEDIUM,Customer#000144203,BUILDING,MOZAMBIQUE,AFRICA
5603398,1992-01-12,150505.83,F,2-HIGH,Customer#000047747,FURNITURE,IRAN,MIDDLE EAST
5726919,1992-01-12,5069.16,F,5-LOW,Customer#000051073,MACHINERY,RUSSIA,EUROPE
5729793,1992-01-12,22703.42,F,1-URGENT,Customer#000097387,AUTOMOBILE,INDIA,ASIA
3787969,1992-01-12,165303.73,F,1-URGENT,Customer#000121999,BUILDING,CHINA,ASIA
5590310,1992-01-12,59918.70,F,1-URGENT,Customer#000034630,FURNITURE,CANADA,AMERICA
5609191,1992-01-12,10969.61,F,5-LOW,Customer#000030100,AUTOMOBILE,BRAZIL,AMERICA
3837571,1992-01-12,204790.26,F,3-MEDIUM,Customer#000079874,BUILDING,CANADA,AMERICA
3732804,1992-01-12,165619.24,F,5-LOW,Customer#000081169,AUTOMOBILE,FRANCE,EUROPE
1762373,1992-01-12,166704.52,F,5-LOW,Customer#000125794,MACHINERY,CANADA,AMERICA
697728,1992-01-12,125174.29,F,5-LOW,Customer#000108934,AUTOMOBILE,ALGERIA,AFRICA
663648,1992-01-12,168168.96,F,1-URGENT,Customer#000059147,HOUSEHOLD,BRAZIL,AMERICA
1507266,1992-01-12,19878.64,F,1-URGENT,Customer#000061594,HOUSEHOLD,IRAN,MIDDLE EAST
1452737,1992-01-12,378337.29,F,5-LOW,Customer#000100168,HOUSEHOLD,MOZAMBIQUE,AFRICA
3650979,1992-01-12,97662.35,F,4-NOT SPECIFIED,Customer#000109813,BUILDING,INDONESIA,ASIA
4098529,1992-01-12,156231.68,F,4-NOT SPECIFIED,Customer#000059899,MACHINERY,UNITED STATES,AMERICA
1669379,1992-01-12,279502.71,F,4-NOT SPECIFIED,Customer#000128062,AUTOMOBILE,CANADA,AMERICA
1364515,1992-01-12,208278.85,F,2-HIGH,Customer#000085189,FURNITURE,FRANCE,EUROPE
1608288,1992-01-12,156751.39,F,2-HIGH,Customer#000140083,HOUSEHOLD,SAUDI ARABIA,MIDDLE EAST
5069669,1992-01-12,60629.99,F,4-NOT SPECIFIED,Customer#000105289,BUILDING,CANADA,AMERICA
997920,1992-01-12,22587.55,F,3-MEDIUM,Customer#000074569,FURNITURE,INDONESIA,ASIA
3738917,1992-01-12,78508.90,F,3-MEDIUM,Customer#000117053,FURNITURE,CANADA,AMERICA
4053826,1992-01-12,173848.03,F,3-MEDIUM,Customer#000068989,HOUSEHOLD,ALGERIA,AFRICA
1775264,1992-01-12,35951.83,F,3-MEDIUM,Customer#000109756,FURNITURE,JAPAN,ASIA
752196,1992-01-12,254684.60,F,2-HIGH,Customer#000132574,HOUSEHOLD,SAUDI ARABIA,MIDDLE EAST
1211878,1992-01-12,54943.21,F,3-MEDIUM,Customer#000035081,AUTOMOBILE,JAPAN,ASIA
3893669,1992-01-12,94635.78,F,2-HIGH,Customer#000060808,AUTOMOBILE,SAUDI ARABIA,MIDDLE EAST
3745127,1992-01-12,143902.70,F,5-LOW,Customer#000077843,FURNITURE,INDONESIA,ASIA
3785188,1992-01-12,263295.61,F,3-MEDIUM,Customer#000115747,FURNITURE,ARGENTINA,AMERICA
5086560,1992-01-12,57714.28,F,4-NOT SPECIFIED,Customer#000064555,MACHINERY,INDONESIA,ASIA
1520869,1992-01-12,216507.92,F,1-URGENT,Customer#000110818,BUILDING,CANADA,AMERICA
4036259,1992-01-12,1236.28,F,5-LOW,Customer#000109219,BUILDING,UNITED STATES,AMERICA
936868,1992-01-12,245771.21,F,1-URGENT,Customer#000018637,AUTOMOBILE,INDIA,ASIA
627040,1992-01-12,217639.58,F,2-HIGH,Customer#000137357,MACHINERY,MOZAMBIQUE,AFRICA
1514915,1992-01-12,122415.64,F,3-MEDIUM,Customer#000148207,AUTOMOBILE,JAPAN,ASIA
748967,1992-01-12,63839.47,F,2-HIGH,Customer#000100768,BUILDING,INDONESIA,ASIA
3971814,1992-01-12,184022.48,F,5-LOW,Customer#000093608,BUILDING,ETHIOPIA,AFRICA
3658021,1992-01-12,85180.09,F,3-MEDIUM,Customer#000093020,AUTOMOBILE,SAUDI ARABIA,MIDDLE EAST
622310,1992-01-12,4471.85,F,4-NOT SPECIFIED,Customer#000007489,AUTOMOBILE,INDONESIA,ASIA
1227651,1992-01-12,169280.66,F,2-HIGH,Customer#000092890,BUILDING,RUSSIA,EUROPE
860583,1992-01-12,129913.47,F,2-HIGH,Customer#000046130,AUTOMOBILE,MOZAMBIQUE,AFRICA
865729,1992-01-12,159201.16,F,2-HIGH,Customer#000083686,AUTOMOBILE,UNITED KINGDOM,EUROPE
992771,1992-01-12,348467.98,F,4-NOT SPECIFIED,Customer#000096478,AUTOMOBILE,MOZAMBIQUE,AFRICA
937092,1992-01-12,190951.08,F,4-NOT SPECIFIED,Customer#000045787,FURNITURE,JORDAN,MIDDLE EAST
4044000,1992-01-12,88838.23,F,3-MEDIUM,Customer#000136807,FURNITURE,IRAQ,MIDDLE EAST
1093634,1992-01-12,134992.91,F,5-LOW,Customer#000002575,HOUSEHOLD,RUSSIA,EUROPE
715207,1992-01-12,85684.54,F,3-MEDIUM,Customer#000089327,HOUSEHOLD,VIETNAM,ASIA
884288,1992-01-12,129278.55,F,1-URGENT,Customer#000087865,FURNITURE,ARGENTINA,AMERICA
905222,1992-01-12,227421.13,F,3-MEDIUM,Customer#000012649,BUILDING,ETHIOPIA,AFRICA
856288,1992-01-12,28071.87,F,2-HIGH,Customer#000140674,FURNITURE,KENYA,AFRICA
635140,1992-01-12,226647.24,F,4-NOT SPECIFIED,Customer#000068143,MACHINERY,RUSSIA,EUROPE
1052771,1992-01-12,6047.11,F,4-NOT SPECIFIED,Customer#000118016,HOUSEHOLD,CHINA,ASIA
1080352,1992-01-12,302571.30,F,3-MEDIUM,Customer#000017590,BUILDING,JORDAN,MIDDLE EAST
3742978,1992-01-12,230860.46,F,5-LOW,Customer#000121756,MACHINERY,GERMANY,EUROPE
1168167,1992-01-12,124191.29,F,3-MEDIUM,Customer#000096928,AUTOMOBILE,ETHIOPIA,AFRICA
1943879,1992-01-12,91340.17,F,3-MEDIUM,Customer#000128047,HOUSEHOLD,SAUDI ARABIA,MIDDLE EAST
1929510,1992-01-12,97675.86,F,5-LOW,Customer#000143764,MACHINERY,ETHIOPIA,AFRICA
714309,1992-01-12,238164.40,F,3-MEDIUM,Customer#000032008,BUILDING,UNITED KINGDOM,EUROPE
1029413,1992-01-12,200944.97,F,2-HIGH,Customer#000012769,MACHINERY,ALGERIA,AFRICA
666466,1992-01-12,207644.08,F,2-HIGH,Customer#000073843,BUILDING,INDONESIA,ASIA
647621,1992-01-12,342555.54,F,3-MEDIUM,Customer#000062287,AUTOMOBILE,ALGERIA,AFRICA
992451,1992-01-12,117639.87,F,1-URGENT,Customer#000082102,FURNITURE,INDONESIA,ASIA
912928,1992-01-12,125337.45,F,4-NOT SPECIFIED,Customer#000114803,FURNITURE,PERU,AMERICA
944642,1992-01-12,118740.97,F,1-URGENT,Customer#000065426,FURNITURE,RUSSIA,EUROPE
987783,1992-01-12,61964.63,F,5-LOW,Customer#000077333,MACHINERY,ROMANIA,EUROPE
2361894,1992-01-12,137443.87,F,5-LOW,Customer#000021748,FURNITURE,MOZAMBIQUE,AFRICA
693984,1992-01-12,271101.59,F,5-LOW,Customer#000100477,BUILDING,EGYPT,MIDDLE EAST
990659,1992-01-12,179051.86,F,1-URGENT,Customer#000102223,AUTOMOBILE,BRAZIL,AMERICA
1100231,1992-01-12,240596.69,F,5-LOW,Customer#000128432,BUILDING,ROMANIA,EUROPE
1131077,1992-01-12,152232.09,F,3-MEDIUM,Customer#000016828,AUTOMOBILE,MOROCCO,AFRICA
2140515,1992-01-12,219096.22,F,5-LOW,Customer#000022825,MACHINERY,CHINA,ASIA
1866336,1992-01-12,81394.20,F,2-HIGH,Customer#000068077,BUILDING,JORDAN,MIDDLE EAST
638307,1992-01-12,141863.75,F,4-NOT SPECIFIED,Customer#000132442,HOUSEHOLD,EGYPT,MIDDLE EAST
1040069,1992-01-12,91570.63,F,2-HIGH,Customer#000105103,FURNITURE,ETHIOPIA,AFRICA
665188,1992-01-12,207441.49,F,2-HIGH,Customer#000073093,HOUSEHOLD,UNITED STATES,AMERICA
899361,1992-01-12,191426.80,F,3-MEDIUM,Customer#000059882,AUTOMOBILE,UNITED STATES,AMERICA
1078848,1992-01-12,103866.80,F,2-HIGH,Customer#000043315,FURNITURE,MOZAMBIQUE,AFRICA
666496,1992-01-12,272458.27,F,4-NOT SPECIFIED,Customer#000066712,FURNITURE,EGYPT,MIDDLE EAST
763746,1992-01-12,81658.80,F,1-URGENT,Customer#000104887,HOUSEHOLD,JORDAN,MIDDLE EAST
800673,1992-01-12,189087.88,F,3-MEDIUM,Customer#000089605,MACHINERY,JAPAN,ASIA
1822887,1992-01-12,172294.87,F,5-LOW,Customer#000073264,FURNITURE,GERMANY,EUROPE
2132486,1992-01-12,231669.62,F,5-LOW,Customer#000060139,AUTOMOBILE,BRAZIL,AMERICA
2793830,1992-01-12,243706.93,F,5-LOW,Customer#000033394,BUILDING,ALGERIA,AFRICA
2681570,1992-01-12,117035.55,F,5-LOW,Customer#000072359,HOUSEHOLD,ETHIOPIA,AFRICA
2567364,1992-01-12,113068.60,F,4-NOT SPECIFIED,Customer#000065698,HOUSEHOLD,UNITED KINGDOM,EUROPE
2811719,1992-01-12,285969.93,F,3-MEDIUM,Customer#000078892,AUTOMOBILE,JORDAN,MIDDLE EAST
2827650,1992-01-12,27402.21,F,1-URGENT,Customer#000015350,AUTOMOBILE,EGYPT,MIDDLE EAST
2562272,1992-01-12,58408.99,F,1-URGENT,Customer#000073744,MACHINERY,UNITED KINGDOM,EUROPE
2781283,1992-01-12,280249.85,F,2-HIGH,Customer#000056182,FURNITURE,VIETNAM,ASIA
2963524,1992-01-12,35412.08,F,1-URGENT,Customer#000102560,MACHINERY,JAPAN,ASIA
2646433,1992-01-12,40523.69,F,5-LOW,Customer#000147635,MACHINERY,JORDAN,MIDDLE EAST
2622115,1992-01-12,28181.43,F,4-NOT SPECIFIED,Customer#000012070,AUTOMOBILE,IRAN,MIDDLE EAST
2846371,1992-01-12,161306.13,F,2-HIGH,Customer#000111571,MACHINERY,GERMANY,EUROPE
2702564,1992-01-12,262952.86,F,4-NOT SPECIFIED,Customer#000128050,BUILDING,MOZAMBIQUE,AFRICA
2888097,1992-01-12,188448.12,F,1-URGENT,Customer#000120973,HOUSEHOLD,BRAZIL,AMERICA
2792550,1992-01-12,173677.40,F,2-HIGH,Customer#000052966,FURNITURE,INDONESIA,ASIA
2926080,1992-01-12,33185.62,F,1-URGENT,Customer#000095332,MACHINERY,MOROCCO,AFRICA
2945569,1992-01-12,54004.81,F,3-MEDIUM,Customer#000037976,FURNITURE,ETHIOPIA,AFRICA
2587942,1992-01-12,101756.87,F,4-NOT SPECIFIED,Customer#000093727,MACHINERY,JAPAN,ASIA
2490432,1992-01-12,57415.37,F,3-MEDIUM,Customer#000129127,FURNITURE,BRAZIL,AMERICA
2641798,1992-01-12,187967.74,F,2-HIGH,Customer#000002875,AUTOMOBILE,KENYA,AFRICA
2830117,1992-01-12,226352.01,F,5-LOW,Customer#000112663,AUTOMOBILE,FRANCE,EUROPE
2611303,1992-01-12,260134.50,F,4-NOT SPECIFIED,Customer#000119173,HOUSEHOLD,SAUDI ARABIA,MIDDLE EAST
2646689,1992-01-12,100899.15,F,4-NOT SPECIFIED,Customer#000123163,MACHINERY,ETHIOPIA,AFRICA
2796064,1992-01-12,79503.07,F,3-MEDIUM,Customer#000136141,FURNITURE,INDIA,ASIA
2420583,1992-01-12,150690.44,F,4-NOT SPECIFIED,Customer#000036322,FURNITURE,FRANCE,EUROPE
2459268,1992-01-12,210149.58,F,3-MEDIUM,Customer#000004039,MACHINERY,FRANCE,EUROPE
2437415,1992-01-12,124409.46,F,3-MEDIUM,Customer#000121354,AUTOMOBILE,ARGENTINA,AMERICA
2571715,1992-01-12,326628.90,F,4-NOT SPECIFIED,Customer#000096629,AUTOMOBILE,BRAZIL,AMERICA
2641764,1992-01-12,3591.59,F,5-LOW,Customer#000055868,AUTOMOBILE,UNITED KINGDOM,EUROPE
2449510,1992-01-12,255438.53,F,2-HIGH,Customer#000060802,FURNITURE,ALGERIA,AFRICA
3534691,1992-01-12,159815.00,F,3-MEDIUM,Customer#000031670,AUTOMOBILE,KENYA,AFRICA
3321574,1992-01-12,102120.29,F,1-URGENT,Customer#000134600,AUTOMOBILE,UNITED STATES,AMERICA
3371106,1992-01-12,303710.70,F,2-HIGH,Customer#000075769,HOUSEHOLD,INDONESIA,ASIA
5508869,1992-01-12,129854.15,F,3-MEDIUM,Customer#000111598,AUTOMOBILE,MOZAMBIQUE,AFRICA
3309889,1992-01-12,206584.82,F,2-HIGH,Customer#000044189,FURNITURE,UNITED STATES,AMERICA
2426534,1992-01-12,71228.65,F,1-URGENT,Customer#000028132,FURNITURE,INDIA,ASIA
3218149,1992-01-12,215910.56,F,5-LOW,Customer#000135505,BUILDING,JAPAN,ASIA
3304832,1992-01-12,321201.26,F,1-URGENT,Customer#000119783,HOUSEHOLD,ETHIOPIA,AFRICA
5712260,1992-01-12,99828.86,F,1-URGENT,Customer#000138184,MACHINERY,JAPAN,ASIA
3343840,1992-01-12,85493.73,F,2-HIGH,Customer#000025633,HOUSEHOLD,ETHIOPIA,AFRICA
5887815,1992-01-12,102942.66,F,3-MEDIUM,Customer#000037897,FURNITURE,BRAZIL,AMERICA
3321478,1992-01-12,238765.34,F,1-URGENT,Customer#000089719,HOUSEHOLD,ALGERIA,AFRICA
4883652,1992-01-12,36724.74,F,4-NOT SPECIFIED,Customer#000119626,MACHINERY,BRAZIL,AMERICA
4949638,1992-01-12,207430.24,F,1-URGENT,Customer#000084065,FURNITURE,EGYPT,MIDDLE EAST
5324293,1992-01-12,4037.09,F,3-MEDIUM,Customer#000089974,BUILDING,ROMANIA,EUROPE
5527620,1992-01-12,16268.45,F,3-MEDIUM,Customer#000119248,AUTOMOBILE,EGYPT,MIDDLE EAST
5551270,1992-01-12,55584.53,F,1-URGENT,Customer#000058777,AUTOMOBILE,INDONESIA,ASIA
5200452,1992-01-12,35837.42,F,1-URGENT,Customer#000123067,BUILDING,KENYA,AFRICA
5251616,1992-01-12,206483.62,F,2-HIGH,Customer#000068407,HOUSEHOLD,FRANCE,EUROPE
5435493,1992-01-12,85127.06,F,4-NOT SPECIFIED,Customer#000081703,BUILDING,UNITED KINGDOM,EUROPE
5854694,1992-01-12,166241.42,F,5-LOW,Customer#000105331,BUILDING,INDONESIA,ASIA
5454210,1992-01-12,40357.45,F,4-NOT SPECIFIED,Customer#000012209,MACHINERY,UNITED STATES,AMERICA
5277254,1992-01-12,176902.73,F,2-HIGH,Customer#000138913,FURNITURE,SAUDI ARABIA,MIDDLE EAST
5093221,1992-01-12,59984.84,F,1-URGENT,Customer#000097435,AUTOMOBILE,CHINA,ASIA
5465444,1992-01-12,272060.58,F,5-LOW,Customer#000130570,MACHINERY,RUSSIA,EUROPE
5558178,1992-01-12,254871.30,F,1-URGENT,Customer#000018319,MACHINERY,UNITED KINGDOM,EUROPE
3562788,1992-01-12,191219.85,F,5-LOW,Customer#000034738,FURNITURE,ARGENTINA,AMERICA
5673731,1992-01-12,12352.91,F,1-URGENT,Customer#000142723,FURNITURE,ROMANIA,EUROPE
5563970,1992-01-12,183860.48,F,3-MEDIUM,Customer#000089611,HOUSEHOLD,BRAZIL,AMERICA
1258880,1992-01-12,57780.39,F,1-URGENT,Customer#000081895,BUILDING,IRAN,MIDDLE EAST
3913409,1992-01-12,232788.13,F,5-LOW,Customer#000136924,AUTOMOBILE,IRAQ,MIDDLE EAST
5782176,1992-01-12,189090.77,F,3-MEDIUM,Customer#000074896,MACHINERY,FRANCE,EUROPE
1625635,1992-01-12,173461.98,F,2-HIGH,Customer#000029188,MACHINERY,EGYPT,MIDDLE EAST
3903431,1992-01-12,304471.86,F,5-LOW,Customer#000002863,HOUSEHOLD,INDIA,ASIA
1290657,1992-01-12,203538.09,F,4-NOT SPECIFIED,Customer#000094612,BUILDING,ALGERIA,AFRICA
1216416,1992-01-12,34835.24,F,4-NOT SPECIFIED,Customer#000000514,BUILDING,UNITED KINGDOM,EUROPE
3863075,1992-01-12,217659.66,F,3-MEDIUM,Customer#000002149,FURNITURE,CHINA,ASIA
4126240,1992-01-12,105518.59,F,2-HIGH,Customer#000149711,HOUSEHOLD,UNITED KINGDOM,EUROPE
1328996,1992-01-12,220884.45,F,4-NOT SPECIFIED,Customer#000135991,FURNITURE,UNITED KINGDOM,EUROPE
1404096,1992-01-12,58077.58,F,5-LOW,Customer#000065458,AUTOMOBILE,ALGERIA,AFRICA
1526627,1992-01-12,116812.62,F,5-LOW,Customer#000031330,HOUSEHOLD,CHINA,ASIA
1766247,1992-01-12,170934.61,F,3-MEDIUM,Customer#000067295,FURNITURE,RUSSIA,EUROPE
1449093,1992-01-12,193931.84,F,1-URGENT,Customer#000029056,FURNITURE,IRAQ,MIDDLE EAST
1649447,1992-01-12,70879.21,F,2-HIGH,Customer#000078685,FURNITURE,BRAZIL,AMERICA
3821702,1992-01-12,232924.13,F,4-NOT SPECIFIED,Customer#000006640,AUTOMOBILE,GERMANY,EUROPE
3894116,1992-01-12,207351.83,F,5-LOW,Customer#000090889,AUTOMOBILE,JAPAN,ASIA
1592804,1992-01-12,68588.63,F,2-HIGH,Customer#000047497,BUILDING,IRAN,MIDDLE EAST
1249831,1992-01-12,201395.87,F,5-LOW,Customer#000057638,FURNITURE,EGYPT,MIDDLE EAST
1563847,1992-01-12,76734.90,F,2-HIGH,Customer#000135371,MACHINERY,MOROCCO,AFRICA
3698147,1992-01-12,97867.49,F,2-HIGH,Customer#000114019,MACHINERY,IRAQ,MIDDLE EAST
4194240,1992-01-12,212346.22,F,1-URGENT,Customer#000056704,AUTOMOBILE,CANADA,AMERICA
1266405,1992-01-12,28543.75,F,5-LOW,Customer#000012391,FURNITURE,JORDAN,MIDDLE EAST
4088710,1992-01-12,288757.15,F,1-URGENT,Customer#000136252,BUILDING,ARGENTINA,AMERICA
3724801,1992-01-12,44916.93,F,4-NOT SPECIFIED,Customer#000107417,HOUSEHOLD,VIETNAM,ASIA
1371041,1992-01-12,143811.77,F,5-LOW,Customer#000108268,HOUSEHOLD,ALGERIA,AFRICA
4096546,1992-01-12,79927.26,F,5-LOW,Customer#000121675,BUILDING,JORDAN,MIDDLE EAST
1428966,1992-01-12,43877.76,F,2-HIGH,Customer#000011396,HOUSEHOLD,UNITED STATES,AMERICA
5042951,1992-01-12,265395.96,F,1-URGENT,Customer#000049129,FURNITURE,GERMANY,EUROPE
1718722,1992-01-12,91280.86,F,3-MEDIUM,Customer#000092219,HOUSEHOLD,VIETNAM,ASIA
1631587,1992-01-12,127134.47,F,5-LOW,Customer#000035026,BUILDING,CANADA,AMERICA
4038373,1992-01-12,97378.83,F,5-LOW,Customer#000047176,HOUSEHOLD,JAPAN,ASIA
4101697,1992-01-12,82280.96,F,2-HIGH,Customer#000046019,BUILDING,GERMANY,EUROPE
1613926,1992-01-12,133633.12,F,3-MEDIUM,Customer#000031996,AUTOMOBILE,KENYA,AFRICA
3653636,1992-01-12,162769.95,F,4-NOT SPECIFIED,Customer#000082895,MACHINERY,RUSSIA,EUROPE
4164967,1992-01-12,76479.51,F,2-HIGH,Customer#000002840,HOUSEHOLD,FRANCE,EUROPE
3679366,1992-01-12,78604.63,F,2-HIGH,Customer#000004481,AUTOMOBILE,MOZAMBIQUE,AFRICA
1606305,1992-01-12,105718.59,F,4-NOT SPECIFIED,Customer#000140851,BUILDING,VIETNAM,ASIA
4095365,1992-01-12,245178.40,F,1-URGENT,Customer#000132794,BUILDING,IRAQ,MIDDLE EAST
1585510,1992-01-12,270312.23,F,2-HIGH,Customer#000139520,FURNITURE,ETHIOPIA,AFRICA
1603271,1992-01-12,240570.36,F,4-NOT SPECIFIED,Customer#000006374,AUTOMOBILE,SAUDI ARABIA,MIDDLE EAST
1278342,1992-01-12,195810.87,F,5-LOW,Customer#000029476,AUTOMOBILE,VIETNAM,ASIA
1305828,1992-01-12,276338.47,F,3-MEDIUM,Customer#000141232,BUILDING,BRAZIL,AMERICA
1721380,1992-01-12,95697.46,F,5-LOW,Customer#000119033,FURNITURE,KENYA,AFRICA
4119365,1992-01-12,81076.26,F,4-NOT SPECIFIED,Customer#000052405,MACHINERY,ETHIOPIA,AFRICA
1579973,1992-01-12,166716.91,F,3-MEDIUM,Customer#000096088,MACHINERY,SAUDI ARABIA,MIDDLE EAST
1292902,1992-01-12,149971.40,F,3-MEDIUM,Customer#000056378,MACHINERY,VIETNAM,ASIA
3808608,1992-01-12,158873.77,F,3-MEDIUM,Customer#000079069,AUTOMOBILE,RUSSIA,EUROPE
4076033,1992-01-12,94245.30,F,1-URGENT,Customer#000127390,HOUSEHOLD,EGYPT,MIDDLE EAST
3869926,1992-01-12,190136.16,F,2-HIGH,Customer#000087790,FURNITURE,KENYA,AFRICA
3734022,1992-01-12,35142.40,F,3-MEDIUM,Customer#000068080,HOUSEHOLD,UNITED KINGDOM,EUROPE
1427364,1992-01-12,188537.30,F,3-MEDIUM,Customer#000101248,FURNITURE,IRAN,MIDDLE EAST
3754662,1992-01-12,258159.40,F,4-NOT SPECIFIED,Customer#000067525,MACHINERY,CHINA,ASIA
1211778,1992-01-12,153666.73,F,2-HIGH,Customer#000055057,HOUSEHOLD,BRAZIL,AMERICA
4110150,1992-01-12,80048.76,F,1-URGENT,Customer#000013948,AUTOMOBILE,ETHIOPIA,AFRICA
1593957,1992-01-12,1798.19,F,3-MEDIUM,Customer#000084659,HOUSEHOLD,MOROCCO,AFRICA
1223040,1992-01-12,17285.63,F,3-MEDIUM,Customer#000071977,BUILDING,KENYA,AFRICA
5989027,1992-01-12,161429.43,F,4-NOT SPECIFIED,Customer#000007606,HOUSEHOLD,UNITED KINGDOM,EUROPE
3955651,1992-01-12,404818.52,F,4-NOT SPECIFIED,Customer#000020651,BUILDING,RUSSIA,EUROPE
3728867,1992-01-12,95174.16,F,2-HIGH,Customer#000021781,MACHINERY,ROMANIA,EUROPE
3756806,1992-01-12,231717.64,F,4-NOT SPECIFIED,Customer#000048739,AUTOMOBILE,JAPAN,ASIA
4016642,1992-01-12,195901.65,F,5-LOW,Customer#000086393,BUILDING,BRAZIL,AMERICA
1211297,1992-01-12,221830.17,F,2-HIGH,Customer#000026104,BUILDING,UNITED KINGDOM,EUROPE
3721888,1992-01-12,114102.14,F,3-MEDIUM,Customer#000130465,BUILDING,CANADA,AMERICA
4169058,1992-01-12,265764.81,F,2-HIGH,Customer#000046186,MACHINERY,JORDAN,MIDDLE EAST
1262471,1992-01-12,328350.62,F,5-LOW,Customer#000136108,FURNITURE,SAUDI ARABIA,MIDDLE EAST
1795264,1992-01-12,159102.48,F,4-NOT SPECIFIED,Customer#000147727,BUILDING,MOROCCO,AFRICA
4036803,1992-01-12,140374.06,F,3-MEDIUM,Customer#000012808,BUILDING,PERU,AMERICA
4145345,1992-01-12,75200.65,F,5-LOW,Customer#000034493,FURNITURE,VIETNAM,ASIA
1574918,1992-01-12,193152.29,F,5-LOW,Customer#000014645,HOUSEHOLD,SAUDI ARABIA,MIDDLE EAST
1524131,1992-01-12,38671.53,F,2-HIGH,Customer#000047449,BUILDING,MOZAMBIQUE,AFRICA
1356132,1992-01-12,207840.63,F,1-URGENT,Customer#000097907,HOUSEHOLD,CHINA,ASIA
1474631,1992-01-12,81775.64,F,5-LOW,Customer#000054035,FURNITURE,VIETNAM,ASIA
1757857,1992-01-12,159473.68,F,3-MEDIUM,Customer#000049529,HOUSEHOLD,MOZAMBIQUE,AFRICA
1758722,1992-01-12,213263.72,F,3-MEDIUM,Customer#000083248,AUTOMOBILE,UNITED STATES,AMERICA
3848228,1992-01-12,235906.92,F,3-MEDIUM,Customer#000097741,MACHINERY,CANADA,AMERICA
3902594,1992-01-12,134259.55,F,5-LOW,Customer#000066599,MACHINERY,GERMANY,EUROPE
1369635,1992-01-12,277724.86,F,4-NOT SPECIFIED,Customer#000075538,HOUSEHOLD,ALGERIA,AFRICA
1550598,1992-01-12,54481.25,F,2-HIGH,Customer#000106243,BUILDING,ROMANIA,EUROPE
4024294,1992-01-12,230594.54,F,3-MEDIUM,Customer#000056863,FURNITURE,INDONESIA,ASIA
1515811,1992-01-12,50575.36,F,4-NOT SPECIFIED,Customer#000075964,MACHINERY,ALGERIA,AFRICA
1333348,1992-01-12,220424.56,F,2-HIGH,Customer#000007732,BUILDING,INDONESIA,ASIA
1339303,1992-01-12,272341.24,F,1-URGENT,Customer#000064342,FURNITURE,ALGERIA,AFRICA
3738179,1992-01-12,331055.89,F,3-MEDIUM,Customer#000105440,HOUSEHOLD,JORDAN,MIDDLE EAST
1462086,1992-01-12,207994.65,F,1-URGENT,Customer#000143125,MACHINERY,GERMANY,EUROPE
4076097,1992-01-12,32842.41,F,2-HIGH,Customer#000125066,MACHINERY,ROMANIA,EUROPE
4037893,1992-01-12,191511.37,F,1-URGENT,Customer#000000163,FURNITURE,VIETNAM,ASIA
1627330,1992-01-12,319672.71,F,3-MEDIUM,Customer#000066107,AUTOMOBILE,SAUDI ARABIA,MIDDLE EAST
3840194,1992-01-12,124969.87,F,5-LOW,Customer#000090065,MACHINERY,EGYPT,MIDDLE EAST
3978342,1992-01-12,35712.06,F,3-MEDIUM,Customer#000055706,AUTOMOBILE,CANADA,AMERICA
4137440,1992-01-12,125189.58,F,2-HIGH,Customer#000049498,HOUSEHOLD,FRANCE,EUROPE
1243842,1992-01-12,214430.74,F,3-MEDIUM,Customer#000106822,FURNITURE,INDONESIA,ASIA
3656230,1992-01-12,181947.17,F,1-URGENT,Customer#000083515,MACHINERY,FRANCE,EUROPE
1313700,1992-01-12,117294.65,F,1-URGENT,Customer#000028876,HOUSEHOLD,MOZAMBIQUE,AFRICA
4168995,1992-01-12,263499.57,F,2-HIGH,Customer#000077113,MACHINERY,FRANCE,EUROPE
3947812,1992-01-12,250295.67,F,4-NOT SPECIFIED,Customer#000074764,BUILDING,MOZAMBIQUE,AFRICA
1564483,1992-01-12,150565.13,F,2-HIGH,Customer#000010906,BUILDING,IRAQ,MIDDLE EAST
1331972,1992-01-12,157340.45,F,1-URGENT,Customer#000073354,AUTOMOBILE,UNITED STATES,AMERICA
1454147,1992-01-12,228461.95,F,5-LOW,Customer#000066226,AUTOMOBILE,KENYA,AFRICA
1702948,1992-01-12,59944.67,F,1-URGENT,Customer#000065026,HOUSEHOLD,INDIA,ASIA
3944995,1992-01-12,98138.29,F,1-URGENT,Customer#000099187,AUTOMOBILE,KENYA,AFRICA
1564679,1992-01-12,228697.14,F,2-HIGH,Customer#000130645,BUILDING,ROMANIA,EUROPE
3812901,1992-01-12,292026.46,F,2-HIGH,Customer#000039053,HOUSEHOLD,MOZAMBIQUE,AFRICA
1394656,1992-01-12,198812.22,F,4-NOT SPECIFIED,Customer#000002695,BUILDING,INDONESIA,ASIA
1782115,1992-01-12,254905.42,F,3-MEDIUM,Customer#000095176,MACHINERY,PERU,AMERICA
3787970,1992-01-12,109436.17,F,3-MEDIUM,Customer#000059314,FURNITURE,CHINA,ASIA
3895303,1992-01-12,180286.23,F,2-HIGH,Customer#000057580,HOUSEHOLD,FRANCE,EUROPE
4023233,1992-01-12,173721.45,F,3-MEDIUM,Customer#000020200,MACHINERY,IRAQ,MIDDLE EAST
1362183,1992-01-12,202896.43,F,4-NOT SPECIFIED,Customer#000102526,MACHINERY,ARGENTINA,AMERICA
1765922,1992-01-12,257278.07,F,4-NOT SPECIFIED,Customer#000133862,MACHINERY,ARGENTINA,AMERICA
4183079,1992-01-12,220741.95,F,4-NOT SPECIFIED,Customer#000112399,BUILDING,MOZAMBIQUE,AFRICA
3746978,1992-01-12,88453.59,F,3-MEDIUM,Customer#000015059,FURNITURE,RUSSIA,EUROPE
1328579,1992-01-12,95198.25,F,5-LOW,Customer#000101440,AUTOMOBILE,JORDAN,MIDDLE EAST
4645414,1992-01-12,91718.34,F,4-NOT SPECIFIED,Customer#000100778,BUILDING,MOZAMBIQUE,AFRICA
4722563,1992-01-12,83579.03,F,2-HIGH,Customer#000067685,BUILDING,GERMANY,EUROPE
2422533,1992-01-12,81295.72,F,5-LOW,Customer#000016508,FURNITURE,SAUDI ARABIA,MIDDLE EAST
4494245,1992-01-12,267701.92,F,3-MEDIUM,Customer#000100670,FURNITURE,CANADA,AMERICA
4819777,1992-01-12,100352.34,F,1-URGENT,Customer#000082519,BUILDING,CHINA,ASIA
911590,1992-01-13,284892.49,F,4-NOT SPECIFIED,Customer#000056980,HOUSEHOLD,MOZAMBIQUE,AFRICA
3545765,1992-01-13,180483.24,F,2-HIGH,Customer#000051325,BUILDING,UNITED KINGDOM,EUROPE
3064000,1992-01-13,240996.47,F,4-NOT SPECIFIED,Customer#000134936,BUILDING,EGYPT,MIDDLE EAST
3525504,1992-01-13,80606.27,F,3-MEDIUM,Customer#000050455,AUTOMOBILE,SAUDI ARABIA,MIDDLE EAST
3529799,1992-01-13,176155.30,F,3-MEDIUM,Customer#000068485,HOUSEHOLD,GERMANY,EUROPE
3256838,1992-01-13,183501.10,F,3-MEDIUM,Customer#000105706,HOUSEHOLD,ARGENTINA,AMERICA
3155462,1992-01-13,81842.24,F,2-HIGH,Customer#000019132,HOUSEHOLD,CANADA,AMERICA
3407425,1992-01-13,168007.51,F,3-MEDIUM,Customer#000057232,FURNITURE,CANADA,AMERICA
3393696,1992-01-13,15245.92,F,4-NOT SPECIFIED,Customer#000089560,HOUSEHOLD,UNITED STATES,AMERICA
3061569,1992-01-13,137745.97,F,2-HIGH,Customer#000020785,HOUSEHOLD,UNITED STATES,AMERICA
3567872,1992-01-13,332966.80,F,2-HIGH,Customer#000016018,FURNITURE,UNITED STATES,AMERICA
3111936,1992-01-13,326471.71,F,1-URGENT,Customer#000128797,MACHINERY,CHINA,ASIA
3203332,1992-01-13,54293.55,F,5-LOW,Customer#000025175,AUTOMOBILE,RUSSIA,EUROPE
3421827,1992-01-13,226359.33,F,3-MEDIUM,Customer#000094760,FURNITURE,JORDAN,MIDDLE EAST
3375874,1992-01-13,59147.89,F,1-URGENT,Customer#000075418,AUTOMOBILE,ETHIOPIA,AFRICA
3500833,1992-01-13,126747.06,F,2-HIGH,Customer#000024538,BUILDING,MOROCCO,AFRICA
3055078,1992-01-13,161071.05,F,5-LOW,Customer#000046985,HOUSEHOLD,ARGENTINA,AMERICA
3108161,1992-01-13,112023.63,F,2-HIGH,Customer#000019579,MACHINERY,ROMANIA,EUROPE
3230370,1992-01-13,224142.72,F,2-HIGH,Customer#000085876,AUTOMOBILE,IRAQ,MIDDLE EAST
3294789,1992-01-13,122647.34,F,2-HIGH,Customer#000136498,FURNITURE,BRAZIL,AMERICA
3008931,1992-01-13,281819.21,F,2-HIGH,Customer#000112222,BUILDING,IRAN,MIDDLE EAST
3501601,1992-01-13,364335.86,F,2-HIGH,Customer#000149035,BUILDING,SAUDI ARABIA,MIDDLE EAST
3086626,1992-01-13,192924.06,F,3-MEDIUM,Customer#000107113,MACHINERY,IRAQ,MIDDLE EAST
3083622,1992-01-13,140577.20,F,2-HIGH,Customer#000081343,BUILDING,ARGENTINA,AMERICA
3082180,1992-01-13,30009.51,F,2-HIGH,Customer#000101686,MACHINERY,MOZAMBIQUE,AFRICA
3231686,1992-01-13,129901.61,F,3-MEDIUM,Customer#000061228,MACHINERY,MOZAMBIQUE,AFRICA
3292963,1992-01-13,96079.47,F,2-HIGH,Customer#000077698,AUTOMOBILE,INDONESIA,ASIA
3390882,1992-01-13,67590.63,F,5-LOW,Customer#000070729,AUTOMOBILE,RUSSIA,EUROPE
3409601,1992-01-13,148601.08,F,3-MEDIUM,Customer#000005485,HOUSEHOLD,INDONESIA,ASIA
3008992,1992-01-13,86136.09,F,4-NOT SPECIFIED,Customer#000059197,MACHINERY,KENYA,AFRICA
3328260,1992-01-13,27057.47,F,4-NOT SPECIFIED,Customer#000126868,AUTOMOBILE,IRAN,MIDDLE EAST
3032998,1992-01-13,31647.37,F,1-URGENT,Customer#000012155,AUTOMOBILE,FRANCE,EUROPE
3251683,1992-01-13,160615.85,F,5-LOW,Customer#000145514,FURNITURE,FRANCE,EUROPE
3236257,1992-01-13,130055.63,F,2-HIGH,Customer#000064954,FURNITURE,KENYA,AFRICA
3166404,1992-01-13,249171.39,F,5-LOW,Customer#000101128,AUTOMOBILE,RUSSIA,EUROPE
3174658,1992-01-13,164209.62,F,1-URGENT,Customer#000139960,FURNITURE,ARGENTINA,AMERICA
3251237,1992-01-13,13146.62,F,2-HIGH,Customer#000042328,AUTOMOBILE,PERU,AMERICA
3101121,1992-01-13,130270.28,F,1-URGENT,Customer#000059666,BUILDING,MOROCCO,AFRICA
3196708,1992-01-13,94018.48,F,3-MEDIUM,Customer#000054266,HOUSEHOLD,UNITED KINGDOM,EUROPE
3491940,1992-01-13,90469.94,F,4-NOT SPECIFIED,Customer#000072926,BUILDING,GERMANY,EUROPE
3468323,1992-01-13,87327.26,F,3-MEDIUM,Customer#000149150,BUILDING,CANADA,AMERICA
3312481,1992-01-13,98933.92,F,2-HIGH,Customer#000140515,FURNITURE,KENYA,AFRICA
3324771,1992-01-13,51796.83,F,5-LOW,Customer#000068536,BUILDING,IRAN,MIDDLE EAST
3084293,1992-01-13,195684.85,F,1-URGENT,Customer#000039508,HOUSEHOLD,RUSSIA,EUROPE
3324291,1992-01-13,99144.70,F,4-NOT SPECIFIED,Customer#000058975,HOUSEHOLD,ROMANIA,EUROPE
3371525,1992-01-13,148286.76,F,1-URGENT,Customer#000132391,AUTOMOBILE,ETHIOPIA,AFRICA
3236423,1992-01-13,313503.19,F,2-HIGH,Customer#000120559,FURNITURE,INDIA,ASIA
3164580,1992-01-13,149048.65,F,3-MEDIUM,Customer#000004834,FURNITURE,ETHIOPIA,AFRICA
3565732,1992-01-13,58217.66,F,3-MEDIUM,Customer#000013828,FURNITURE,RUSSIA,EUROPE
3307974,1992-01-13,266453.10,F,2-HIGH,Customer#000005350,MACHINERY,KENYA,AFRICA
3455489,1992-01-13,333685.63,F,4-NOT SPECIFIED,Customer#000119671,FURNITURE,JAPAN,ASIA
3318338,1992-01-13,110852.25,F,1-URGENT,Customer#000130486,FURNITURE,BRAZIL,AMERICA
3229508,1992-01-13,134423.01,F,2-HIGH,Customer#000134894,BUILDING,ROMANIA,EUROPE
3482528,1992-01-13,226222.80,F,5-LOW,Customer#000074194,MACHINERY,FRANCE,EUROPE
3087044,1992-01-13,238752.87,F,2-HIGH,Customer#000059503,BUILDING,MOROCCO,AFRICA
3153319,1992-01-13,333979.10,F,5-LOW,Customer#000131570,MACHINERY,IRAQ,MIDDLE EAST
5591781,1992-01-13,220807.83,F,1-URGENT,Customer#000015856,MACHINERY,PERU,AMERICA
5816835,1992-01-13,127761.07,F,5-LOW,Customer#000067096,HOUSEHOLD,RUSSIA,EUROPE
5953157,1992-01-13,46783.76,F,2-HIGH,Customer#000131981,FURNITURE,CHINA,ASIA
5824672,1992-01-13,382353.28,F,5-LOW,Customer#000062605,MACHINERY,MOZAMBIQUE,AFRICA
5900832,1992-01-13,14160.22,F,2-HIGH,Customer#000110615,BUILDING,INDONESIA,ASIA
4986021,1992-01-13,187724.25,F,3-MEDIUM,Customer#000042409,HOUSEHOLD,UNITED KINGDOM,EUROPE
5812261,1992-01-13,198563.70,F,1-URGENT,Customer#000003220,MACHINERY,PERU,AMERICA
5958599,1992-01-13,164257.41,F,2-HIGH,Customer#000029234,BUILDING,PERU,AMERICA
5265667,1992-01-13,246594.59,F,1-URGENT,Customer#000118625,MACHINERY,MOZAMBIQUE,AFRICA
5285124,1992-01-13,80388.43,F,5-LOW,Customer#000136289,AUTOMOBILE,MOROCCO,AFRICA
5667142,1992-01-13,7167.28,F,5-LOW,Customer#000000355,FURNITURE,KENYA,AFRICA
5383232,1992-01-13,172272.42,F,2-HIGH,Customer#000073099,FURNITURE,INDIA,ASIA
5487361,1992-01-13,171891.90,F,4-NOT SPECIFIED,Customer#000017635,FURNITURE,SAUDI ARABIA,MIDDLE EAST
5868003,1992-01-13,335489.92,F,3-MEDIUM,Customer#000146540,HOUSEHOLD,ALGERIA,AFRICA
5000128,1992-01-13,103693.72,F,4-NOT SPECIFIED,Customer#000004684,MACHINERY,INDIA,ASIA
5226085,1992-01-13,298382.10,F,4-NOT SPECIFIED,Customer#000114260,FURNITURE,UNITED STATES,AMERICA
5431937,1992-01-13,63102.37,F,4-NOT SPECIFIED,Customer#000018490,HOUSEHOLD,INDONESIA,ASIA
4882722,1992-01-13,143615.09,F,5-LOW,Customer#000053452,BUILDING,INDIA,ASIA
5508037,1992-01-13,225069.42,F,1-URGENT,Customer#000122362,MACHINERY,BRAZIL,AMERICA
5933635,1992-01-13,118043.46,F,3-MEDIUM,Customer#000114545,BUILDING,ARGENTINA,AMERICA
5625956,1992-01-13,50414.56,F,1-URGENT,Customer#000027895,HOUSEHOLD,JAPAN,ASIA
5837568,1992-01-13,256286.93,F,5-LOW,Customer#000116269,AUTOMOBILE,PERU,AMERICA
5384608,1992-01-13,186310.16,F,1-URGENT,Customer#000016670,AUTOMOBILE,IRAQ,MIDDLE EAST
4950820,1992-01-13,92241.22,F,4-NOT SPECIFIED,Customer#000036209,HOUSEHOLD,RUSSIA,EUROPE
5372354,1992-01-13,253455.58,F,2-HIGH,Customer#000137605,AUTOMOBILE,IRAQ,MIDDLE EAST
5092998,1992-01-13,124807.81,F,4-NOT SPECIFIED,Customer#000089632,MACHINERY,KENYA,AFRICA
5218624,1992-01-13,73359.41,F,3-MEDIUM,Customer#000025910,MACHINERY,JAPAN,ASIA
4858081,1992-01-13,142077.70,F,3-MEDIUM,Customer#000126622,MACHINERY,ARGENTINA,AMERICA
5230630,1992-01-13,191251.83,F,3-MEDIUM,Customer#000125278,AUTOMOBILE,FRANCE,EUROPE
5801445,1992-01-13,70542.04,F,3-MEDIUM,Customer#000091612,HOUSEHOLD,JORDAN,MIDDLE EAST
5835812,1992-01-13,113397.17,F,5-LOW,Customer#000024520,FURNITURE,JORDAN,MIDDLE EAST
5703715,1992-01-13,15716.35,F,3-MEDIUM,Customer#000077971,BUILDING,JORDAN,MIDDLE EAST
5154407,1992-01-13,104220.29,F,5-LOW,Customer#000104615,HOUSEHOLD,JAPAN,ASIA
5560352,1992-01-13,78004.47,F,1-URGENT,Customer#000092723,FURNITURE,SAUDI ARABIA,MIDDLE EAST
4864997,1992-01-13,173336.85,F,1-URGENT,Customer#000123689,HOUSEHOLD,MOROCCO,AFRICA
5118082,1992-01-13,235610.34,F,5-LOW,Customer#000070964,FURNITURE,EGYPT,MIDDLE EAST
4837446,1992-01-13,60297.85,F,4-NOT SPECIFIED,Customer#000117196,AUTOMOBILE,MOROCCO,AFRICA
4941985,1992-01-13,199930.64,F,1-URGENT,Customer#000068444,MACHINERY,CANADA,AMERICA
5259079,1992-01-13,185806.78,F,1-URGENT,Customer#000011843,AUTOMOBILE,MOROCCO,AFRICA
5529344,1992-01-13,318068.57,F,5-LOW,Customer#000124807,MACHINERY,JORDAN,MIDDLE EAST
5191303,1992-01-13,102148.00,F,5-LOW,Customer#000025181,FURNITURE,FRANCE,EUROPE
5923171,1992-01-13,90148.83,F,3-MEDIUM,Customer#000131608,BUILDING,CHINA,ASIA
5149283,1992-01-13,15008.37,F,3-MEDIUM,Customer#000056093,BUILDING,PERU,AMERICA
5776229,1992-01-13,181679.76,F,1-URGENT,Customer#000066787,AUTOMOBILE,CANADA,AMERICA
5044356,1992-01-13,243368.25,F,4-NOT SPECIFIED,Customer#000016706,FURNITURE,IRAQ,MIDDLE EAST
5950597,1992-01-13,252917.32,F,5-LOW,Customer#000106523,BUILDING,UNITED STATES,AMERICA
5318818,1992-01-13,198080.54,F,5-LOW,Customer#000026560,HOUSEHOLD,INDIA,ASIA
5955073,1992-01-13,168867.88,F,1-URGENT,Customer#000125093,AUTOMOBILE,FRANCE,EUROPE
4888866,1992-01-13,270263.80,F,1-URGENT,Customer#000074222,FURNITURE,INDONESIA,ASIA
4986913,1992-01-13,231403.30,F,1-URGENT,Customer#000032459,FURNITURE,BRAZIL,AMERICA
5127616,1992-01-13,266771.66,F,3-MEDIUM,Customer#000047620,FURNITURE,INDIA,ASIA
4663299,1992-01-13,230845.13,F,4-NOT SPECIFIED,Customer#000062905,AUTOMOBILE,INDONESIA,ASIA
4573570,1992-01-13,89039.95,F,4-NOT SPECIFIED,Customer#000009865,BUILDING,INDIA,ASIA
4978758,1992-01-13,281799.81,F,2-HIGH,Customer#000047470,FURNITURE,INDONESIA,ASIA
5237665,1992-01-13,256642.63,F,4-NOT SPECIFIED,Customer#000007231,AUTOMOBILE,JORDAN,MIDDLE EAST
5156546,1992-01-13,145467.14,F,1-URGENT,Customer#000077378,FURNITURE,UNITED STATES,AMERICA
5045607,1992-01-13,150064.20,F,1-URGENT,Customer#000005497,AUTOMOBILE,FRANCE,EUROPE
5785922,1992-01-13,20241.27,F,1-URGENT,Customer#000078865,FURNITURE,ROMANIA,EUROPE
5835270,1992-01-13,108399.88,F,4-NOT SPECIFIED,Customer#000088534,AUTOMOBILE,ETHIOPIA,AFRICA
5957607,1992-01-13,137764.18,F,2-HIGH,Customer#000040090,FURNITURE,MOROCCO,AFRICA
5035714,1992-01-13,229667.87,F,2-HIGH,Customer#000020017,BUILDING,KENYA,AFRICA
5950981,1992-01-13,111553.49,F,3-MEDIUM,Customer#000097628,BUILDING,ROMANIA,EUROPE
5432064,1992-01-13,158822.84,F,3-MEDIUM,Customer#000046846,AUTOMOBILE,IRAN,MIDDLE EAST
5377154,1992-01-13,86133.94,F,1-URGENT,Customer#000082606,HOUSEHOLD,ROMANIA,EUROPE
4968899,1992-01-13,76711.76,F,2-HIGH,Customer#000096913,FURNITURE,UNITED STATES,AMERICA
5352771,1992-01-13,277769.71,F,2-HIGH,Customer#000038425,MACHINERY,UNITED KINGDOM,EUROPE
5411972,1992-01-13,199342.52,F,2-HIGH,Customer#000020389,HOUSEHOLD,KENYA,AFRICA
4800675,1992-01-13,72458.24,F,4-NOT SPECIFIED,Customer#000027809,AUTOMOBILE,UNITED KINGDOM,EUROPE
5114017,1992-01-13,143073.81,F,1-URGENT,Customer#000065372,BUILDING,INDIA,ASIA
5227619,1992-01-13,24684.67,F,1-URGENT,Customer#000140539,MACHINERY,FRANCE,EUROPE
5905348,1992-01-13,157086.43,F,2-HIGH,Customer#000072152,FURNITURE,BRAZIL,AMERICA
5286054,1992-01-13,80356.92,F,5-LOW,Customer#000076240,FURNITURE,KENYA,AFRICA
5537475,1992-01-13,207880.86,F,1-URGENT,Customer#000126244,FURNITURE,JORDAN,MIDDLE EAST
5101957,1992-01-13,21732.99,F,5-LOW,Customer#000123013,HOUSEHOLD,RUSSIA,EUROPE
5763394,1992-01-13,172486.95,F,2-HIGH,Customer#000145297,HOUSEHOLD,CANADA,AMERICA
5753633,1992-01-13,50391.77,F,4-NOT SPECIFIED,Customer#000067709,BUILDING,BRAZIL,AMERICA
5566598,1992-01-13,324641.81,F,1-URGENT,Customer#000112642,AUTOMOBILE,UNITED KINGDOM,EUROPE
267747,1992-01-13,196097.52,F,5-LOW,Customer#000083189,FURNITURE,BRAZIL,AMERICA
21382,1992-01-13,373166.24,F,1-URGENT,Customer#000045457,MACHINERY,KENYA,AFRICA
51269,1992-01-13,190150.85,F,2-HIGH,Customer#000060502,AUTOMOBILE,ARGENTINA,AMERICA
491493,1992-01-13,39889.18,F,5-LOW,Customer#000020536,AUTOMOBILE,KENYA,AFRICA
101764,1992-01-13,263510.93,F,4-NOT SPECIFIED,Customer#000089095,MACHINERY,CHINA,ASIA
5243936,1992-01-13,134595.88,F,5-LOW,Customer#000044582,MACHINERY,ALGERIA,AFRICA
4890338,1992-01-13,30452.20,F,5-LOW,Customer#000117214,MACHINERY,MOROCCO,AFRICA
5588804,1992-01-13,257752.69,F,3-MEDIUM,Customer#000104914,MACHINERY,KENYA,AFRICA
4265056,1992-01-13,166959.11,F,3-MEDIUM,Customer#000020275,BUILDING,BRAZIL,AMERICA
4463559,1992-01-13,182071.82,F,2-HIGH,Customer#000040795,MACHINERY,RUSSIA,EUROPE
4679526,1992-01-13,193386.97,F,1-URGENT,Customer#000032774,BUILDING,ARGENTINA,AMERICA
4777665,1992-01-13,280924.76,F,2-HIGH,Customer#000087674,AUTOMOBILE,JORDAN,MIDDLE EAST
4625186,1992-01-13,128658.27,F,3-MEDIUM,Customer#000143326,FURNITURE,BRAZIL,AMERICA
4509376,1992-01-13,36577.28,F,1-URGENT,Customer#000071287,AUTOMOBILE,SAUDI ARABIA,MIDDLE EAST
4608352,1992-01-13,32611.78,F,2-HIGH,Customer#000040574,MACHINERY,INDONESIA,ASIA
4270375,1992-01-13,296777.94,F,3-MEDIUM,Customer#000014122,BUILDING,SAUDI ARABIA,MIDDLE EAST
4521958,1992-01-13,87229.25,F,3-MEDIUM,Customer#000039337,HOUSEHOLD,IRAN,MIDDLE EAST
4510592,1992-01-13,127733.55,F,1-URGENT,Customer#000098696,BUILDING,KENYA,AFRICA
4417826,1992-01-13,105722.86,F,2-HIGH,Customer#000004204,BUILDING,MOZAMBIQUE,AFRICA
4351683,1992-01-13,100683.86,F,3-MEDIUM,Customer#000020921,BUILDING,IRAQ,MIDDLE EAST
4759395,1992-01-13,120157.25,F,2-HIGH,Customer#000003449,MACHINERY,VIETNAM,ASIA
4547141,1992-01-13,54994.72,F,5-LOW,Customer#000117224,AUTOMOBILE,UNITED KINGDOM,EUROPE
4317061,1992-01-13,203656.71,F,3-MEDIUM,Customer#000033589,AUTOMOBILE,ALGERIA,AFRICA
4226887,1992-01-13,217948.70,F,3-MEDIUM,Customer#000148370,HOUSEHOLD,PERU,AMERICA
4675362,1992-01-13,172865.75,F,3-MEDIUM,Customer#000116083,AUTOMOBILE,SAUDI ARABIA,MIDDLE EAST
4527392,1992-01-13,35955.95,F,2-HIGH,Customer#000018067,MACHINERY,IRAQ,MIDDLE EAST
4479427,1992-01-13,152355.22,F,1-URGENT,Customer#000082075,BUILDING,SAUDI ARABIA,MIDDLE EAST
4300387,1992-01-13,178831.13,F,2-HIGH,Customer#000066980,MACHINERY,MOZAMBIQUE,AFRICA
4739907,1992-01-13,144294.63,F,3-MEDIUM,Customer#000124981,HOUSEHOLD,ETHIOPIA,AFRICA
4752421,1992-01-13,157717.22,F,3-MEDIUM,Customer#000034852,MACHINERY,JAPAN,ASIA
4268067,1992-01-13,187873.78,F,1-URGENT,Customer#000112702,HOUSEHOLD,JAPAN,ASIA
4494945,1992-01-13,125614.55,F,5-LOW,Customer#000042841,MACHINERY,ETHIOPIA,AFRICA
4204578,1992-01-13,174761.70,F,1-URGENT,Customer#000116335,MACHINERY,EGYPT,MIDDLE EAST
4411653,1992-01-13,78496.35,F,4-NOT SPECIFIED,Customer#000000032,BUILDING,MOROCCO,AFRICA
4785219,1992-01-13,253850.94,F,3-MEDIUM,Customer#000095398,FURNITURE,ARGENTINA,AMERICA
5230535,1992-01-13,155332.33,F,4-NOT SPECIFIED,Customer#000047255,HOUSEHOLD,MOROCCO,AFRICA
4980065,1992-01-13,136583.53,F,5-LOW,Customer#000019969,FURNITURE,JORDAN,MIDDLE EAST
4767266,1992-01-13,197754.18,F,3-MEDIUM,Customer#000080714,MACHINERY,GERMANY,EUROPE
4705602,1992-01-13,132771.58,F,5-LOW,Customer#000143476,BUILDING,MOZAMBIQUE,AFRICA
4483780,1992-01-13,138728.61,F,3-MEDIUM,Customer#000017194,AUTOMOBILE,RUSSIA,EUROPE
4427843,1992-01-13,45726.11,F,4-NOT SPECIFIED,Customer#000059821,AUTOMOBILE,SAUDI ARABIA,MIDDLE EAST
4242083,1992-01-13,279432.31,F,5-LOW,Customer#000001621,AUTOMOBILE,MOZAMBIQUE,AFRICA
4442176,1992-01-13,74131.93,F,5-LOW,Customer#000116791,HOUSEHOLD,RUSSIA,EUROPE
4599206,1992-01-13,158158.67,F,4-NOT SPECIFIED,Customer#000039386,AUTOMOBILE,JAPAN,ASIA
4255138,1992-01-13,40744.68,F,3-MEDIUM,Customer#000071986,FURNITURE,VIETNAM,ASIA
4792289,1992-01-13,226639.85,F,4-NOT SPECIFIED,Customer#000063365,HOUSEHOLD,UNITED STATES,AMERICA
4692256,1992-01-13,317433.68,F,3-MEDIUM,Customer#000069296,FURNITURE,BRAZIL,AMERICA
4732868,1992-01-13,142424.34,F,3-MEDIUM,Customer#000094960,BUILDING,FRANCE,EUROPE
4420739,1992-01-13,89370.81,F,2-HIGH,Customer#000132190,FURNITURE,FRANCE,EUROPE
4581984,1992-01-13,278360.85,F,1-URGENT,Customer#000063926,HOUSEHOLD,MOZAMBIQUE,AFRICA
4212452,1992-01-13,282436.63,F,3-MEDIUM,Customer#000028670,HOUSEHOLD,INDONESIA,ASIA
4720390,1992-01-13,215376.79,F,4-NOT SPECIFIED,Customer#000078316,AUTOMOBILE,ROMANIA,EUROPE
4385253,1992-01-13,213190.68,F,1-URGENT,Customer#000129499,FURNITURE,KENYA,AFRICA
4394052,1992-01-13,52759.96,F,3-MEDIUM,Customer#000053540,FURNITURE,MOZAMBIQUE,AFRICA
4284896,1992-01-13,136317.06,F,3-MEDIUM,Customer#000123622,MACHINERY,ROMANIA,EUROPE
4529382,1992-01-13,131104.43,F,2-HIGH,Customer#000115667,FURNITURE,IRAQ,MIDDLE EAST
4294852,1992-01-13,202964.31,F,1-URGENT,Customer#000096112,HOUSEHOLD,INDONESIA,ASIA
4525381,1992-01-13,100940.87,F,4-NOT SPECIFIED,Customer#000100777,AUTOMOBILE,BRAZIL,AMERICA
4321152,1992-01-13,206584.50,F,1-URGENT,Customer#000097051,HOUSEHOLD,JORDAN,MIDDLE EAST
4311879,1992-01-13,222480.87,F,4-NOT SPECIFIED,Customer#000137770,FURNITURE,KENYA,AFRICA
4567362,1992-01-13,199646.17,F,1-URGENT,Customer#000077501,MACHINERY,ROMANIA,EUROPE
4416390,1992-01-13,250510.90,F,2-HIGH,Customer#000114292,BUILDING,EGYPT,MIDDLE EAST
4446179,1992-01-13,138578.19,F,5-LOW,Customer#000078187,MACHINERY,GERMANY,EUROPE
5330816,1992-01-13,87718.20,F,1-URGENT,Customer#000070696,AUTOMOBILE,JAPAN,ASIA
5321060,1992-01-13,137500.67,F,2-HIGH,Customer#000130562,MACHINERY,JORDAN,MIDDLE EAST
5175431,1992-01-13,226579.53,F,1-URGENT,Customer#000031247,MACHINERY,INDONESIA,ASIA
4933636,1992-01-13,114268.27,F,4-NOT SPECIFIED,Customer#000131686,AUTOMOBILE,ROMANIA,EUROPE
5930533,1992-01-13,118992.14,F,3-MEDIUM,Customer#000015151,FURNITURE,FRANCE,EUROPE
5811746,1992-01-13,268218.00,F,3-MEDIUM,Customer#000040219,HOUSEHOLD,RUSSIA,EUROPE
5360897,1992-01-13,283449.06,F,1-URGENT,Customer#000020800,AUTOMOBILE,SAUDI ARABIA,MIDDLE EAST
5238565,1992-01-13,8891.62,F,2-HIGH,Customer#000133171,HOUSEHOLD,VIETNAM,ASIA
5392065,1992-01-13,136385.40,F,2-HIGH,Customer#000044035,MACHINERY,PERU,AMERICA
5845187,1992-01-13,43332.02,F,3-MEDIUM,Customer#000141448,HOUSEHOLD,MOROCCO,AFRICA
5000645,1992-01-13,244851.67,F,4-NOT SPECIFIED,Customer#000062578,MACHINERY,IRAN,MIDDLE EAST
5804549,1992-01-13,202167.57,F,4-NOT SPECIFIED,Customer#000095368,MACHINERY,ROMANIA,EUROPE
5974307,1992-01-13,18997.51,F,2-HIGH,Customer#000147067,BUILDING,EGYPT,MIDDLE EAST
5381793,1992-01-13,276402.68,F,2-HIGH,Customer#000062128,BUILDING,RUSSIA,EUROPE
5530496,1992-01-13,108480.62,F,4-NOT SPECIFIED,Customer#000122665,AUTOMOBILE,VIETNAM,ASIA
5614854,1992-01-13,163576.15,F,4-NOT SPECIFIED,Customer#000073573,HOUSEHOLD,CANADA,AMERICA
5816096,1992-01-13,28616.49,F,3-MEDIUM,Customer#000080516,HOUSEHOLD,JAPAN,ASIA
5694273,1992-01-13,53187.80,F,5-LOW,Customer#000081676,BUILDING,CHINA,ASIA
5376550,1992-01-13,57674.52,F,2-HIGH,Customer#000005152,BUILDING,IRAQ,MIDDLE EAST
5195524,1992-01-13,67992.08,F,3-MEDIUM,Customer#000050270,BUILDING,CHINA,ASIA
5227652,1992-01-13,137578.22,F,4-NOT SPECIFIED,Customer#000102995,AUTOMOBILE,VIETNAM,ASIA
4846503,1992-01-13,190596.96,F,1-URGENT,Customer#000124352,BUILDING,IRAN,MIDDLE EAST
4903492,1992-01-13,13267.43,F,2-HIGH,Customer#000046811,FURNITURE,UNITED KINGDOM,EUROPE
5577959,1992-01-13,45097.54,F,3-MEDIUM,Customer#000086986,FURNITURE,IRAQ,MIDDLE EAST
5304967,1992-01-13,22085.07,F,2-HIGH,Customer#000115586,MACHINERY,INDIA,ASIA
5097569,1992-01-13,43505.42,F,2-HIGH,Customer#000122080,MACHINERY,MOZAMBIQUE,AFRICA
442208,1992-01-13,3887.91,F,4-NOT SPECIFIED,Customer#000072193,FURNITURE,MOZAMBIQUE,AFRICA
100448,1992-01-13,318421.32,F,3-MEDIUM,Customer#000019820,HOUSEHOLD,BRAZIL,AMERICA
559428,1992-01-13,124247.60,F,1-URGENT,Customer#000012346,HOUSEHOLD,VIETNAM,ASIA
307077,1992-01-13,262409.16,F,3-MEDIUM,Customer#000137272,FURNITURE,ARGENTINA,AMERICA
432167,1992-01-13,111270.18,F,1-URGENT,Customer#000111115,MACHINERY,IRAQ,MIDDLE EAST
395813,1992-01-13,193828.09,F,4-NOT SPECIFIED,Customer#000074611,FURNITURE,JORDAN,MIDDLE EAST
85030,1992-01-13,204831.27,F,2-HIGH,Customer#000055255,AUTOMOBILE,INDONESIA,ASIA
392324,1992-01-13,82516.70,F,4-NOT SPECIFIED,Customer#000017176,BUILDING,ARGENTINA,AMERICA
127232,1992-01-13,68387.82,F,5-LOW,Customer#000120307,FURNITURE,SAUDI ARABIA,MIDDLE EAST
7783,1992-01-13,206940.79,F,3-MEDIUM,Customer#000130642,HOUSEHOLD,RUSSIA,EUROPE
324067,1992-01-13,26796.60,F,5-LOW,Customer#000137692,BUILDING,EGYPT,MIDDLE EAST
201029,1992-01-13,257825.68,F,5-LOW,Customer#000022007,FURNITURE,ROMANIA,EUROPE
567361,1992-01-13,148154.98,F,5-LOW,Customer#000095026,FURNITURE,ALGERIA,AFRICA
292,1992-01-13,40637.14,F,2-HIGH,Customer#000022252,HOUSEHOLD,PERU,AMERICA
307522,1992-01-13,47984.25,F,1-URGENT,Customer#000091387,MACHINERY,JORDAN,MIDDLE EAST
92130,1992-01-13,230128.34,F,2-HIGH,Customer#000032513,HOUSEHOLD,UNITED STATES,AMERICA
550660,1992-01-13,50886.89,F,2-HIGH,Customer#000066127,HOUSEHOLD,FRANCE,EUROPE
398432,1992-01-13,134394.07,F,3-MEDIUM,Customer#000012346,HOUSEHOLD,VIETNAM,ASIA
595586,1992-01-13,17052.91,F,4-NOT SPECIFIED,Customer#000113144,BUILDING,KENYA,AFRICA
28485,1992-01-13,218697.30,F,2-HIGH,Customer#000007727,MACHINERY,MOROCCO,AFRICA
302020,1992-01-13,239892.31,F,2-HIGH,Customer#000112399,BUILDING,MOZAMBIQUE,AFRICA
399424,1992-01-13,114430.47,F,1-URGENT,Customer#000094549,HOUSEHOLD,MOROCCO,AFRICA
76551,1992-01-13,172002.49,F,4-NOT SPECIFIED,Customer#000030797,MACHINERY,UNITED KINGDOM,EUROPE
402435,1992-01-13,4976.31,F,5-LOW,Customer#000094000,HOUSEHOLD,GERMANY,EUROPE
271462,1992-01-13,231730.75,F,1-URGENT,Customer#000095723,BUILDING,ROMANIA,EUROPE
2138784,1992-01-13,14606.92,F,4-NOT SPECIFIED,Customer#000027082,MACHINERY,CANADA,AMERICA
2278274,1992-01-13,22604.43,F,2-HIGH,Customer#000062254,HOUSEHOLD,ARGENTINA,AMERICA
541701,1992-01-13,174988.25,F,4-NOT SPECIFIED,Customer#000024910,HOUSEHOLD,FRANCE,EUROPE
5382,1992-01-13,220667.32,F,5-LOW,Customer#000034354,FURNITURE,MOZAMBIQUE,AFRICA
2303047,1992-01-13,137103.69,F,2-HIGH,Customer#000096581,HOUSEHOLD,UNITED KINGDOM,EUROPE
67235,1992-01-13,85668.46,F,3-MEDIUM,Customer#000071818,AUTOMOBILE,MOROCCO,AFRICA
2155073,1992-01-13,173033.81,F,4-NOT SPECIFIED,Customer#000095116,BUILDING,IRAQ,MIDDLE EAST
2178499,1992-01-13,138133.82,F,2-HIGH,Customer#000104071,AUTOMOBILE,INDIA,ASIA
1885445,1992-01-13,138351.72,F,4-NOT SPECIFIED,Customer#000085120,HOUSEHOLD,SAUDI ARABIA,MIDDLE EAST
2276357,1992-01-13,27626.92,F,1-URGENT,Customer#000008686,FURNITURE,SAUDI ARABIA,MIDDLE EAST
2244996,1992-01-13,266017.06,F,3-MEDIUM,Customer#000138010,HOUSEHOLD,BRAZIL,AMERICA
2126115,1992-01-13,61888.70,F,3-MEDIUM,Customer#000125497,AUTOMOBILE,INDIA,ASIA
1834819,1992-01-13,127629.18,F,5-LOW,Customer#000079042,AUTOMOBILE,MOZAMBIQUE,AFRICA
2028065,1992-01-13,107367.63,F,4-NOT SPECIFIED,Customer#000100144,FURNITURE,JORDAN,MIDDLE EAST
1978721,1992-01-13,101888.44,F,1-URGENT,Customer#000116332,AUTOMOBILE,IRAN,MIDDLE EAST
2193412,1992-01-13,246987.86,F,4-NOT SPECIFIED,Customer#000068476,FURNITURE,PERU,AMERICA
1903847,1992-01-13,12405.29,F,1-URGENT,Customer#000144608,HOUSEHOLD,IRAN,MIDDLE EAST
1898566,1992-01-13,142243.56,F,2-HIGH,Customer#000064174,HOUSEHOLD,PERU,AMERICA
1983621,1992-01-13,238203.57,F,4-NOT SPECIFIED,Customer#000053800,AUTOMOBILE,ALGERIA,AFRICA
2286373,1992-01-13,25640.25,F,3-MEDIUM,Customer#000057592,MACHINERY,JORDAN,MIDDLE EAST
1883777,1992-01-13,76094.63,F,1-URGENT,Customer#000009869,BUILDING,BRAZIL,AMERICA
1865795,1992-01-13,265011.14,F,1-URGENT,Customer#000040786,HOUSEHOLD,SAUDI ARABIA,MIDDLE EAST
1820359,1992-01-13,24508.80,F,5-LOW,Customer#000124439,BUILDING,KENYA,AFRICA
2056039,1992-01-13,224425.45,F,5-LOW,Customer#000019669,AUTOMOBILE,JAPAN,ASIA
1870919,1992-01-13,31332.98,F,2-HIGH,Customer#000054461,MACHINERY,INDIA,ASIA
1844100,1992-01-13,28976.29,F,1-URGENT,Customer#000126448,MACHINERY,ARGENTINA,AMERICA
1834535,1992-01-13,12042.89,F,4-NOT SPECIFIED,Customer#000147028,BUILDING,IRAN,MIDDLE EAST
2158851,1992-01-13,182358.35,F,1-URGENT,Customer#000072796,MACHINERY,MOZAMBIQUE,AFRICA
2197923,1992-01-13,8282.22,F,1-URGENT,Customer#000005117,MACHINERY,CANADA,AMERICA
1808034,1992-01-13,201047.66,F,3-MEDIUM,Customer#000001952,MACHINERY,CHINA,ASIA
1876103,1992-01-13,142977.44,F,1-URGENT,Customer#000060949,AUTOMOBILE,FRANCE,EUROPE
2367713,1992-01-13,98487.78,F,3-MEDIUM,Customer#000064229,AUTOMOBILE,UNITED KINGDOM,EUROPE
2243938,1992-01-13,217130.42,F,2-HIGH,Customer#000019402,AUTOMOBILE,JAPAN,ASIA
2256551,1992-01-13,69607.46,F,1-URGENT,Customer#000050594,BUILDING,KENYA,AFRICA
2371713,1992-01-13,181781.83,F,4-NOT SPECIFIED,Customer#000015433,FURNITURE,JORDAN,MIDDLE EAST
2163714,1992-01-13,143299.80,F,2-HIGH,Customer#000063524,HOUSEHOLD,EGYPT,MIDDLE EAST
427559,1992-01-13,169543.30,F,3-MEDIUM,Customer#000065635,AUTOMOBILE,UNITED KINGDOM,EUROPE
2212036,1992-01-13,154979.06,F,1-URGENT,Customer#000063592,HOUSEHOLD,UNITED KINGDOM,EUROPE
1840963,1992-01-13,163289.89,F,4-NOT SPECIFIED,Customer#000110528,HOUSEHOLD,INDONESIA,ASIA
2056772,1992-01-13,226755.47,F,5-LOW,Customer#000104176,AUTOMOBILE,IRAN,MIDDLE EAST
2120960,1992-01-13,50425.22,F,2-HIGH,Customer#000002002,BUILDING,KENYA,AFRICA
2329093,1992-01-13,100721.01,F,3-MEDIUM,Customer#000119957,MACHINERY,JAPAN,ASIA
2025543,1992-01-13,58629.00,F,1-URGENT,Customer#000115144,HOUSEHOLD,ALGERIA,AFRICA
1911233,1992-01-13,167522.92,F,2-HIGH,Customer#000002267,MACHINERY,VIETNAM,ASIA
2297924,1992-01-13,273939.62,F,4-NOT SPECIFIED,Customer#000076877,HOUSEHOLD,ETHIOPIA,AFRICA
1853092,1992-01-13,89281.43,F,3-MEDIUM,Customer#000039926,HOUSEHOLD,SAUDI ARABIA,MIDDLE EAST
2351970,1992-01-13,302051.10,F,2-HIGH,Customer#000094090,MACHINERY,ROMANIA,EUROPE
2362691,1992-01-13,154382.78,F,4-NOT SPECIFIED,Customer#000029171,AUTOMOBILE,IRAN,MIDDLE EAST
1916961,1992-01-13,46313.50,F,2-HIGH,Customer#000094111,HOUSEHOLD,JAPAN,ASIA
2094051,1992-01-13,287720.95,F,4-NOT SPECIFIED,Customer#000048589,BUILDING,SAUDI ARABIA,MIDDLE EAST
2386244,1992-01-13,194781.35,F,2-HIGH,Customer#000056927,FURNITURE,IRAQ,MIDDLE EAST
1813217,1992-01-13,32533.21,F,5-LOW,Customer#000022544,HOUSEHOLD,UNITED KINGDOM,EUROPE
2331906,1992-01-13,244983.24,F,4-NOT SPECIFIED,Customer#000097783,BUILDING,ARGENTINA,AMERICA
1931558,1992-01-13,61574.56,F,5-LOW,Customer#000067295,FURNITURE,RUSSIA,EUROPE
2208197,1992-01-13,96439.55,F,2-HIGH,Customer#000059296,FURNITURE,ARGENTINA,AMERICA
1848708,1992-01-13,8509.53,F,5-LOW,Customer#000060727,BUILDING,ALGERIA,AFRICA
1805571,1992-01-13,137234.76,F,4-NOT SPECIFIED,Customer#000128738,BUILDING,IRAN,MIDDLE EAST
538243,1992-01-13,22375.66,F,2-HIGH,Customer#000033109,AUTOMOBILE,CANADA,AMERICA
2117572,1992-01-13,274681.44,F,5-LOW,Customer#000031835,BUILDING,JORDAN,MIDDLE EAST
218752,1992-01-13,54013.90,F,4-NOT SPECIFIED,Customer#000023462,FURNITURE,INDONESIA,ASIA
2282753,1992-01-13,166131.64,F,3-MEDIUM,Customer#000032318,HOUSEHOLD,ALGERIA,AFRICA
780673,1992-01-13,148059.41,F,5-LOW,Customer#000093047,AUTOMOBILE,GERMANY,EUROPE
458496,1992-01-13,285307.34,F,5-LOW,Customer#000110059,AUTOMOBILE,BRAZIL,AMERICA
1949408,1992-01-13,270730.10,F,4-NOT SPECIFIED,Customer#000048616,AUTOMOBILE,INDIA,ASIA
153668,1992-01-13,106289.90,F,2-HIGH,Customer#000087229,FURNITURE,BRAZIL,AMERICA
231938,1992-01-13,295777.79,F,4-NOT SPECIFIED,Customer#000085007,HOUSEHOLD,GERMANY,EUROPE
328930,1992-01-13,235920.12,F,2-HIGH,Customer#000139705,AUTOMOBILE,PERU,AMERICA
100359,1992-01-13,162000.20,F,4-NOT SPECIFIED,Customer#000091025,HOUSEHOLD,GERMANY,EUROPE
152899,1992-01-13,121578.63,F,1-URGENT,Customer#000050863,HOUSEHOLD,BRAZIL,AMERICA
467621,1992-01-13,97186.55,F,2-HIGH,Customer#000013567,AUTOMOBILE,JORDAN,MIDDLE EAST
129639,1992-01-13,107645.94,F,1-URGENT,Customer#000043822,HOUSEHOLD,IRAQ,MIDDLE EAST
38147,1992-01-13,170893.36,F,2-HIGH,Customer#000138257,AUTOMOBILE,IRAN,MIDDLE EAST
369348,1992-01-13,231075.56,F,3-MEDIUM,Customer#000136942,FURNITURE,IRAQ,MIDDLE EAST
411650,1992-01-13,96988.79,F,5-LOW,Customer#000106570,AUTOMOBILE,CHINA,ASIA
1993029,1992-01-13,153643.82,F,3-MEDIUM,Customer#000149203,FURNITURE,SAUDI ARABIA,MIDDLE EAST
554816,1992-01-13,88483.17,F,1-URGENT,Customer#000085423,AUTOMOBILE,RUSSIA,EUROPE
2544711,1992-01-13,168727.87,F,2-HIGH,Customer#000129616,AUTOMOBILE,INDONESIA,ASIA
2876866,1992-01-13,40477.23,F,4-NOT SPECIFIED,Customer#000061435,BUILDING,ETHIOPIA,AFRICA
197952,1992-01-13,70518.43,F,2-HIGH,Customer#000010381,FURNITURE,MOROCCO,AFRICA
2735968,1992-01-13,80720.10,F,5-LOW,Customer#000022129,AUTOMOBILE,IRAN,MIDDLE EAST
2837155,1992-01-13,150690.45,F,5-LOW,Customer#000032455,AUTOMOBILE,RUSSIA,EUROPE
403747,1992-01-13,50900.90,F,2-HIGH,Customer#000015488,BUILDING,ALGERIA,AFRICA
2583904,1992-01-13,12054.62,F,5-LOW,Customer#000053048,HOUSEHOLD,MOROCCO,AFRICA
2496226,1992-01-13,246651.77,F,3-MEDIUM,Customer#000087394,FURNITURE,UNITED KINGDOM,EUROPE
2676577,1992-01-13,270384.33,F,5-LOW,Customer#000058255,AUTOMOBILE,MOZAMBIQUE,AFRICA
2802945,1992-01-13,58628.17,F,1-URGENT,Customer#000133339,HOUSEHOLD,KENYA,AFRICA
2840513,1992-01-13,213333.06,F,5-LOW,Customer#000016075,AUTOMOBILE,SAUDI ARABIA,MIDDLE EAST
2721058,1992-01-13,284076.07,F,4-NOT SPECIFIED,Customer#000049528,MACHINERY,MOZAMBIQUE,AFRICA
2808768,1992-01-13,33121.34,F,3-MEDIUM,Customer#000008570,MACHINERY,IRAN,MIDDLE EAST
2465479,1992-01-13,157308.54,F,1-URGENT,Customer#000135845,HOUSEHOLD,IRAN,MIDDLE EAST
2534881,1992-01-13,100716.07,F,3-MEDIUM,Customer#000146506,MACHINERY,ROMANIA,EUROPE
2618884,1992-01-13,117404.86,F,1-URGENT,Customer#000020518,BUILDING,CHINA,ASIA
2887622,1992-01-13,72180.66,F,1-URGENT,Customer#000103643,AUTOMOBILE,INDIA,ASIA
2920774,1992-01-13,257987.67,F,2-HIGH,Customer#000136291,FURNITURE,CANADA,AMERICA
2818726,1992-01-13,231063.38,F,2-HIGH,Customer#000122690,BUILDING,RUSSIA,EUROPE
2575780,1992-01-13,44200.63,F,5-LOW,Customer#000142402,BUILDING,ARGENTINA,AMERICA
2912837,1992-01-13,36181.30,F,4-NOT SPECIFIED,Customer#000058618,HOUSEHOLD,ALGERIA,AFRICA
2783559,1992-01-13,160288.22,F,1-URGENT,Customer#000048829,MACHINERY,MOROCCO,AFRICA
2500356,1992-01-13,78136.70,F,4-NOT SPECIFIED,Customer#000096262,FURNITURE,MOZAMBIQUE,AFRICA
2706276,1992-01-13,231795.13,F,2-HIGH,Customer#000127426,FURNITURE,RUSSIA,EUROPE
2955141,1992-01-13,63656.01,F,5-LOW,Customer#000060239,BUILDING,JORDAN,MIDDLE EAST
2880577,1992-01-13,165946.01,F,3-MEDIUM,Customer#000081697,AUTOMOBILE,KENYA,AFRICA
2887425,1992-01-13,41832.28,F,4-NOT SPECIFIED,Customer#000032044,AUTOMOBILE,ARGENTINA,AMERICA
2429799,1992-01-13,128300.31,F,5-LOW,Customer#000063151,MACHINERY,UNITED STATES,AMERICA
2423104,1992-01-13,44150.21,F,5-LOW,Customer#000020854,MACHINERY,UNITED STATES,AMERICA
2859747,1992-01-13,131682.17,F,1-URGENT,Customer#000003958,FURNITURE,CHINA,ASIA
2926822,1992-01-13,90036.21,F,3-MEDIUM,Customer#000017599,HOUSEHOLD,BRAZIL,AMERICA
2653829,1992-01-13,174520.08,F,2-HIGH,Customer#000083101,BUILDING,VIETNAM,ASIA
2770501,1992-01-13,188896.78,F,3-MEDIUM,Customer#000075493,MACHINERY,KENYA,AFRICA
2895617,1992-01-13,76241.47,F,5-LOW,Customer#000018170,HOUSEHOLD,RUSSIA,EUROPE
2584358,1992-01-13,37225.18,F,2-HIGH,Customer#000127483,MACHINERY,EGYPT,MIDDLE EAST
2996166,1992-01-13,40449.64,F,3-MEDIUM,Customer#000126133,BUILDING,RUSSIA,EUROPE
2545153,1992-01-13,130515.72,F,4-NOT SPECIFIED,Customer#000143732,HOUSEHOLD,CHINA,ASIA
2898819,1992-01-13,71889.39,F,2-HIGH,Customer#000036052,BUILDING,UNITED KINGDOM,EUROPE
2521603,1992-01-13,322450.61,F,4-NOT SPECIFIED,Customer#000053524,FURNITURE,IRAN,MIDDLE EAST
2994914,1992-01-13,218711.65,F,2-HIGH,Customer#000046367,HOUSEHOLD,IRAN,MIDDLE EAST
2612995,1992-01-13,133021.00,F,3-MEDIUM,Customer#000131669,HOUSEHOLD,UNITED KINGDOM,EUROPE
2576196,1992-01-13,145862.30,F,3-MEDIUM,Customer#000021853,AUTOMOBILE,CHINA,ASIA
2934339,1992-01-13,144017.06,F,1-URGENT,Customer#000100486,BUILDING,CANADA,AMERICA
2874018,1992-01-13,320644.96,F,2-HIGH,Customer#000054112,HOUSEHOLD,PERU,AMERICA
2654631,1992-01-13,56687.00,F,3-MEDIUM,Customer#000123466,FURNITURE,GERMANY,EUROPE
2744866,1992-01-13,117109.19,F,2-HIGH,Customer#000130070,BUILDING,MOZAMBIQUE,AFRICA
2414176,1992-01-13,153051.65,F,1-URGENT,Customer#000028703,FURNITURE,MOROCCO,AFRICA
2816609,1992-01-13,135593.22,F,4-NOT SPECIFIED,Customer#000051884,FURNITURE,PERU,AMERICA
2752613,1992-01-13,119641.32,F,4-NOT SPECIFIED,Customer#000061543,BUILDING,INDONESIA,ASIA
2694597,1992-01-13,67261.17,F,2-HIGH,Customer#000088019,FURNITURE,CHINA,ASIA
2593440,1992-01-13,198443.34,F,2-HIGH,Customer#000019900,AUTOMOBILE,JORDAN,MIDDLE EAST
2838437,1992-01-13,120633.53,F,3-MEDIUM,Customer#000133495,BUILDING,UNITED STATES,AMERICA
2698790,1992-01-13,104773.14,F,2-HIGH,Customer#000129079,HOUSEHOLD,MOROCCO,AFRICA
2727271,1992-01-13,124001.92,F,2-HIGH,Customer#000149696,AUTOMOBILE,CHINA,ASIA
2498823,1992-01-13,46548.72,F,1-URGENT,Customer#000132286,BUILDING,UNITED KINGDOM,EUROPE
2659527,1992-01-13,149425.34,F,1-URGENT,Customer#000119444,HOUSEHOLD,EGYPT,MIDDLE EAST
2686567,1992-01-13,222416.85,F,5-LOW,Customer#000010976,AUTOMOBILE,ETHIOPIA,AFRICA
2712069,1992-01-13,278460.36,F,1-URGENT,Customer#000137137,MACHINERY,UNITED STATES,AMERICA
2749601,1992-01-13,150481.17,F,5-LOW,Customer#000082565,FURNITURE,MOZAMBIQUE,AFRICA
2856326,1992-01-13,195266.95,F,1-URGENT,Customer#000053984,BUILDING,JORDAN,MIDDLE EAST
2522471,1992-01-13,114721.31,F,1-URGENT,Customer#000022579,MACHINERY,CHINA,ASIA
1831330,1992-01-13,73645.40,F,5-LOW,Customer#000137261,AUTOMOBILE,ETHIOPIA,AFRICA
4919683,1992-01-13,94462.60,F,4-NOT SPECIFIED,Customer#000061592,BUILDING,BRAZIL,AMERICA
2282209,1992-01-13,29065.74,F,4-NOT SPECIFIED,Customer#000120325,AUTOMOBILE,MOZAMBIQUE,AFRICA
2988743,1992-01-13,125512.74,F,5-LOW,Customer#000114457,BUILDING,EGYPT,MIDDLE EAST
2682305,1992-01-13,189034.26,F,1-URGENT,Customer#000019162,MACHINERY,UNITED KINGDOM,EUROPE
2744356,1992-01-13,78609.11,F,4-NOT SPECIFIED,Customer#000116755,HOUSEHOLD,KENYA,AFRICA
2848743,1992-01-13,127436.70,F,4-NOT SPECIFIED,Customer#000047408,AUTOMOBILE,VIETNAM,ASIA
2690082,1992-01-13,57146.09,F,5-LOW,Customer#000027664,FURNITURE,KENYA,AFRICA
2444195,1992-01-13,171483.02,F,3-MEDIUM,Customer#000128470,BUILDING,MOZAMBIQUE,AFRICA
3924610,1992-01-13,78140.34,F,2-HIGH,Customer#000114235,AUTOMOBILE,MOZAMBIQUE,AFRICA
3669857,1992-01-13,31545.38,F,5-LOW,Customer#000019861,BUILDING,RUSSIA,EUROPE
2779847,1992-01-13,58995.88,F,5-LOW,Customer#000070270,FURNITURE,ALGERIA,AFRICA
4042657,1992-01-13,203278.78,F,1-URGENT,Customer#000007259,BUILDING,FRANCE,EUROPE
1281923,1992-01-13,145646.26,F,4-NOT SPECIFIED,Customer#000102467,MACHINERY,ALGERIA,AFRICA
3876066,1992-01-13,37169.93,F,1-URGENT,Customer#000109609,MACHINERY,IRAQ,MIDDLE EAST
4162436,1992-01-13,184135.09,F,4-NOT SPECIFIED,Customer#000084307,MACHINERY,BRAZIL,AMERICA
1675169,1992-01-13,163219.51,F,5-LOW,Customer#000138802,AUTOMOBILE,MOROCCO,AFRICA
1613349,1992-01-13,169135.38,F,1-URGENT,Customer#000076795,FURNITURE,IRAQ,MIDDLE EAST
3749377,1992-01-13,177157.55,F,1-URGENT,Customer#000106972,BUILDING,ARGENTINA,AMERICA
1099042,1992-01-13,65671.63,F,1-URGENT,Customer#000048454,AUTOMOBILE,JORDAN,MIDDLE EAST
5181253,1992-01-13,6348.48,F,3-MEDIUM,Customer#000148138,FURNITURE,FRANCE,EUROPE
1266339,1992-01-13,22275.48,F,4-NOT SPECIFIED,Customer#000126706,FURNITURE,CANADA,AMERICA
3913697,1992-01-13,146264.41,F,3-MEDIUM,Customer#000000202,AUTOMOBILE,GERMANY,EUROPE
4044098,1992-01-13,232473.01,F,3-MEDIUM,Customer#000102209,BUILDING,MOROCCO,AFRICA
1327618,1992-01-13,131658.33,F,5-LOW,Customer#000094750,MACHINERY,UNITED STATES,AMERICA
3851943,1992-01-13,141557.35,F,5-LOW,Customer#000128155,AUTOMOBILE,PERU,AMERICA
3865538,1992-01-13,279503.77,F,3-MEDIUM,Customer#000066292,BUILDING,CHINA,ASIA
3798661,1992-01-13,105604.01,F,2-HIGH,Customer#000018758,FURNITURE,JAPAN,ASIA
1624161,1992-01-13,151226.91,F,1-URGENT,Customer#000008810,FURNITURE,GERMANY,EUROPE
1664833,1992-01-13,129120.95,F,3-MEDIUM,Customer#000000712,BUILDING,FRANCE,EUROPE
1696065,1992-01-13,32958.55,F,3-MEDIUM,Customer#000142669,BUILDING,VIETNAM,ASIA
3627940,1992-01-13,198351.68,F,4-NOT SPECIFIED,Customer#000112618,FURNITURE,PERU,AMERICA
4118242,1992-01-13,85610.10,F,5-LOW,Customer#000057691,AUTOMOBILE,CANADA,AMERICA
3862245,1992-01-13,178295.14,F,3-MEDIUM,Customer#000015364,MACHINERY,GERMANY,EUROPE
1209474,1992-01-13,177071.67,F,5-LOW,Customer#000090940,MACHINERY,ALGERIA,AFRICA
1271780,1992-01-13,135636.28,F,3-MEDIUM,Customer#000036632,BUILDING,JAPAN,ASIA
1701921,1992-01-13,137627.95,F,2-HIGH,Customer#000131435,HOUSEHOLD,CHINA,ASIA
3897762,1992-01-13,105476.17,F,2-HIGH,Customer#000149398,BUILDING,UNITED KINGDOM,EUROPE
4103046,1992-01-13,259535.65,F,5-LOW,Customer#000063211,BUILDING,ALGERIA,AFRICA
3841702,1992-01-13,30042.54,F,3-MEDIUM,Customer#000086939,FURNITURE,ARGENTINA,AMERICA
3939809,1992-01-13,73646.87,F,3-MEDIUM,Customer#000031057,HOUSEHOLD,MOZAMBIQUE,AFRICA
1524802,1992-01-13,238239.48,F,1-URGENT,Customer#000134593,FURNITURE,PERU,AMERICA
4038049,1992-01-13,153348.07,F,4-NOT SPECIFIED,Customer#000125386,MACHINERY,CANADA,AMERICA
1203776,1992-01-13,103819.64,F,4-NOT SPECIFIED,Customer#000069112,FURNITURE,PERU,AMERICA
4001731,1992-01-13,233115.92,F,1-URGENT,Customer#000017041,MACHINERY,ALGERIA,AFRICA
3667109,1992-01-13,258888.54,F,1-URGENT,Customer#000145895,FURNITURE,INDIA,ASIA
1418308,1992-01-13,274339.60,F,5-LOW,Customer#000100340,AUTOMOBILE,ROMANIA,EUROPE
1375333,1992-01-13,225980.68,F,5-LOW,Customer#000109148,FURNITURE,ARGENTINA,AMERICA
1462277,1992-01-13,91801.91,F,4-NOT SPECIFIED,Customer#000126050,MACHINERY,INDIA,ASIA
1508837,1992-01-13,261113.09,F,4-NOT SPECIFIED,Customer#000025397,AUTOMOBILE,INDONESIA,ASIA
3756419,1992-01-13,80644.93,F,3-MEDIUM,Customer#000081253,BUILDING,ARGENTINA,AMERICA
4198534,1992-01-13,191815.56,F,1-URGENT,Customer#000065611,BUILDING,GERMANY,EUROPE
1643939,1992-01-13,29330.66,F,4-NOT SPECIFIED,Customer#000014483,FURNITURE,KENYA,AFRICA
1580579,1992-01-13,73843.07,F,5-LOW,Customer#000064981,HOUSEHOLD,KENYA,AFRICA
3611106,1992-01-13,92726.65,F,1-URGENT,Customer#000055415,AUTOMOBILE,VIETNAM,ASIA
1506945,1992-01-13,207824.50,F,4-NOT SPECIFIED,Customer#000026716,FURNITURE,INDIA,ASIA
3967493,1992-01-13,56904.11,F,3-MEDIUM,Customer#000145930,HOUSEHOLD,GERMANY,EUROPE
1407843,1992-01-13,72996.60,F,3-MEDIUM,Customer#000076234,MACHINERY,KENYA,AFRICA
4024421,1992-01-13,207655.77,F,3-MEDIUM,Customer#000131413,AUTOMOBILE,BRAZIL,AMERICA
3842279,1992-01-13,79961.01,F,1-URGENT,Customer#000141992,HOUSEHOLD,RUSSIA,EUROPE
609990,1992-01-13,131808.05,F,3-MEDIUM,Customer#000038258,MACHINERY,JAPAN,ASIA
228067,1992-01-13,160363.95,F,1-URGENT,Customer#000073741,MACHINERY,ROMANIA,EUROPE
852928,1992-01-13,98398.71,F,4-NOT SPECIFIED,Customer#000027020,BUILDING,UNITED KINGDOM,EUROPE
701797,1992-01-13,100440.13,F,1-URGENT,Customer#000117643,HOUSEHOLD,CANADA,AMERICA
1074881,1992-01-13,75559.24,F,3-MEDIUM,Customer#000035152,MACHINERY,CANADA,AMERICA
1193472,1992-01-13,244690.19,F,5-LOW,Customer#000115091,AUTOMOBILE,MOROCCO,AFRICA
1069156,1992-01-13,146295.49,F,1-URGENT,Customer#000114484,MACHINERY,JORDAN,MIDDLE EAST
720931,1992-01-13,200930.10,F,1-URGENT,Customer#000109525,FURNITURE,RUSSIA,EUROPE
898082,1992-01-13,81159.45,F,4-NOT SPECIFIED,Customer#000072640,FURNITURE,UNITED STATES,AMERICA
801124,1992-01-13,271862.11,F,3-MEDIUM,Customer#000044138,FURNITURE,IRAN,MIDDLE EAST
2041504,1992-01-13,193888.98,F,5-LOW,Customer#000001382,AUTOMOBILE,IRAN,MIDDLE EAST
849381,1992-01-13,3922.16,F,1-URGENT,Customer#000009001,HOUSEHOLD,MOZAMBIQUE,AFRICA
1507328,1992-01-13,45125.79,F,1-URGENT,Customer#000117736,BUILDING,JAPAN,ASIA
1140100,1992-01-13,54887.31,F,3-MEDIUM,Customer#000117982,AUTOMOBILE,ROMANIA,EUROPE
808899,1992-01-13,32775.74,F,3-MEDIUM,Customer#000113188,BUILDING,PERU,AMERICA
660582,1992-01-13,87388.49,F,2-HIGH,Customer#000078919,BUILDING,VIETNAM,ASIA
1135202,1992-01-13,245588.06,F,4-NOT SPECIFIED,Customer#000121565,HOUSEHOLD,BRAZIL,AMERICA
1066497,1992-01-13,207223.24,F,1-URGENT,Customer#000140057,BUILDING,JORDAN,MIDDLE EAST
874564,1992-01-13,145162.90,F,1-URGENT,Customer#000073132,BUILDING,MOROCCO,AFRICA
639907,1992-01-13,148320.21,F,1-URGENT,Customer#000098914,BUILDING,ARGENTINA,AMERICA
1001926,1992-01-13,40001.19,F,4-NOT SPECIFIED,Customer#000054259,AUTOMOBILE,GERMANY,EUROPE
717090,1992-01-13,89483.82,F,5-LOW,Customer#000136336,HOUSEHOLD,VIETNAM,ASIA
730567,1992-01-13,333071.97,F,2-HIGH,Customer#000123818,FURNITURE,MOZAMBIQUE,AFRICA
651939,1992-01-13,169113.76,F,1-URGENT,Customer#000097768,FURNITURE,MOROCCO,AFRICA
706724,1992-01-13,82201.44,F,3-MEDIUM,Customer#000090479,FURNITURE,BRAZIL,AMERICA
773381,1992-01-13,92348.69,F,5-LOW,Customer#000065494,AUTOMOBILE,VIETNAM,ASIA
959328,1992-01-13,256306.41,F,3-MEDIUM,Customer#000000685,MACHINERY,PERU,AMERICA
1197828,1992-01-13,111498.17,F,4-NOT SPECIFIED,Customer#000094102,AUTOMOBILE,CANADA,AMERICA
1146753,1992-01-13,14896.51,F,5-LOW,Customer#000140449,BUILDING,INDONESIA,ASIA
847557,1992-01-13,233984.88,F,4-NOT SPECIFIED,Customer#000021301,AUTOMOBILE,RUSSIA,EUROPE
1061094,1992-01-13,146068.10,F,4-NOT SPECIFIED,Customer#000034000,MACHINERY,UNITED STATES,AMERICA
965155,1992-01-13,270159.00,F,1-URGENT,Customer#000129073,HOUSEHOLD,UNITED KINGDOM,EUROPE
848773,1992-01-13,57025.78,F,1-URGENT,Customer#000022885,FURNITURE,UNITED KINGDOM,EUROPE
699396,1992-01-13,98483.83,F,4-NOT SPECIFIED,Customer#000097408,HOUSEHOLD,EGYPT,MIDDLE EAST
1120292,1992-01-13,23105.22,F,2-HIGH,Customer#000068389,HOUSEHOLD,INDIA,ASIA
1170914,1992-01-13,306252.48,F,2-HIGH,Customer#000102625,MACHINERY,JAPAN,ASIA
708576,1992-01-13,159029.06,F,2-HIGH,Customer#000013507,FURNITURE,CHINA,ASIA
937926,1992-01-13,32742.21,F,2-HIGH,Customer#000081521,MACHINERY,UNITED KINGDOM,EUROPE
836036,1992-01-13,242987.47,F,4-NOT SPECIFIED,Customer#000081797,AUTOMOBILE,ROMANIA,EUROPE
1061923,1992-01-13,44704.20,F,5-LOW,Customer#000073870,MACHINERY,IRAN,MIDDLE EAST
877735,1992-01-13,205505.79,F,4-NOT SPECIFIED,Customer#000006091,MACHINERY,ARGENTINA,AMERICA
629732,1992-01-13,209993.20,F,2-HIGH,Customer#000089840,FURNITURE,IRAN,MIDDLE EAST
665121,1992-01-13,45260.45,F,2-HIGH,Customer#000015952,FURNITURE,ARGENTINA,AMERICA
1163075,1992-01-13,183329.24,F,3-MEDIUM,Customer#000075602,AUTOMOBILE,PERU,AMERICA
1148068,1992-01-13,186408.67,F,2-HIGH,Customer#000101290,AUTOMOBILE,INDIA,ASIA
955395,1992-01-13,209085.33,F,3-MEDIUM,Customer#000073771,MACHINERY,BRAZIL,AMERICA
771075,1992-01-13,60213.71,F,4-NOT SPECIFIED,Customer#000059993,MACHINERY,KENYA,AFRICA
685349,1992-01-13,199534.24,F,5-LOW,Customer#000134362,HOUSEHOLD,ALGERIA,AFRICA
888515,1992-01-13,76722.59,F,3-MEDIUM,Customer#000011728,MACHINERY,VIETNAM,ASIA
666342,1992-01-13,206477.42,F,3-MEDIUM,Customer#000081496,MACHINERY,ARGENTINA,AMERICA
914273,1992-01-13,330799.28,F,3-MEDIUM,Customer#000112591,AUTOMOBILE,ARGENTINA,AMERICA
757412,1992-01-13,124873.08,F,4-NOT SPECIFIED,Customer#000105475,AUTOMOBILE,IRAN,MIDDLE EAST
646181,1992-01-13,89107.19,F,2-HIGH,Customer#000029951,AUTOMOBILE,JORDAN,MIDDLE EAST
3166022,1992-01-13,264502.44,F,5-LOW,Customer#000126391,AUTOMOBILE,JORDAN,MIDDLE EAST
3130117,1992-01-13,133846.24,F,1-URGENT,Customer#000084508,HOUSEHOLD,UNITED KINGDOM,EUROPE
3496865,1992-01-13,164809.00,F,3-MEDIUM,Customer#000107171,AUTOMOBILE,JAPAN,ASIA
3466784,1992-01-13,32424.15,F,4-NOT SPECIFIED,Customer#000076396,FURNITURE,UNITED STATES,AMERICA
3345025,1992-01-13,15071.71,F,1-URGENT,Customer#000028609,AUTOMOBILE,CANADA,AMERICA
3100900,1992-01-13,179064.16,F,4-NOT SPECIFIED,Customer#000035867,AUTOMOBILE,ALGERIA,AFRICA
3215397,1992-01-13,62976.27,F,5-LOW,Customer#000081652,BUILDING,ARGENTINA,AMERICA
3319169,1992-01-13,40399.59,F,4-NOT SPECIFIED,Customer#000101182,MACHINERY,MOZAMBIQUE,AFRICA
1299718,1992-01-13,39585.90,F,1-URGENT,Customer#000028571,FURNITURE,RUSSIA,EUROPE
3757442,1992-01-13,60288.57,F,2-HIGH,Customer#000116524,BUILDING,INDONESIA,ASIA
1736196,1992-01-13,14643.18,F,1-URGENT,Customer#000081355,AUTOMOBILE,ROMANIA,EUROPE
4134050,1992-01-13,363604.15,F,3-MEDIUM,Customer#000062956,AUTOMOBILE,SAUDI ARABIA,MIDDLE EAST
1422658,1992-01-13,53652.79,F,4-NOT SPECIFIED,Customer#000128581,BUILDING,INDONESIA,ASIA
4108902,1992-01-13,134835.00,F,4-NOT SPECIFIED,Customer#000017957,HOUSEHOLD,MOZAMBIQUE,AFRICA
1466276,1992-01-13,384408.48,F,1-URGENT,Customer#000006220,BUILDING,GERMANY,EUROPE
1701955,1992-01-13,91988.80,F,5-LOW,Customer#000029242,BUILDING,BRAZIL,AMERICA
3629187,1992-01-13,169441.61,F,1-URGENT,Customer#000051682,HOUSEHOLD,IRAN,MIDDLE EAST
3707265,1992-01-13,254849.42,F,3-MEDIUM,Customer#000040222,MACHINERY,ETHIOPIA,AFRICA
1657732,1992-01-13,258981.13,F,4-NOT SPECIFIED,Customer#000081667,BUILDING,UNITED STATES,AMERICA
1319168,1992-01-13,107430.64,F,2-HIGH,Customer#000051290,MACHINERY,JAPAN,ASIA
1246881,1992-01-13,277794.96,F,1-URGENT,Customer#000110540,MACHINERY,IRAN,MIDDLE EAST
3614564,1992-01-13,245598.96,F,3-MEDIUM,Customer#000032140,HOUSEHOLD,INDIA,ASIA
1461408,1992-01-13,12566.48,F,2-HIGH,Customer#000142547,FURNITURE,RUSSIA,EUROPE
3653248,1992-01-13,206500.38,F,2-HIGH,Customer#000123796,BUILDING,KENYA,AFRICA
3175495,1992-01-13,129794.19,F,5-LOW,Customer#000050611,AUTOMOBILE,ALGERIA,AFRICA
3983301,1992-01-13,136453.51,F,3-MEDIUM,Customer#000129598,HOUSEHOLD,CHINA,ASIA
3294209,1992-01-13,45154.45,F,4-NOT SPECIFIED,Customer#000017953,HOUSEHOLD,UNITED KINGDOM,EUROPE
3205698,1992-01-13,140991.61,F,3-MEDIUM,Customer#000089153,FURNITURE,EGYPT,MIDDLE EAST
599266,1992-01-13,78917.49,F,1-URGENT,Customer#000007477,HOUSEHOLD,KENYA,AFRICA
24005,1992-01-13,125855.87,F,1-URGENT,Customer#000060118,FURNITURE,CHINA,ASIA
1403717,1992-01-13,196502.23,F,5-LOW,Customer#000101521,MACHINERY,INDONESIA,ASIA
3840899,1992-01-13,247679.81,F,2-HIGH,Customer#000124097,AUTOMOBILE,MOROCCO,AFRICA
1309058,1992-01-13,269130.50,F,4-NOT SPECIFIED,Customer#000030304,AUTOMOBILE,MOZAMBIQUE,AFRICA
1279457,1992-01-13,216197.34,F,5-LOW,Customer#000054181,HOUSEHOLD,SAUDI ARABIA,MIDDLE EAST
3614087,1992-01-13,257147.50,F,3-MEDIUM,Customer#000012181,MACHINERY,CHINA,ASIA
3680708,1992-01-13,50950.69,F,5-LOW,Customer#000115526,HOUSEHOLD,JORDAN,MIDDLE EAST
1223301,1992-01-13,20419.43,F,5-LOW,Customer#000044321,HOUSEHOLD,MOZAMBIQUE,AFRICA
1274819,1992-01-13,163754.59,F,3-MEDIUM,Customer#000141382,AUTOMOBILE,ALGERIA,AFRICA
4185186,1992-01-13,188047.05,F,3-MEDIUM,Customer#000120182,MACHINERY,CANADA,AMERICA
4058179,1992-01-13,239691.19,F,5-LOW,Customer#000130861,HOUSEHOLD,MOROCCO,AFRICA
4164801,1992-01-13,65928.60,F,3-MEDIUM,Customer#000049606,HOUSEHOLD,KENYA,AFRICA
4027458,1992-01-13,251047.13,F,1-URGENT,Customer#000052096,BUILDING,KENYA,AFRICA
4121415,1992-01-13,46698.06,F,4-NOT SPECIFIED,Customer#000126475,BUILDING,JORDAN,MIDDLE EAST
1465221,1992-01-13,199021.08,F,5-LOW,Customer#000004750,AUTOMOBILE,BRAZIL,AMERICA
1412514,1992-01-13,82778.22,F,2-HIGH,Customer#000008590,AUTOMOBILE,ROMANIA,EUROPE
1283044,1992-01-13,32156.18,F,2-HIGH,Customer#000079346,AUTOMOBILE,VIETNAM,ASIA
1224484,1992-01-13,91041.64,F,3-MEDIUM,Customer#000125030,MACHINERY,ARGENTINA,AMERICA
3756454,1992-01-13,112947.68,F,2-HIGH,Customer#000046519,MACHINERY,RUSSIA,EUROPE
1471425,1992-01-13,247865.65,F,2-HIGH,Customer#000137305,MACHINERY,BRAZIL,AMERICA
1759968,1992-01-13,210152.19,F,2-HIGH,Customer#000076357,BUILDING,KENYA,AFRICA
3861413,1992-01-13,68077.25,F,4-NOT SPECIFIED,Customer#000078139,HOUSEHOLD,CANADA,AMERICA
4131491,1992-01-13,88618.42,F,1-URGENT,Customer#000136480,MACHINERY,MOROCCO,AFRICA
1342661,1992-01-13,50772.28,F,5-LOW,Customer#000058646,HOUSEHOLD,JORDAN,MIDDLE EAST
1649191,1992-01-13,191212.89,F,1-URGENT,Customer#000120859,MACHINERY,ALGERIA,AFRICA
3897029,1992-01-13,274171.50,F,3-MEDIUM,Customer#000038642,AUTOMOBILE,IRAQ,MIDDLE EAST
3965349,1992-01-13,193527.28,F,3-MEDIUM,Customer#000142756,BUILDING,UNITED STATES,AMERICA
4069280,1992-01-13,79633.15,F,2-HIGH,Customer#000042802,BUILDING,PERU,AMERICA
1384675,1992-01-13,281032.03,F,4-NOT SPECIFIED,Customer#000145768,BUILDING,CHINA,ASIA
1665316,1992-01-13,172176.06,F,1-URGENT,Customer#000017059,FURNITURE,INDONESIA,ASIA
4018726,1992-01-13,209090.21,F,4-NOT SPECIFIED,Customer#000109729,BUILDING,UNITED STATES,AMERICA
3702624,1992-01-13,254319.02,F,3-MEDIUM,Customer#000057514,AUTOMOBILE,PERU,AMERICA
1560871,1992-01-13,104422.13,F,1-URGENT,Customer#000129718,AUTOMOBILE,INDONESIA,ASIA
4127173,1992-01-13,192197.33,F,3-MEDIUM,Customer#000047086,BUILDING,ARGENTINA,AMERICA
1783651,1992-01-13,38814.16,F,1-URGENT,Customer#000090473,FURNITURE,INDONESIA,ASIA
1447746,1992-01-13,35489.71,F,1-URGENT,Customer#000023827,MACHINERY,JAPAN,ASIA
4108640,1992-01-13,219138.65,F,2-HIGH,Customer#000005726,BUILDING,SAUDI ARABIA,MIDDLE EAST
3868839,1992-01-13,72807.45,F,2-HIGH,Customer#000017203,BUILDING,JORDAN,MIDDLE EAST
1358246,1992-01-13,146719.01,F,1-URGENT,Customer#000141361,FURNITURE,BRAZIL,AMERICA
1677892,1992-01-13,400142.61,F,3-MEDIUM,Customer#000032003,AUTOMOBILE,INDIA,ASIA
3695777,1992-01-13,36577.23,F,5-LOW,Customer#000134273,AUTOMOBILE,ARGENTINA,AMERICA
3637573,1992-01-13,171798.67,F,4-NOT SPECIFIED,Customer#000101861,HOUSEHOLD,MOROCCO,AFRICA
1242628,1992-01-13,212494.42,F,1-URGENT,Customer#000046999,HOUSEHOLD,JORDAN,MIDDLE EAST
3995009,1992-01-13,370227.14,F,2-HIGH,Customer#000061790,BUILDING,INDIA,ASIA
3833954,1992-01-13,196560.81,F,1-URGENT,Customer#000010517,AUTOMOBILE,IRAN,MIDDLE EAST
3669701,1992-01-13,309715.78,F,3-MEDIUM,Customer#000012217,FURNITURE,ROMANIA,EUROPE
4131204,1992-01-13,230741.98,F,5-LOW,Customer#000023986,HOUSEHOLD,BRAZIL,AMERICA
1469764,1992-01-13,264333.12,F,2-HIGH,Customer#000012331,HOUSEHOLD,MOZAMBIQUE,AFRICA
4050855,1992-01-13,43784.11,F,3-MEDIUM,Customer#000139169,HOUSEHOLD,VIETNAM,ASIA
1220800,1992-01-13,111492.23,F,4-NOT SPECIFIED,Customer#000006889,FURNITURE,MOROCCO,AFRICA
4016672,1992-01-13,189700.29,F,1-URGENT,Customer#000093400,BUILDING,KENYA,AFRICA
3833829,1992-01-13,272823.75,F,4-NOT SPECIFIED,Customer#000061774,MACHINERY,INDIA,ASIA
1581346,1992-01-13,129990.00,F,1-URGENT,Customer#000052481,BUILDING,SAUDI ARABIA,MIDDLE EAST
3610562,1992-01-13,315631.99,F,3-MEDIUM,Customer#000007720,BUILDING,RUSSIA,EUROPE
1691266,1992-01-13,53249.60,F,1-URGENT,Customer#000010258,BUILDING,INDIA,ASIA
4109702,1992-01-13,225265.42,F,5-LOW,Customer#000060316,MACHINERY,CANADA,AMERICA
3607328,1992-01-13,139856.30,F,4-NOT SPECIFIED,Customer#000142025,AUTOMOBILE,JAPAN,ASIA
3664101,1992-01-13,143974.96,F,4-NOT SPECIFIED,Customer#000011479,MACHINERY,RUSSIA,EUROPE
4152451,1992-01-13,35681.32,F,1-URGENT,Customer#000125107,FURNITURE,RUSSIA,EUROPE
3944610,1992-01-13,131786.34,F,1-URGENT,Customer#000000215,FURNITURE,INDONESIA,ASIA
3614497,1992-01-13,189011.80,F,3-MEDIUM,Customer#000008563,BUILDING,UNITED STATES,AMERICA
3929511,1992-01-13,207877.58,F,5-LOW,Customer#000017389,BUILDING,VIETNAM,ASIA
1770307,1992-01-13,177580.74,F,2-HIGH,Customer#000011542,FURNITURE,ROMANIA,EUROPE
3020967,1992-01-13,320494.68,F,5-LOW,Customer#000028529,FURNITURE,INDIA,ASIA
1206980,1992-01-13,279411.52,F,5-LOW,Customer#000141064,FURNITURE,JAPAN,ASIA
4014470,1992-01-13,162447.39,F,1-URGENT,Customer#000113084,FURNITURE,MOROCCO,AFRICA
3848198,1992-01-13,9690.32,F,3-MEDIUM,Customer#000132385,MACHINERY,INDONESIA,ASIA
3898534,1992-01-13,34319.30,F,2-HIGH,Customer#000063529,HOUSEHOLD,IRAN,MIDDLE EAST
1452640,1992-01-13,116824.33,F,4-NOT SPECIFIED,Customer#000002740,MACHINERY,PERU,AMERICA
5004644,1992-01-13,40394.45,F,2-HIGH,Customer#000109951,AUTOMOBILE,ALGERIA,AFRICA
5616999,1992-01-13,27556.16,F,4-NOT SPECIFIED,Customer#000131525,MACHINERY,INDONESIA,ASIA
5152837,1992-01-13,76839.13,F,3-MEDIUM,Customer#000022973,HOUSEHOLD,INDIA,ASIA
5245187,1992-01-13,13282.46,F,1-URGENT,Customer#000057874,MACHINERY,FRANCE,EUROPE
5759555,1992-01-13,339788.88,F,2-HIGH,Customer#000081181,HOUSEHOLD,JAPAN,ASIA
5417189,1992-01-13,143655.75,F,5-LOW,Customer#000045988,HOUSEHOLD,ARGENTINA,AMERICA
5298530,1992-01-13,302382.88,F,4-NOT SPECIFIED,Customer#000090202,FURNITURE,EGYPT,MIDDLE EAST
5350528,1992-01-13,164485.55,F,2-HIGH,Customer#000132416,MACHINERY,GERMANY,EUROPE
5891847,1992-01-13,192812.32,F,1-URGENT,Customer#000095261,BUILDING,BRAZIL,AMERICA
5253446,1992-01-13,92584.62,F,3-MEDIUM,Customer#000069275,MACHINERY,ARGENTINA,AMERICA
5122214,1992-01-13,78697.20,F,5-LOW,Customer#000137725,MACHINERY,KENYA,AFRICA
5579655,1992-01-13,210448.25,F,2-HIGH,Customer#000107302,MACHINERY,VIETNAM,ASIA
2269926,1992-01-14,137571.09,F,1-URGENT,Customer#000061675,BUILDING,CHINA,ASIA
2388263,1992-01-14,131834.50,F,5-LOW,Customer#000060746,MACHINERY,UNITED STATES,AMERICA
2167010,1992-01-14,8783.79,F,5-LOW,Customer#000052687,HOUSEHOLD,INDIA,ASIA
2176673,1992-01-14,205970.31,F,3-MEDIUM,Customer#000125204,AUTOMOBILE,CHINA,ASIA
3533858,1992-01-14,67723.06,F,1-URGENT,Customer#000062312,AUTOMOBILE,FRANCE,EUROPE
3301668,1992-01-14,232150.81,F,1-URGENT,Customer#000071417,BUILDING,IRAN,MIDDLE EAST
3071878,1992-01-14,15933.19,F,2-HIGH,Customer#000010592,AUTOMOBILE,ALGERIA,AFRICA
3446245,1992-01-14,283524.99,F,2-HIGH,Customer#000044957,AUTOMOBILE,IRAQ,MIDDLE EAST
3563045,1992-01-14,238931.78,F,5-LOW,Customer#000006292,FURNITURE,SAUDI ARABIA,MIDDLE EAST
3118981,1992-01-14,76881.61,F,2-HIGH,Customer#000104699,AUTOMOBILE,ARGENTINA,AMERICA
3236642,1992-01-14,161704.26,F,4-NOT SPECIFIED,Customer#000021457,FURNITURE,JAPAN,ASIA
3586656,1992-01-14,292881.54,F,5-LOW,Customer#000119923,MACHINERY,RUSSIA,EUROPE
3363655,1992-01-14,107729.13,F,4-NOT SPECIFIED,Customer#000089755,MACHINERY,INDONESIA,ASIA
3587072,1992-01-14,178414.24,F,5-LOW,Customer#000078889,FURNITURE,SAUDI ARABIA,MIDDLE EAST
3532066,1992-01-14,212164.52,F,5-LOW,Customer#000001399,AUTOMOBILE,ALGERIA,AFRICA
3373254,1992-01-14,229675.35,F,3-MEDIUM,Customer#000070862,MACHINERY,ARGENTINA,AMERICA
3166534,1992-01-14,222802.41,F,3-MEDIUM,Customer#000053591,BUILDING,FRANCE,EUROPE
3513059,1992-01-14,75701.97,F,1-URGENT,Customer#000024470,FURNITURE,RUSSIA,EUROPE
3324896,1992-01-14,208541.86,F,1-URGENT,Customer#000007124,BUILDING,IRAQ,MIDDLE EAST
3358210,1992-01-14,117286.32,F,2-HIGH,Customer#000025642,AUTOMOBILE,IRAN,MIDDLE EAST
3181474,1992-01-14,186758.31,F,5-LOW,Customer#000062546,HOUSEHOLD,CANADA,AMERICA
3035936,1992-01-14,126940.90,F,3-MEDIUM,Customer#000038645,MACHINERY,GERMANY,EUROPE
3597217,1992-01-14,51202.92,F,4-NOT SPECIFIED,Customer#000070511,BUILDING,UNITED KINGDOM,EUROPE
3364454,1992-01-14,276861.65,F,2-HIGH,Customer#000136801,HOUSEHOLD,INDONESIA,ASIA
3079718,1992-01-14,81217.13,F,1-URGENT,Customer#000053236,FURNITURE,FRANCE,EUROPE
3480962,1992-01-14,101101.69,F,3-MEDIUM,Customer#000130600,MACHINERY,VIETNAM,ASIA
3138854,1992-01-14,73327.49,F,5-LOW,Customer#000007126,AUTOMOBILE,MOZAMBIQUE,AFRICA
3295684,1992-01-14,159056.41,F,5-LOW,Customer#000101164,AUTOMOBILE,KENYA,AFRICA
3424901,1992-01-14,6776.21,F,2-HIGH,Customer#000134170,FURNITURE,ETHIOPIA,AFRICA
3451493,1992-01-14,133862.24,F,2-HIGH,Customer#000091888,BUILDING,IRAN,MIDDLE EAST
3345511,1992-01-14,144671.90,F,1-URGENT,Customer#000009736,MACHINERY,GERMANY,EUROPE
3362467,1992-01-14,257959.45,F,2-HIGH,Customer#000099934,FURNITURE,ALGERIA,AFRICA
3257569,1992-01-14,300042.91,F,2-HIGH,Customer#000144364,MACHINERY,IRAQ,MIDDLE EAST
3478470,1992-01-14,215045.51,F,3-MEDIUM,Customer#000134090,HOUSEHOLD,JORDAN,MIDDLE EAST
3012868,1992-01-14,201051.51,F,1-URGENT,Customer#000063214,FURNITURE,CANADA,AMERICA
3519937,1992-01-14,208411.97,F,5-LOW,Customer#000127603,AUTOMOBILE,GERMANY,EUROPE
3232742,1992-01-14,150954.40,F,1-URGENT,Customer#000107470,AUTOMOBILE,ALGERIA,AFRICA
3149120,1992-01-14,46185.19,F,2-HIGH,Customer#000001973,HOUSEHOLD,EGYPT,MIDDLE EAST
3222625,1992-01-14,69950.69,F,3-MEDIUM,Customer#000091096,MACHINERY,IRAQ,MIDDLE EAST
3446119,1992-01-14,307942.88,F,3-MEDIUM,Customer#000030913,FURNITURE,INDIA,ASIA
3594951,1992-01-14,47841.34,F,4-NOT SPECIFIED,Customer#000092377,HOUSEHOLD,SAUDI ARABIA,MIDDLE EAST
3107525,1992-01-14,88070.88,F,4-NOT SPECIFIED,Customer#000072464,AUTOMOBILE,ALGERIA,AFRICA
3221572,1992-01-14,159397.54,F,3-MEDIUM,Customer#000023825,MACHINERY,ARGENTINA,AMERICA
3192420,1992-01-14,150025.52,F,4-NOT SPECIFIED,Customer#000025225,HOUSEHOLD,RUSSIA,EUROPE
3274245,1992-01-14,299902.40,F,3-MEDIUM,Customer#000064975,AUTOMOBILE,CANADA,AMERICA
3318016,1992-01-14,175411.44,F,2-HIGH,Customer#000121145,BUILDING,CANADA,AMERICA
3200676,1992-01-14,176013.84,F,1-URGENT,Customer#000091358,FURNITURE,INDONESIA,ASIA
3522402,1992-01-14,292673.55,F,2-HIGH,Customer#000092156,AUTOMOBILE,ROMANIA,EUROPE
3322950,1992-01-14,317055.07,F,3-MEDIUM,Customer#000048133,BUILDING,ETHIOPIA,AFRICA
4268320,1992-01-14,34000.20,F,2-HIGH,Customer#000126151,AUTOMOBILE,JAPAN,ASIA
364801,1992-01-14,53356.39,F,2-HIGH,Customer#000037561,MACHINERY,PERU,AMERICA
299456,1992-01-14,31658.01,F,4-NOT SPECIFIED,Customer#000099802,AUTOMOBILE,INDONESIA,ASIA
376448,1992-01-14,97735.16,F,2-HIGH,Customer#000060922,HOUSEHOLD,IRAN,MIDDLE EAST
73090,1992-01-14,1957.70,F,4-NOT SPECIFIED,Customer#000044677,HOUSEHOLD,KENYA,AFRICA
458244,1992-01-14,257431.62,F,2-HIGH,Customer#000124543,FURNITURE,GERMANY,EUROPE
501990,1992-01-14,320020.81,F,4-NOT SPECIFIED,Customer#000023351,BUILDING,FRANCE,EUROPE
22914,1992-01-14,344100.79,F,1-URGENT,Customer#000040835,MACHINERY,JORDAN,MIDDLE EAST
56070,1992-01-14,75287.52,F,5-LOW,Customer#000059159,MACHINERY,INDIA,ASIA
279974,1992-01-14,96138.78,F,2-HIGH,Customer#000012917,AUTOMOBILE,GERMANY,EUROPE
553376,1992-01-14,192331.42,F,5-LOW,Customer#000148079,FURNITURE,FRANCE,EUROPE
123776,1992-01-14,152794.84,F,3-MEDIUM,Customer#000148831,BUILDING,RUSSIA,EUROPE
350208,1992-01-14,47358.29,F,2-HIGH,Customer#000102569,HOUSEHOLD,VIETNAM,ASIA
333760,1992-01-14,132258.15,F,3-MEDIUM,Customer#000045344,HOUSEHOLD,JORDAN,MIDDLE EAST
319492,1992-01-14,259377.54,F,2-HIGH,Customer#000099422,FURNITURE,KENYA,AFRICA
173476,1992-01-14,197122.11,F,1-URGENT,Customer#000061978,HOUSEHOLD,PERU,AMERICA
232580,1992-01-14,9580.21,F,4-NOT SPECIFIED,Customer#000024781,AUTOMOBILE,ROMANIA,EUROPE
412038,1992-01-14,164097.14,F,2-HIGH,Customer#000090739,AUTOMOBILE,GERMANY,EUROPE
179203,1992-01-14,37715.24,F,3-MEDIUM,Customer#000022267,BUILDING,INDIA,ASIA
488290,1992-01-14,43041.84,F,5-LOW,Customer#000073633,BUILDING,GERMANY,EUROPE
472195,1992-01-14,64189.38,F,5-LOW,Customer#000042002,MACHINERY,PERU,AMERICA
142145,1992-01-14,158366.25,F,4-NOT SPECIFIED,Customer#000015004,FURNITURE,SAUDI ARABIA,MIDDLE EAST
183328,1992-01-14,209404.10,F,1-URGENT,Customer#000100795,MACHINERY,BRAZIL,AMERICA
98535,1992-01-14,41208.51,F,5-LOW,Customer#000011896,MACHINERY,VIETNAM,ASIA
582241,1992-01-14,151280.49,F,4-NOT SPECIFIED,Customer#000130282,FURNITURE,INDIA,ASIA
121344,1992-01-14,302147.80,F,3-MEDIUM,Customer#000045013,MACHINERY,KENYA,AFRICA
316963,1992-01-14,156521.08,F,3-MEDIUM,Customer#000006884,BUILDING,IRAQ,MIDDLE EAST
186181,1992-01-14,89642.78,F,5-LOW,Customer#000041761,MACHINERY,CANADA,AMERICA
461446,1992-01-14,150149.37,F,2-HIGH,Customer#000049105,HOUSEHOLD,ALGERIA,AFRICA
579783,1992-01-14,128950.45,F,2-HIGH,Customer#000022793,MACHINERY,JAPAN,ASIA
573061,1992-01-14,56725.10,F,3-MEDIUM,Customer#000088549,HOUSEHOLD,UNITED STATES,AMERICA
374243,1992-01-14,97679.78,F,5-LOW,Customer#000018431,MACHINERY,JORDAN,MIDDLE EAST
375104,1992-01-14,8911.86,F,2-HIGH,Customer#000007124,BUILDING,IRAQ,MIDDLE EAST
472290,1992-01-14,213498.30,F,3-MEDIUM,Customer#000087433,HOUSEHOLD,MOROCCO,AFRICA
274662,1992-01-14,48910.62,F,2-HIGH,Customer#000134263,FURNITURE,PERU,AMERICA
332677,1992-01-14,44319.17,F,2-HIGH,Customer#000113744,FURNITURE,VIETNAM,ASIA
227394,1992-01-14,56804.27,F,2-HIGH,Customer#000113905,BUILDING,GERMANY,EUROPE
299808,1992-01-14,385975.80,F,3-MEDIUM,Customer#000044539,HOUSEHOLD,MOROCCO,AFRICA
375616,1992-01-14,22459.97,F,4-NOT SPECIFIED,Customer#000010891,AUTOMOBILE,UNITED STATES,AMERICA
299715,1992-01-14,192771.04,F,5-LOW,Customer#000143516,AUTOMOBILE,ARGENTINA,AMERICA
113217,1992-01-14,84509.88,F,1-URGENT,Customer#000147122,HOUSEHOLD,PERU,AMERICA
513094,1992-01-14,241491.03,F,2-HIGH,Customer#000056014,HOUSEHOLD,IRAN,MIDDLE EAST
416481,1992-01-14,112695.31,F,4-NOT SPECIFIED,Customer#000128590,FURNITURE,JORDAN,MIDDLE EAST
92228,1992-01-14,304631.70,F,5-LOW,Customer#000108863,FURNITURE,UNITED STATES,AMERICA
231552,1992-01-14,28446.42,F,3-MEDIUM,Customer#000051820,AUTOMOBILE,FRANCE,EUROPE
52068,1992-01-14,194661.14,F,4-NOT SPECIFIED,Customer#000030043,BUILDING,EGYPT,MIDDLE EAST
336356,1992-01-14,69824.33,F,5-LOW,Customer#000036314,MACHINERY,GERMANY,EUROPE
431939,1992-01-14,50507.33,F,3-MEDIUM,Customer#000021290,BUILDING,EGYPT,MIDDLE EAST
131845,1992-01-14,88796.83,F,3-MEDIUM,Customer#000120646,MACHINERY,JORDAN,MIDDLE EAST
317282,1992-01-14,191273.97,F,4-NOT SPECIFIED,Customer#000002129,BUILDING,GERMANY,EUROPE
99776,1992-01-14,261804.99,F,1-URGENT,Customer#000066232,MACHINERY,UNITED STATES,AMERICA
3011,1992-01-14,77704.97,F,5-LOW,Customer#000089752,HOUSEHOLD,VIETNAM,ASIA
1802567,1992-01-14,180239.37,F,4-NOT SPECIFIED,Customer#000091604,HOUSEHOLD,SAUDI ARABIA,MIDDLE EAST
1962977,1992-01-14,105164.13,F,1-URGENT,Customer#000060815,BUILDING,PERU,AMERICA
2001701,1992-01-14,213391.57,F,3-MEDIUM,Customer#000090334,MACHINERY,IRAN,MIDDLE EAST
2020773,1992-01-14,222830.23,F,1-URGENT,Customer#000065581,BUILDING,UNITED KINGDOM,EUROPE
2106180,1992-01-14,161056.68,F,2-HIGH,Customer#000054703,AUTOMOBILE,CHINA,ASIA
2276487,1992-01-14,116923.82,F,5-LOW,Customer#000131965,AUTOMOBILE,UNITED STATES,AMERICA
2142758,1992-01-14,226199.79,F,1-URGENT,Customer#000073531,HOUSEHOLD,MOROCCO,AFRICA
2360964,1992-01-14,333022.13,F,2-HIGH,Customer#000019984,BUILDING,ETHIOPIA,AFRICA
2099975,1992-01-14,290587.81,F,3-MEDIUM,Customer#000052069,BUILDING,GERMANY,EUROPE
2031585,1992-01-14,90826.76,F,3-MEDIUM,Customer#000065644,HOUSEHOLD,ARGENTINA,AMERICA
1834855,1992-01-14,145137.28,F,1-URGENT,Customer#000098989,MACHINERY,JORDAN,MIDDLE EAST
1925696,1992-01-14,192899.22,F,2-HIGH,Customer#000087869,AUTOMOBILE,PERU,AMERICA
2111683,1992-01-14,375137.70,F,5-LOW,Customer#000047215,AUTOMOBILE,MOZAMBIQUE,AFRICA
1995297,1992-01-14,89958.05,F,3-MEDIUM,Customer#000109865,FURNITURE,IRAN,MIDDLE EAST
2386850,1992-01-14,196841.81,F,2-HIGH,Customer#000112270,FURNITURE,RUSSIA,EUROPE
157859,1992-01-14,183306.76,F,3-MEDIUM,Customer#000134425,BUILDING,IRAQ,MIDDLE EAST
2342113,1992-01-14,99956.33,F,1-URGENT,Customer#000001709,AUTOMOBILE,IRAQ,MIDDLE EAST
2259394,1992-01-14,269977.66,F,4-NOT SPECIFIED,Customer#000052075,HOUSEHOLD,SAUDI ARABIA,MIDDLE EAST
2093093,1992-01-14,170317.10,F,5-LOW,Customer#000103198,HOUSEHOLD,INDONESIA,ASIA
1847681,1992-01-14,92644.91,F,2-HIGH,Customer#000017410,HOUSEHOLD,SAUDI ARABIA,MIDDLE EAST
2318566,1992-01-14,185168.63,F,4-NOT SPECIFIED,Customer#000101275,FURNITURE,IRAN,MIDDLE EAST
1912423,1992-01-14,11374.61,F,3-MEDIUM,Customer#000009784,MACHINERY,ARGENTINA,AMERICA
4729538,1992-01-14,83409.98,F,5-LOW,Customer#000082000,MACHINERY,FRANCE,EUROPE
4731171,1992-01-14,101482.55,F,2-HIGH,Customer#000041167,HOUSEHOLD,VIETNAM,ASIA
4648578,1992-01-14,163980.30,F,1-URGENT,Customer#000129415,FURNITURE,PERU,AMERICA
4540867,1992-01-14,4501.63,F,3-MEDIUM,Customer#000090319,BUILDING,MOZAMBIQUE,AFRICA
4517088,1992-01-14,289688.26,F,1-URGENT,Customer#000052051,BUILDING,PERU,AMERICA
4538150,1992-01-14,177899.27,F,3-MEDIUM,Customer#000048571,HOUSEHOLD,INDIA,ASIA
4702658,1992-01-14,50654.65,F,5-LOW,Customer#000118130,HOUSEHOLD,ETHIOPIA,AFRICA
4514436,1992-01-14,170511.02,F,4-NOT SPECIFIED,Customer#000125408,FURNITURE,IRAN,MIDDLE EAST
4372967,1992-01-14,180827.92,F,1-URGENT,Customer#000114617,MACHINERY,MOZAMBIQUE,AFRICA
4515590,1992-01-14,64450.20,F,3-MEDIUM,Customer#000044146,AUTOMOBILE,RUSSIA,EUROPE
4267779,1992-01-14,212474.13,F,2-HIGH,Customer#000045163,AUTOMOBILE,KENYA,AFRICA
4744386,1992-01-14,201982.36,F,3-MEDIUM,Customer#000120292,FURNITURE,UNITED KINGDOM,EUROPE
4741184,1992-01-14,148615.53,F,1-URGENT,Customer#000047764,AUTOMOBILE,CHINA,ASIA
4666785,1992-01-14,93690.61,F,4-NOT SPECIFIED,Customer#000140825,HOUSEHOLD,SAUDI ARABIA,MIDDLE EAST
4577796,1992-01-14,336932.26,F,4-NOT SPECIFIED,Customer#000057466,BUILDING,FRANCE,EUROPE
4567107,1992-01-14,133150.89,F,4-NOT SPECIFIED,Customer#000066850,FURNITURE,GERMANY,EUROPE
4641701,1992-01-14,231773.88,F,3-MEDIUM,Customer#000093892,BUILDING,RUSSIA,EUROPE
4472321,1992-01-14,156623.37,F,3-MEDIUM,Customer#000049138,FURNITURE,MOROCCO,AFRICA
4357156,1992-01-14,197568.62,F,5-LOW,Customer#000126250,FURNITURE,UNITED STATES,AMERICA
4604064,1992-01-14,237746.80,F,4-NOT SPECIFIED,Customer#000112477,HOUSEHOLD,CHINA,ASIA
549442,1992-01-14,235000.53,F,3-MEDIUM,Customer#000058915,HOUSEHOLD,ETHIOPIA,AFRICA
4493859,1992-01-14,241272.04,F,3-MEDIUM,Customer#000010027,HOUSEHOLD,KENYA,AFRICA
4748384,1992-01-14,177277.89,F,5-LOW,Customer#000001298,AUTOMOBILE,MOROCCO,AFRICA
4279104,1992-01-14,43047.95,F,3-MEDIUM,Customer#000143327,HOUSEHOLD,SAUDI ARABIA,MIDDLE EAST
4253189,1992-01-14,228398.08,F,5-LOW,Customer#000048706,BUILDING,JAPAN,ASIA
4212641,1992-01-14,54003.27,F,1-URGENT,Customer#000010126,AUTOMOBILE,BRAZIL,AMERICA
4339175,1992-01-14,138446.24,F,3-MEDIUM,Customer#000140104,FURNITURE,VIETNAM,ASIA
4201665,1992-01-14,235366.10,F,4-NOT SPECIFIED,Customer#000106270,FURNITURE,UNITED STATES,AMERICA
4451239,1992-01-14,88532.40,F,2-HIGH,Customer#000094166,HOUSEHOLD,INDONESIA,ASIA
4460902,1992-01-14,50695.36,F,3-MEDIUM,Customer#000121210,HOUSEHOLD,FRANCE,EUROPE
4203714,1992-01-14,136605.65,F,5-LOW,Customer#000017029,AUTOMOBILE,GERMANY,EUROPE
4596292,1992-01-14,176126.56,F,2-HIGH,Customer#000063997,AUTOMOBILE,INDIA,ASIA
4762533,1992-01-14,77286.27,F,5-LOW,Customer#000085469,BUILDING,MOZAMBIQUE,AFRICA
4303809,1992-01-14,165378.02,F,2-HIGH,Customer#000110506,MACHINERY,UNITED STATES,AMERICA
4663586,1992-01-14,30104.77,F,4-NOT SPECIFIED,Customer#000134203,MACHINERY,MOZAMBIQUE,AFRICA
4561956,1992-01-14,186857.25,F,2-HIGH,Customer#000132643,AUTOMOBILE,PERU,AMERICA
4418949,1992-01-14,343630.68,F,4-NOT SPECIFIED,Customer#000106642,FURNITURE,INDONESIA,ASIA
4546215,1992-01-14,166817.16,F,1-URGENT,Customer#000066283,BUILDING,INDONESIA,ASIA
4423011,1992-01-14,304968.15,F,1-URGENT,Customer#000058829,HOUSEHOLD,ALGERIA,AFRICA
4256517,1992-01-14,171182.47,F,4-NOT SPECIFIED,Customer#000138238,FURNITURE,UNITED STATES,AMERICA
4427683,1992-01-14,25281.82,F,4-NOT SPECIFIED,Customer#000109042,HOUSEHOLD,ALGERIA,AFRICA
4595143,1992-01-14,24630.07,F,1-URGENT,Customer#000003952,BUILDING,CHINA,ASIA
4729475,1992-01-14,182202.17,F,1-URGENT,Customer#000024620,HOUSEHOLD,CANADA,AMERICA
4788961,1992-01-14,191396.58,F,2-HIGH,Customer#000109871,MACHINERY,ARGENTINA,AMERICA
4600035,1992-01-14,24468.58,F,5-LOW,Customer#000021754,FURNITURE,JORDAN,MIDDLE EAST
4626148,1992-01-14,247795.15,F,3-MEDIUM,Customer#000051965,HOUSEHOLD,CHINA,ASIA
4680673,1992-01-14,30693.06,F,5-LOW,Customer#000061261,AUTOMOBILE,SAUDI ARABIA,MIDDLE EAST
4332065,1992-01-14,364194.48,F,4-NOT SPECIFIED,Customer#000033698,FURNITURE,ALGERIA,AFRICA
4795268,1992-01-14,127664.56,F,5-LOW,Customer#000068863,FURNITURE,SAUDI ARABIA,MIDDLE EAST
4416481,1992-01-14,165000.67,F,2-HIGH,Customer#000051311,HOUSEHOLD,MOROCCO,AFRICA
4207878,1992-01-14,59071.86,F,4-NOT SPECIFIED,Customer#000095392,FURNITURE,EGYPT,MIDDLE EAST
4746341,1992-01-14,262939.28,F,2-HIGH,Customer#000123077,HOUSEHOLD,RUSSIA,EUROPE
4567329,1992-01-14,232800.31,F,5-LOW,Customer#000009245,BUILDING,MOROCCO,AFRICA
4288324,1992-01-14,76970.88,F,1-URGENT,Customer#000036508,BUILDING,INDIA,ASIA
4324833,1992-01-14,179678.76,F,4-NOT SPECIFIED,Customer#000041624,AUTOMOBILE,JORDAN,MIDDLE EAST
4285446,1992-01-14,156467.97,F,2-HIGH,Customer#000078760,BUILDING,UNITED KINGDOM,EUROPE
4299810,1992-01-14,295996.31,F,3-MEDIUM,Customer#000096457,MACHINERY,FRANCE,EUROPE
4330660,1992-01-14,282809.83,F,5-LOW,Customer#000076217,HOUSEHOLD,UNITED KINGDOM,EUROPE
4327841,1992-01-14,88768.37,F,5-LOW,Customer#000056141,FURNITURE,ALGERIA,AFRICA
4369763,1992-01-14,133105.14,F,3-MEDIUM,Customer#000044201,HOUSEHOLD,EGYPT,MIDDLE EAST
4518116,1992-01-14,140108.79,F,5-LOW,Customer#000148921,MACHINERY,ALGERIA,AFRICA
4603462,1992-01-14,265573.09,F,3-MEDIUM,Customer#000133855,BUILDING,VIETNAM,ASIA
4319909,1992-01-14,162235.33,F,1-URGENT,Customer#000059341,BUILDING,RUSSIA,EUROPE
4298882,1992-01-14,165644.64,F,4-NOT SPECIFIED,Customer#000039307,BUILDING,ARGENTINA,AMERICA
4675847,1992-01-14,59402.89,F,1-URGENT,Customer#000124672,MACHINERY,IRAQ,MIDDLE EAST
4243074,1992-01-14,390183.43,F,5-LOW,Customer#000113447,BUILDING,UNITED KINGDOM,EUROPE
4783297,1992-01-14,53417.12,F,1-URGENT,Customer#000010352,BUILDING,MOZAMBIQUE,AFRICA
4698115,1992-01-14,8866.05,F,3-MEDIUM,Customer#000059309,HOUSEHOLD,ETHIOPIA,AFRICA
4636068,1992-01-14,43830.63,F,2-HIGH,Customer#000099133,MACHINERY,EGYPT,MIDDLE EAST
4231299,1992-01-14,267825.20,F,1-URGENT,Customer#000029288,HOUSEHOLD,JAPAN,ASIA
4709536,1992-01-14,120345.79,F,2-HIGH,Customer#000087493,BUILDING,INDIA,ASIA
4284993,1992-01-14,252815.78,F,5-LOW,Customer#000112948,AUTOMOBILE,UNITED KINGDOM,EUROPE
4352352,1992-01-14,152577.15,F,3-MEDIUM,Customer#000029152,BUILDING,FRANCE,EUROPE
4474309,1992-01-14,313111.67,F,3-MEDIUM,Customer#000038726,MACHINERY,MOZAMBIQUE,AFRICA
4535360,1992-01-14,199361.39,F,1-URGENT,Customer#000075031,MACHINERY,MOZAMBIQUE,AFRICA
2272545,1992-01-14,243757.07,F,1-URGENT,Customer#000105752,FURNITURE,UNITED STATES,AMERICA
2251426,1992-01-14,99513.37,F,3-MEDIUM,Customer#000011257,FURNITURE,PERU,AMERICA
2047302,1992-01-14,83463.03,F,3-MEDIUM,Customer#000041269,FURNITURE,INDONESIA,ASIA
2163747,1992-01-14,205027.17,F,4-NOT SPECIFIED,Customer#000114004,BUILDING,UNITED KINGDOM,EUROPE
2332514,1992-01-14,248265.72,F,5-LOW,Customer#000051521,BUILDING,IRAQ,MIDDLE EAST
1996226,1992-01-14,138194.22,F,5-LOW,Customer#000121466,AUTOMOBILE,INDIA,ASIA
2214469,1992-01-14,167531.89,F,3-MEDIUM,Customer#000121459,MACHINERY,ALGERIA,AFRICA
2371588,1992-01-14,61750.72,F,4-NOT SPECIFIED,Customer#000041209,FURNITURE,IRAN,MIDDLE EAST
1899844,1992-01-14,166461.41,F,1-URGENT,Customer#000137465,HOUSEHOLD,EGYPT,MIDDLE EAST
1834017,1992-01-14,46164.19,F,1-URGENT,Customer#000016987,MACHINERY,SAUDI ARABIA,MIDDLE EAST
1923238,1992-01-14,322418.94,F,5-LOW,Customer#000035044,AUTOMOBILE,ALGERIA,AFRICA
2363524,1992-01-14,150396.34,F,4-NOT SPECIFIED,Customer#000025375,FURNITURE,ROMANIA,EUROPE
2041926,1992-01-14,45467.24,F,4-NOT SPECIFIED,Customer#000017048,FURNITURE,SAUDI ARABIA,MIDDLE EAST
2242661,1992-01-14,142209.32,F,1-URGENT,Customer#000018373,MACHINERY,CHINA,ASIA
2068389,1992-01-14,50526.36,F,1-URGENT,Customer#000068944,AUTOMOBILE,ETHIOPIA,AFRICA
2345988,1992-01-14,32902.36,F,2-HIGH,Customer#000087244,HOUSEHOLD,FRANCE,EUROPE
2393318,1992-01-14,275589.54,F,1-URGENT,Customer#000075872,MACHINERY,ALGERIA,AFRICA
2033030,1992-01-14,145159.35,F,3-MEDIUM,Customer#000072890,MACHINERY,ETHIOPIA,AFRICA
1906882,1992-01-14,68754.06,F,3-MEDIUM,Customer#000002633,AUTOMOBILE,ETHIOPIA,AFRICA
1933954,1992-01-14,180256.13,F,4-NOT SPECIFIED,Customer#000093908,AUTOMOBILE,JORDAN,MIDDLE EAST
2190983,1992-01-14,112912.00,F,5-LOW,Customer#000085261,AUTOMOBILE,UNITED STATES,AMERICA
2363078,1992-01-14,33784.62,F,3-MEDIUM,Customer#000110128,BUILDING,INDONESIA,ASIA
2115717,1992-01-14,204285.83,F,2-HIGH,Customer#000096880,AUTOMOBILE,ROMANIA,EUROPE
1861349,1992-01-14,246360.45,F,4-NOT SPECIFIED,Customer#000063854,FURNITURE,MOZAMBIQUE,AFRICA
2031649,1992-01-14,71151.24,F,5-LOW,Customer#000052123,AUTOMOBILE,UNITED STATES,AMERICA
2878883,1992-01-14,153046.90,F,4-NOT SPECIFIED,Customer#000047245,FURNITURE,BRAZIL,AMERICA
2932192,1992-01-14,59479.43,F,5-LOW,Customer#000033776,FURNITURE,EGYPT,MIDDLE EAST
2746370,1992-01-14,359180.90,F,2-HIGH,Customer#000145214,HOUSEHOLD,MOZAMBIQUE,AFRICA
2411621,1992-01-14,112615.60,F,1-URGENT,Customer#000099148,HOUSEHOLD,SAUDI ARABIA,MIDDLE EAST
2994400,1992-01-14,201831.65,F,3-MEDIUM,Customer#000057191,AUTOMOBILE,ROMANIA,EUROPE
2708577,1992-01-14,168300.04,F,3-MEDIUM,Customer#000118315,BUILDING,RUSSIA,EUROPE
2865126,1992-01-14,76744.22,F,1-URGENT,Customer#000091975,AUTOMOBILE,JORDAN,MIDDLE EAST
2501248,1992-01-14,27669.44,F,4-NOT SPECIFIED,Customer#000044128,HOUSEHOLD,IRAN,MIDDLE EAST
2661729,1992-01-14,205999.49,F,1-URGENT,Customer#000026824,AUTOMOBILE,JORDAN,MIDDLE EAST
2594208,1992-01-14,152634.56,F,2-HIGH,Customer#000116116,AUTOMOBILE,VIETNAM,ASIA
2606051,1992-01-14,16786.71,F,2-HIGH,Customer#000120718,FURNITURE,IRAN,MIDDLE EAST
2889830,1992-01-14,251472.18,F,2-HIGH,Customer#000009956,BUILDING,VIETNAM,ASIA
2811844,1992-01-14,123210.01,F,5-LOW,Customer#000081383,FURNITURE,BRAZIL,AMERICA
2687846,1992-01-14,152430.65,F,2-HIGH,Customer#000134927,MACHINERY,ARGENTINA,AMERICA
2750085,1992-01-14,180782.99,F,2-HIGH,Customer#000124720,MACHINERY,CANADA,AMERICA
2497666,1992-01-14,118647.42,F,4-NOT SPECIFIED,Customer#000032590,FURNITURE,KENYA,AFRICA
2853380,1992-01-14,300694.76,F,1-URGENT,Customer#000098222,AUTOMOBILE,UNITED STATES,AMERICA
2423046,1992-01-14,85644.22,F,2-HIGH,Customer#000078901,HOUSEHOLD,UNITED KINGDOM,EUROPE
2764449,1992-01-14,107647.49,F,4-NOT SPECIFIED,Customer#000109543,AUTOMOBILE,EGYPT,MIDDLE EAST
69280,1992-01-14,109614.67,F,4-NOT SPECIFIED,Customer#000139907,FURNITURE,FRANCE,EUROPE
487815,1992-01-14,149490.89,F,5-LOW,Customer#000092023,MACHINERY,MOZAMBIQUE,AFRICA
1831106,1992-01-14,143113.73,F,3-MEDIUM,Customer#000036526,BUILDING,MOZAMBIQUE,AFRICA
2900484,1992-01-14,89779.09,F,3-MEDIUM,Customer#000130349,HOUSEHOLD,INDONESIA,ASIA
2401797,1992-01-14,93126.11,F,1-URGENT,Customer#000132871,HOUSEHOLD,KENYA,AFRICA
2486503,1992-01-14,111111.14,F,4-NOT SPECIFIED,Customer#000011500,FURNITURE,PERU,AMERICA
2557350,1992-01-14,133177.32,F,4-NOT SPECIFIED,Customer#000126703,BUILDING,GERMANY,EUROPE
2408708,1992-01-14,39868.46,F,3-MEDIUM,Customer#000054815,AUTOMOBILE,KENYA,AFRICA
2586695,1992-01-14,55580.62,F,2-HIGH,Customer#000033886,MACHINERY,RUSSIA,EUROPE
2797763,1992-01-14,172348.11,F,1-URGENT,Customer#000055184,AUTOMOBILE,CANADA,AMERICA
2806017,1992-01-14,158294.84,F,4-NOT SPECIFIED,Customer#000020578,FURNITURE,INDONESIA,ASIA
2728484,1992-01-14,122773.34,F,4-NOT SPECIFIED,Customer#000052216,HOUSEHOLD,MOZAMBIQUE,AFRICA
2442145,1992-01-14,160628.93,F,1-URGENT,Customer#000080446,FURNITURE,SAUDI ARABIA,MIDDLE EAST
2823555,1992-01-14,72920.75,F,2-HIGH,Customer#000119398,AUTOMOBILE,GERMANY,EUROPE
2469218,1992-01-14,29057.13,F,2-HIGH,Customer#000111064,FURNITURE,JORDAN,MIDDLE EAST
2927522,1992-01-14,62874.91,F,5-LOW,Customer#000137090,AUTOMOBILE,MOROCCO,AFRICA
2743781,1992-01-14,180502.43,F,3-MEDIUM,Customer#000144385,FURNITURE,ALGERIA,AFRICA
2497187,1992-01-14,195707.61,F,3-MEDIUM,Customer#000120443,BUILDING,JAPAN,ASIA
2769317,1992-01-14,49956.28,F,5-LOW,Customer#000095110,AUTOMOBILE,ROMANIA,EUROPE
2835590,1992-01-14,272588.14,F,2-HIGH,Customer#000141059,MACHINERY,IRAN,MIDDLE EAST
2985189,1992-01-14,102539.20,F,5-LOW,Customer#000031781,MACHINERY,EGYPT,MIDDLE EAST
2861574,1992-01-14,140759.12,F,5-LOW,Customer#000037306,AUTOMOBILE,ETHIOPIA,AFRICA
2704678,1992-01-14,109181.91,F,2-HIGH,Customer#000141514,HOUSEHOLD,GERMANY,EUROPE
2426308,1992-01-14,253902.56,F,2-HIGH,Customer#000146104,BUILDING,MOROCCO,AFRICA
2400738,1992-01-14,277907.92,F,1-URGENT,Customer#000024091,MACHINERY,CHINA,ASIA
2449539,1992-01-14,203176.08,F,5-LOW,Customer#000082519,BUILDING,CHINA,ASIA
2435649,1992-01-14,227151.08,F,2-HIGH,Customer#000112469,HOUSEHOLD,MOZAMBIQUE,AFRICA
2493573,1992-01-14,22111.12,F,2-HIGH,Customer#000144047,AUTOMOBILE,IRAQ,MIDDLE EAST
2555175,1992-01-14,62272.10,F,2-HIGH,Customer#000067672,MACHINERY,INDIA,ASIA
2811207,1992-01-14,136266.82,F,4-NOT SPECIFIED,Customer#000117826,HOUSEHOLD,IRAQ,MIDDLE EAST
2943043,1992-01-14,128193.11,F,3-MEDIUM,Customer#000032725,AUTOMOBILE,UNITED STATES,AMERICA
2698722,1992-01-14,249393.97,F,4-NOT SPECIFIED,Customer#000123478,BUILDING,ETHIOPIA,AFRICA
2512451,1992-01-14,176163.58,F,2-HIGH,Customer#000010727,HOUSEHOLD,IRAN,MIDDLE EAST
2473699,1992-01-14,197799.10,F,2-HIGH,Customer#000008218,BUILDING,CHINA,ASIA
2534214,1992-01-14,44224.49,F,2-HIGH,Customer#000044165,MACHINERY,KENYA,AFRICA
2658499,1992-01-14,44699.98,F,3-MEDIUM,Customer#000118306,MACHINERY,MOROCCO,AFRICA
2462023,1992-01-14,188121.92,F,5-LOW,Customer#000051083,HOUSEHOLD,IRAQ,MIDDLE EAST
2744771,1992-01-14,175843.95,F,3-MEDIUM,Customer#000141118,MACHINERY,CANADA,AMERICA
2488002,1992-01-14,164322.26,F,2-HIGH,Customer#000015836,AUTOMOBILE,CHINA,ASIA
2636133,1992-01-14,158337.88,F,3-MEDIUM,Customer#000060044,FURNITURE,EGYPT,MIDDLE EAST
2844740,1992-01-14,120124.77,F,1-URGENT,Customer#000041588,FURNITURE,MOROCCO,AFRICA
2835399,1992-01-14,105304.43,F,1-URGENT,Customer#000050530,BUILDING,ETHIOPIA,AFRICA
2909153,1992-01-14,71905.90,F,5-LOW,Customer#000114181,AUTOMOBILE,VIETNAM,ASIA
2875526,1992-01-14,43567.45,F,5-LOW,Customer#000110555,BUILDING,ETHIOPIA,AFRICA
2556739,1992-01-14,148278.16,F,5-LOW,Customer#000067393,BUILDING,ROMANIA,EUROPE
2528422,1992-01-14,163935.32,F,3-MEDIUM,Customer#000038323,BUILDING,UNITED KINGDOM,EUROPE
2436739,1992-01-14,180947.01,F,1-URGENT,Customer#000016279,MACHINERY,CANADA,AMERICA
2562023,1992-01-14,263092.90,F,3-MEDIUM,Customer#000124424,MACHINERY,VIETNAM,ASIA
2485760,1992-01-14,274184.27,F,1-URGENT,Customer#000132299,HOUSEHOLD,INDONESIA,ASIA
2504135,1992-01-14,162133.41,F,3-MEDIUM,Customer#000113905,BUILDING,GERMANY,EUROPE
2918503,1992-01-14,170618.56,F,1-URGENT,Customer#000003931,FURNITURE,KENYA,AFRICA
209536,1992-01-14,162037.03,F,3-MEDIUM,Customer#000129997,HOUSEHOLD,UNITED STATES,AMERICA
2942309,1992-01-14,45207.74,F,3-MEDIUM,Customer#000024286,MACHINERY,ALGERIA,AFRICA
1496483,1992-01-14,89293.25,F,4-NOT SPECIFIED,Customer#000075532,MACHINERY,VIETNAM,ASIA
1430178,1992-01-14,7378.96,F,3-MEDIUM,Customer#000058411,FURNITURE,ARGENTINA,AMERICA
4066307,1992-01-14,151562.34,F,3-MEDIUM,Customer#000018061,FURNITURE,BRAZIL,AMERICA
4065314,1992-01-14,132890.25,F,5-LOW,Customer#000009358,BUILDING,UNITED KINGDOM,EUROPE
1392231,1992-01-14,171917.35,F,2-HIGH,Customer#000079999,FURNITURE,JAPAN,ASIA
1742502,1992-01-14,273557.67,F,2-HIGH,Customer#000075179,HOUSEHOLD,INDIA,ASIA
4036582,1992-01-14,34422.59,F,5-LOW,Customer#000006925,HOUSEHOLD,INDIA,ASIA
1251044,1992-01-14,14476.40,F,3-MEDIUM,Customer#000137378,AUTOMOBILE,ARGENTINA,AMERICA
1384133,1992-01-14,112816.78,F,3-MEDIUM,Customer#000143875,FURNITURE,PERU,AMERICA
4086245,1992-01-14,117553.28,F,4-NOT SPECIFIED,Customer#000143414,HOUSEHOLD,INDIA,ASIA
3869573,1992-01-14,90311.05,F,1-URGENT,Customer#000098584,HOUSEHOLD,IRAN,MIDDLE EAST
3923267,1992-01-14,21867.61,F,4-NOT SPECIFIED,Customer#000092816,HOUSEHOLD,GERMANY,EUROPE
3787303,1992-01-14,166366.23,F,4-NOT SPECIFIED,Customer#000008503,MACHINERY,JAPAN,ASIA
1579553,1992-01-14,201423.26,F,4-NOT SPECIFIED,Customer#000117880,HOUSEHOLD,ROMANIA,EUROPE
1466021,1992-01-14,293334.61,F,2-HIGH,Customer#000105658,AUTOMOBILE,SAUDI ARABIA,MIDDLE EAST
3881382,1992-01-14,88011.16,F,3-MEDIUM,Customer#000047173,FURNITURE,JAPAN,ASIA
1724709,1992-01-14,238821.85,F,3-MEDIUM,Customer#000066964,BUILDING,IRAQ,MIDDLE EAST
1455398,1992-01-14,138338.08,F,1-URGENT,Customer#000062449,BUILDING,IRAQ,MIDDLE EAST
1286374,1992-01-14,108068.17,F,1-URGENT,Customer#000077881,HOUSEHOLD,VIETNAM,ASIA
1771970,1992-01-14,294642.62,F,3-MEDIUM,Customer#000105373,HOUSEHOLD,INDIA,ASIA
4113030,1992-01-14,209586.08,F,4-NOT SPECIFIED,Customer#000143824,MACHINERY,IRAN,MIDDLE EAST
1448741,1992-01-14,119652.36,F,4-NOT SPECIFIED,Customer#000016333,AUTOMOBILE,IRAN,MIDDLE EAST
1410790,1992-01-14,135687.98,F,4-NOT SPECIFIED,Customer#000022495,FURNITURE,BRAZIL,AMERICA
3888163,1992-01-14,133379.21,F,1-URGENT,Customer#000075943,BUILDING,JORDAN,MIDDLE EAST
1383811,1992-01-14,282302.10,F,5-LOW,Customer#000105611,AUTOMOBILE,FRANCE,EUROPE
1346787,1992-01-14,279703.97,F,2-HIGH,Customer#000141733,HOUSEHOLD,UNITED KINGDOM,EUROPE
1264068,1992-01-14,35918.37,F,3-MEDIUM,Customer#000142027,BUILDING,PERU,AMERICA
1318659,1992-01-14,127887.31,F,4-NOT SPECIFIED,Customer#000056233,FURNITURE,ALGERIA,AFRICA
1518722,1992-01-14,86990.44,F,4-NOT SPECIFIED,Customer#000023612,BUILDING,MOZAMBIQUE,AFRICA
1447041,1992-01-14,43956.26,F,3-MEDIUM,Customer#000090919,AUTOMOBILE,FRANCE,EUROPE
4194054,1992-01-14,311766.19,F,1-URGENT,Customer#000098914,BUILDING,ARGENTINA,AMERICA
3915525,1992-01-14,219728.98,F,1-URGENT,Customer#000132565,HOUSEHOLD,ROMANIA,EUROPE
3846401,1992-01-14,330107.99,F,3-MEDIUM,Customer#000097972,MACHINERY,RUSSIA,EUROPE
3665318,1992-01-14,167223.13,F,2-HIGH,Customer#000147136,BUILDING,MOZAMBIQUE,AFRICA
3637191,1992-01-14,120951.63,F,5-LOW,Customer#000147542,MACHINERY,IRAQ,MIDDLE EAST
1317314,1992-01-14,273234.03,F,3-MEDIUM,Customer#000054109,BUILDING,VIETNAM,ASIA
1240065,1992-01-14,136791.61,F,5-LOW,Customer#000132167,MACHINERY,KENYA,AFRICA
1633156,1992-01-14,279294.75,F,5-LOW,Customer#000119512,FURNITURE,CHINA,ASIA
3873511,1992-01-14,137309.54,F,2-HIGH,Customer#000099575,MACHINERY,ALGERIA,AFRICA
1291809,1992-01-14,174673.49,F,4-NOT SPECIFIED,Customer#000097129,HOUSEHOLD,PERU,AMERICA
1302214,1992-01-14,263187.99,F,3-MEDIUM,Customer#000036332,BUILDING,JORDAN,MIDDLE EAST
1313283,1992-01-14,150919.62,F,5-LOW,Customer#000016510,AUTOMOBILE,PERU,AMERICA
1580999,1992-01-14,120711.47,F,3-MEDIUM,Customer#000059860,HOUSEHOLD,BRAZIL,AMERICA
1317253,1992-01-14,125630.98,F,4-NOT SPECIFIED,Customer#000064813,HOUSEHOLD,INDIA,ASIA
3879751,1992-01-14,150365.83,F,2-HIGH,Customer#000135679,FURNITURE,JORDAN,MIDDLE EAST
1302276,1992-01-14,227958.59,F,1-URGENT,Customer#000078764,AUTOMOBILE,CANADA,AMERICA
1306690,1992-01-14,229275.18,F,3-MEDIUM,Customer#000041780,MACHINERY,FRANCE,EUROPE
3849698,1992-01-14,125103.68,F,3-MEDIUM,Customer#000045070,AUTOMOBILE,INDONESIA,ASIA
1710853,1992-01-14,43033.69,F,3-MEDIUM,Customer#000139120,BUILDING,ALGERIA,AFRICA
1611685,1992-01-14,108120.85,F,2-HIGH,Customer#000127198,BUILDING,MOROCCO,AFRICA
4070439,1992-01-14,165506.74,F,1-URGENT,Customer#000005531,BUILDING,CANADA,AMERICA
2929927,1992-01-14,247531.98,F,4-NOT SPECIFIED,Customer#000120149,AUTOMOBILE,PERU,AMERICA
1339398,1992-01-14,312588.07,F,4-NOT SPECIFIED,Customer#000038479,BUILDING,JAPAN,ASIA
1223204,1992-01-14,340634.79,F,3-MEDIUM,Customer#000054467,MACHINERY,SAUDI ARABIA,MIDDLE EAST
4072963,1992-01-14,137652.88,F,3-MEDIUM,Customer#000081109,AUTOMOBILE,SAUDI ARABIA,MIDDLE EAST
1126435,1992-01-14,156159.34,F,3-MEDIUM,Customer#000096286,HOUSEHOLD,ARGENTINA,AMERICA
5048551,1992-01-14,238667.30,F,1-URGENT,Customer#000058555,AUTOMOBILE,INDONESIA,ASIA
5531041,1992-01-14,384712.57,F,1-URGENT,Customer#000105802,MACHINERY,MOZAMBIQUE,AFRICA
5513252,1992-01-14,60886.46,F,2-HIGH,Customer#000079382,FURNITURE,UNITED STATES,AMERICA
5579554,1992-01-14,153294.16,F,5-LOW,Customer#000010051,BUILDING,IRAQ,MIDDLE EAST
5107431,1992-01-14,154706.38,F,1-URGENT,Customer#000044032,BUILDING,SAUDI ARABIA,MIDDLE EAST
5534022,1992-01-14,44966.63,F,3-MEDIUM,Customer#000126568,AUTOMOBILE,UNITED KINGDOM,EUROPE
5167107,1992-01-14,81107.57,F,3-MEDIUM,Customer#000008638,BUILDING,RUSSIA,EUROPE
5324358,1992-01-14,66527.48,F,2-HIGH,Customer#000080671,FURNITURE,ALGERIA,AFRICA
5956002,1992-01-14,7333.53,F,5-LOW,Customer#000069989,BUILDING,CANADA,AMERICA
5318848,1992-01-14,89196.71,F,1-URGENT,Customer#000062564,BUILDING,CHINA,ASIA
5710082,1992-01-14,87902.12,F,1-URGENT,Customer#000067078,HOUSEHOLD,ROMANIA,EUROPE
5407302,1992-01-14,206989.04,F,2-HIGH,Customer#000023359,FURNITURE,FRANCE,EUROPE
4964453,1992-01-14,208829.67,F,3-MEDIUM,Customer#000145054,BUILDING,EGYPT,MIDDLE EAST
5763428,1992-01-14,295644.12,F,2-HIGH,Customer#000048781,MACHINERY,FRANCE,EUROPE
4832896,1992-01-14,169019.61,F,5-LOW,Customer#000016745,AUTOMOBILE,KENYA,AFRICA
5589444,1992-01-14,274595.74,F,5-LOW,Customer#000103267,FURNITURE,PERU,AMERICA
5906177,1992-01-14,52411.77,F,1-URGENT,Customer#000119560,HOUSEHOLD,ARGENTINA,AMERICA
5414759,1992-01-14,105818.49,F,1-URGENT,Customer#000051233,HOUSEHOLD,PERU,AMERICA
5159138,1992-01-14,115966.71,F,5-LOW,Customer#000052745,BUILDING,EGYPT,MIDDLE EAST
5131399,1992-01-14,193491.99,F,2-HIGH,Customer#000072335,AUTOMOBILE,CHINA,ASIA
5208928,1992-01-14,126041.71,F,1-URGENT,Customer#000040123,AUTOMOBILE,PERU,AMERICA
5241189,1992-01-14,153036.21,F,2-HIGH,Customer#000026101,FURNITURE,CHINA,ASIA
4842437,1992-01-14,272357.77,F,1-URGENT,Customer#000082975,MACHINERY,PERU,AMERICA
5682403,1992-01-14,182408.69,F,5-LOW,Customer#000062524,FURNITURE,SAUDI ARABIA,MIDDLE EAST
5494945,1992-01-14,42786.81,F,3-MEDIUM,Customer#000087850,HOUSEHOLD,RUSSIA,EUROPE
5636737,1992-01-14,163638.98,F,3-MEDIUM,Customer#000128623,BUILDING,ETHIOPIA,AFRICA
5275782,1992-01-14,108682.32,F,3-MEDIUM,Customer#000003454,FURNITURE,JORDAN,MIDDLE EAST
5089859,1992-01-14,25269.60,F,3-MEDIUM,Customer#000039551,BUILDING,EGYPT,MIDDLE EAST
5726886,1992-01-14,5223.86,F,3-MEDIUM,Customer#000040279,FURNITURE,SAUDI ARABIA,MIDDLE EAST
5951744,1992-01-14,253512.04,F,5-LOW,Customer#000136877,HOUSEHOLD,CANADA,AMERICA
5166596,1992-01-14,92072.64,F,3-MEDIUM,Customer#000047162,HOUSEHOLD,BRAZIL,AMERICA
5302561,1992-01-14,240689.99,F,2-HIGH,Customer#000035143,BUILDING,JAPAN,ASIA
5384197,1992-01-14,94527.66,F,5-LOW,Customer#000000307,FURNITURE,JORDAN,MIDDLE EAST
5715845,1992-01-14,68701.67,F,3-MEDIUM,Customer#000050380,BUILDING,EGYPT,MIDDLE EAST
5014054,1992-01-14,197119.97,F,3-MEDIUM,Customer#000025844,MACHINERY,FRANCE,EUROPE
5434470,1992-01-14,38601.54,F,5-LOW,Customer#000139469,BUILDING,EGYPT,MIDDLE EAST
4865952,1992-01-14,60246.58,F,5-LOW,Customer#000076111,AUTOMOBILE,CHINA,ASIA
5171106,1992-01-14,70914.04,F,2-HIGH,Customer#000132265,AUTOMOBILE,PERU,AMERICA
1055969,1992-01-14,98023.23,F,1-URGENT,Customer#000099334,BUILDING,INDONESIA,ASIA
1113222,1992-01-14,80030.61,F,2-HIGH,Customer#000034459,AUTOMOBILE,ALGERIA,AFRICA
5151266,1992-01-14,111760.96,F,4-NOT SPECIFIED,Customer#000059704,AUTOMOBILE,RUSSIA,EUROPE
5685447,1992-01-14,221308.61,F,5-LOW,Customer#000098461,HOUSEHOLD,UNITED KINGDOM,EUROPE
1060359,1992-01-14,223303.38,F,1-URGENT,Customer#000044302,HOUSEHOLD,ALGERIA,AFRICA
5384391,1992-01-14,230387.88,F,2-HIGH,Customer#000014588,BUILDING,ALGERIA,AFRICA
5176483,1992-01-14,272164.05,F,5-LOW,Customer#000117910,MACHINERY,SAUDI ARABIA,MIDDLE EAST
5939042,1992-01-14,154004.36,F,5-LOW,Customer#000067358,HOUSEHOLD,CANADA,AMERICA
5175620,1992-01-14,146105.08,F,4-NOT SPECIFIED,Customer#000030559,FURNITURE,FRANCE,EUROPE
890021,1992-01-14,289102.65,F,2-HIGH,Customer#000060787,HOUSEHOLD,INDONESIA,ASIA
5986502,1992-01-14,192227.90,F,4-NOT SPECIFIED,Customer#000139933,BUILDING,CHINA,ASIA
5558402,1992-01-14,21080.18,F,3-MEDIUM,Customer#000069043,MACHINERY,CHINA,ASIA
5192997,1992-01-14,224240.86,F,1-URGENT,Customer#000095237,BUILDING,FRANCE,EUROPE
5226752,1992-01-14,141340.36,F,2-HIGH,Customer#000089398,HOUSEHOLD,MOROCCO,AFRICA
5706949,1992-01-14,281418.66,F,2-HIGH,Customer#000148136,HOUSEHOLD,CHINA,ASIA
866980,1992-01-14,162744.26,F,4-NOT SPECIFIED,Customer#000106699,AUTOMOBILE,UNITED KINGDOM,EUROPE
1095586,1992-01-14,149990.67,F,5-LOW,Customer#000133802,FURNITURE,BRAZIL,AMERICA
5741924,1992-01-14,152747.80,F,4-NOT SPECIFIED,Customer#000140245,AUTOMOBILE,ROMANIA,EUROPE
5487042,1992-01-14,53259.27,F,5-LOW,Customer#000044830,MACHINERY,INDONESIA,ASIA
841862,1992-01-14,162383.43,F,4-NOT SPECIFIED,Customer#000032350,BUILDING,RUSSIA,EUROPE
5297315,1992-01-14,96316.42,F,1-URGENT,Customer#000016217,FURNITURE,JAPAN,ASIA
5563072,1992-01-14,265256.80,F,2-HIGH,Customer#000097442,HOUSEHOLD,ARGENTINA,AMERICA
951296,1992-01-14,97619.06,F,4-NOT SPECIFIED,Customer#000103720,BUILDING,IRAQ,MIDDLE EAST
5381153,1992-01-14,82853.09,F,5-LOW,Customer#000106010,HOUSEHOLD,ALGERIA,AFRICA
1123939,1992-01-14,59844.95,F,3-MEDIUM,Customer#000088324,HOUSEHOLD,INDIA,ASIA
4909701,1992-01-14,22731.62,F,4-NOT SPECIFIED,Customer#000081209,MACHINERY,ARGENTINA,AMERICA
854118,1992-01-14,244070.57,F,3-MEDIUM,Customer#000039289,FURNITURE,CANADA,AMERICA
4850659,1992-01-14,70778.78,F,3-MEDIUM,Customer#000050720,MACHINERY,KENYA,AFRICA
5110375,1992-01-14,216703.95,F,4-NOT SPECIFIED,Customer#000088199,AUTOMOBILE,MOZAMBIQUE,AFRICA
5733889,1992-01-14,47345.05,F,1-URGENT,Customer#000072487,FURNITURE,IRAN,MIDDLE EAST
616359,1992-01-14,60931.91,F,2-HIGH,Customer#000047647,BUILDING,ETHIOPIA,AFRICA
5180260,1992-01-14,94740.15,F,4-NOT SPECIFIED,Customer#000066805,BUILDING,ROMANIA,EUROPE
792577,1992-01-14,324374.80,F,1-URGENT,Customer#000125653,AUTOMOBILE,CANADA,AMERICA
5609505,1992-01-14,226600.20,F,3-MEDIUM,Customer#000038920,HOUSEHOLD,IRAN,MIDDLE EAST
4951747,1992-01-14,242060.73,F,4-NOT SPECIFIED,Customer#000076579,AUTOMOBILE,RUSSIA,EUROPE
5875494,1992-01-14,78679.48,F,2-HIGH,Customer#000045076,BUILDING,IRAN,MIDDLE EAST
5077667,1992-01-14,290370.52,F,2-HIGH,Customer#000146119,BUILDING,EGYPT,MIDDLE EAST
960835,1992-01-14,185571.87,F,4-NOT SPECIFIED,Customer#000068777,BUILDING,ARGENTINA,AMERICA
5957031,1992-01-14,218587.43,F,4-NOT SPECIFIED,Customer#000119845,MACHINERY,MOROCCO,AFRICA
1087716,1992-01-14,33710.36,F,4-NOT SPECIFIED,Customer#000045515,HOUSEHOLD,INDONESIA,ASIA
5631526,1992-01-14,321375.77,F,4-NOT SPECIFIED,Customer#000138362,HOUSEHOLD,SAUDI ARABIA,MIDDLE EAST
5000964,1992-01-14,225577.43,F,1-URGENT,Customer#000003041,HOUSEHOLD,MOZAMBIQUE,AFRICA
941255,1992-01-14,88735.81,F,3-MEDIUM,Customer#000121711,HOUSEHOLD,ARGENTINA,AMERICA
5186754,1992-01-14,272400.21,F,2-HIGH,Customer#000086098,FURNITURE,ARGENTINA,AMERICA
5692295,1992-01-14,285017.96,F,5-LOW,Customer#000146257,HOUSEHOLD,FRANCE,EUROPE
4963174,1992-01-14,109120.11,F,2-HIGH,Customer#000010552,FURNITURE,BRAZIL,AMERICA
5185441,1992-01-14,180731.26,F,4-NOT SPECIFIED,Customer#000003832,HOUSEHOLD,ARGENTINA,AMERICA
657893,1992-01-14,290109.02,F,5-LOW,Customer#000087976,FURNITURE,SAUDI ARABIA,MIDDLE EAST
5283205,1992-01-14,250296.73,F,4-NOT SPECIFIED,Customer#000110338,AUTOMOBILE,ALGERIA,AFRICA
621287,1992-01-14,124097.60,F,1-URGENT,Customer#000019276,FURNITURE,IRAN,MIDDLE EAST
5555620,1992-01-14,172515.73,F,4-NOT SPECIFIED,Customer#000002867,AUTOMOBILE,CHINA,ASIA
840901,1992-01-14,37634.46,F,3-MEDIUM,Customer#000056581,AUTOMOBILE,BRAZIL,AMERICA
4880835,1992-01-14,50826.22,F,1-URGENT,Customer#000097544,FURNITURE,INDIA,ASIA
5189505,1992-01-14,353204.79,F,3-MEDIUM,Customer#000065449,MACHINERY,JORDAN,MIDDLE EAST
790401,1992-01-14,123311.52,F,2-HIGH,Customer#000110059,AUTOMOBILE,BRAZIL,AMERICA
5025248,1992-01-14,238360.82,F,5-LOW,Customer#000085550,MACHINERY,KENYA,AFRICA
777376,1992-01-14,254460.02,F,2-HIGH,Customer#000104158,MACHINERY,RUSSIA,EUROPE
4923302,1992-01-14,286039.76,F,4-NOT SPECIFIED,Customer#000001988,AUTOMOBILE,INDONESIA,ASIA
4967169,1992-01-14,207613.09,F,5-LOW,Customer#000044287,HOUSEHOLD,INDONESIA,ASIA
5944710,1992-01-14,295873.94,F,3-MEDIUM,Customer#000006866,MACHINERY,FRANCE,EUROPE
992548,1992-01-14,274712.51,F,2-HIGH,Customer#000124885,FURNITURE,IRAN,MIDDLE EAST
5781636,1992-01-14,36201.58,F,2-HIGH,Customer#000051514,HOUSEHOLD,IRAQ,MIDDLE EAST
955489,1992-01-14,17820.65,F,2-HIGH,Customer#000053669,HOUSEHOLD,ROMANIA,EUROPE
5799746,1992-01-14,31999.61,F,5-LOW,Customer#000145054,BUILDING,EGYPT,MIDDLE EAST
731239,1992-01-14,112668.88,F,5-LOW,Customer#000095551,BUILDING,INDONESIA,ASIA
5400643,1992-01-14,240592.65,F,5-LOW,Customer#000116920,AUTOMOBILE,UNITED STATES,AMERICA
1062502,1992-01-14,3875.86,F,3-MEDIUM,Customer#000083306,HOUSEHOLD,IRAN,MIDDLE EAST
1136485,1992-01-14,119443.57,F,3-MEDIUM,Customer#000038677,MACHINERY,MOZAMBIQUE,AFRICA
5261830,1992-01-14,253464.66,F,1-URGENT,Customer#000093665,AUTOMOBILE,UNITED STATES,AMERICA
5593027,1992-01-14,193343.14,F,2-HIGH,Customer#000131983,AUTOMOBILE,PERU,AMERICA
5976838,1992-01-14,254437.29,F,2-HIGH,Customer#000028846,FURNITURE,ALGERIA,AFRICA
5296321,1992-01-14,162005.37,F,5-LOW,Customer#000132224,MACHINERY,INDIA,ASIA
5723396,1992-01-14,186235.64,F,2-HIGH,Customer#000098086,MACHINERY,RUSSIA,EUROPE
5998532,1992-01-14,210541.62,F,4-NOT SPECIFIED,Customer#000140269,AUTOMOBILE,ARGENTINA,AMERICA
961058,1992-01-14,239102.73,F,3-MEDIUM,Customer#000011365,AUTOMOBILE,ALGERIA,AFRICA
5339495,1992-01-14,150726.63,F,5-LOW,Customer#000142771,BUILDING,UNITED STATES,AMERICA
958816,1992-01-14,83535.69,F,4-NOT SPECIFIED,Customer#000009187,MACHINERY,PERU,AMERICA
5064482,1992-01-14,115091.29,F,3-MEDIUM,Customer#000031636,AUTOMOBILE,JORDAN,MIDDLE EAST
5097092,1992-01-14,129233.40,F,2-HIGH,Customer#000066428,MACHINERY,EGYPT,MIDDLE EAST
5613728,1992-01-14,64886.63,F,4-NOT SPECIFIED,Customer#000096547,AUTOMOBILE,MOZAMBIQUE,AFRICA
581763,1992-01-14,87943.95,F,4-NOT SPECIFIED,Customer#000070147,MACHINERY,CANADA,AMERICA
1017543,1992-01-14,17914.55,F,5-LOW,Customer#000123580,FURNITURE,MOROCCO,AFRICA
5333159,1992-01-14,75234.05,F,3-MEDIUM,Customer#000087065,BUILDING,CANADA,AMERICA
313124,1992-01-14,43398.75,F,5-LOW,Customer#000068323,BUILDING,IRAN,MIDDLE EAST
750694,1992-01-14,33686.59,F,2-HIGH,Customer#000065531,MACHINERY,UNITED KINGDOM,EUROPE
4882433,1992-01-14,122759.87,F,3-MEDIUM,Customer#000131237,BUILDING,JAPAN,ASIA
5913796,1992-01-14,146013.67,F,3-MEDIUM,Customer#000119968,HOUSEHOLD,JAPAN,ASIA
156160,1992-01-14,341786.84,F,5-LOW,Customer#000036055,BUILDING,UNITED STATES,AMERICA
700037,1992-01-14,118643.15,F,4-NOT SPECIFIED,Customer#000004196,HOUSEHOLD,JAPAN,ASIA
6501,1992-01-14,172701.93,F,2-HIGH,Customer#000003248,MACHINERY,CANADA,AMERICA
5949410,1992-01-14,72595.47,F,1-URGENT,Customer#000143453,BUILDING,PERU,AMERICA
588870,1992-01-14,153421.49,F,2-HIGH,Customer#000100741,BUILDING,FRANCE,EUROPE
5571526,1992-01-14,296961.53,F,3-MEDIUM,Customer#000050824,MACHINERY,FRANCE,EUROPE
995168,1992-01-14,124556.68,F,2-HIGH,Customer#000029612,AUTOMOBILE,SAUDI ARABIA,MIDDLE EAST
337350,1992-01-14,131339.16,F,1-URGENT,Customer#000091142,AUTOMOBILE,UNITED KINGDOM,EUROPE
1011649,1992-01-14,127976.87,F,1-URGENT,Customer#000066847,AUTOMOBILE,VIETNAM,ASIA
374208,1992-01-14,144664.85,F,4-NOT SPECIFIED,Customer#000111145,MACHINERY,KENYA,AFRICA
1060291,1992-01-14,109450.05,F,3-MEDIUM,Customer#000099836,FURNITURE,SAUDI ARABIA,MIDDLE EAST
280129,1992-01-14,461199.77,F,1-URGENT,Customer#000039796,FURNITURE,UNITED KINGDOM,EUROPE
4990564,1992-01-14,268920.05,F,3-MEDIUM,Customer#000086815,AUTOMOBILE,CANADA,AMERICA
1140450,1992-01-14,152996.53,F,1-URGENT,Customer#000099685,AUTOMOBILE,MOZAMBIQUE,AFRICA
3860582,1992-01-14,79338.81,F,1-URGENT,Customer#000024650,AUTOMOBILE,CHINA,ASIA
723776,1992-01-14,85577.67,F,3-MEDIUM,Customer#000081787,AUTOMOBILE,UNITED KINGDOM,EUROPE
262563,1992-01-14,31750.27,F,5-LOW,Customer#000052120,HOUSEHOLD,GERMANY,EUROPE
1279363,1992-01-14,97257.58,F,2-HIGH,Customer#000068281,BUILDING,PERU,AMERICA
1253063,1992-01-14,193074.83,F,3-MEDIUM,Customer#000021106,FURNITURE,IRAQ,MIDDLE EAST
3894496,1992-01-14,15164.02,F,1-URGENT,Customer#000022661,MACHINERY,ALGERIA,AFRICA
4066337,1992-01-14,198827.73,F,1-URGENT,Customer#000128686,HOUSEHOLD,BRAZIL,AMERICA
3870183,1992-01-14,195763.64,F,2-HIGH,Customer#000147725,AUTOMOBILE,INDIA,ASIA
1367783,1992-01-14,162811.99,F,2-HIGH,Customer#000000467,MACHINERY,IRAQ,MIDDLE EAST
1694180,1992-01-14,36138.05,F,1-URGENT,Customer#000082126,MACHINERY,INDIA,ASIA
1297153,1992-01-14,218889.14,F,4-NOT SPECIFIED,Customer#000093530,BUILDING,MOROCCO,AFRICA
3918754,1992-01-14,74475.73,F,5-LOW,Customer#000029527,AUTOMOBILE,BRAZIL,AMERICA
4198724,1992-01-14,204679.97,F,3-MEDIUM,Customer#000146399,MACHINERY,INDIA,ASIA
1736965,1992-01-14,328936.57,F,2-HIGH,Customer#000132404,MACHINERY,BRAZIL,AMERICA
3605442,1992-01-14,103069.04,F,5-LOW,Customer#000046768,FURNITURE,INDONESIA,ASIA
3639809,1992-01-14,172767.08,F,4-NOT SPECIFIED,Customer#000025790,FURNITURE,CANADA,AMERICA
3904961,1992-01-14,41553.83,F,5-LOW,Customer#000148844,HOUSEHOLD,RUSSIA,EUROPE
1378657,1992-01-14,210613.79,F,2-HIGH,Customer#000123592,MACHINERY,KENYA,AFRICA
945799,1992-01-14,105175.00,F,4-NOT SPECIFIED,Customer#000022987,BUILDING,JORDAN,MIDDLE EAST
5637959,1992-01-14,57109.81,F,4-NOT SPECIFIED,Customer#000053942,AUTOMOBILE,CHINA,ASIA
4138630,1992-01-14,93146.15,F,1-URGENT,Customer#000137728,BUILDING,KENYA,AFRICA
3944903,1992-01-14,76498.86,F,1-URGENT,Customer#000146911,BUILDING,IRAQ,MIDDLE EAST
1398534,1992-01-14,101557.57,F,3-MEDIUM,Customer#000048926,MACHINERY,KENYA,AFRICA
1019745,1992-01-14,277796.57,F,2-HIGH,Customer#000088549,HOUSEHOLD,UNITED STATES,AMERICA
1753280,1992-01-14,98275.19,F,4-NOT SPECIFIED,Customer#000144244,BUILDING,JAPAN,ASIA
1390756,1992-01-14,254981.32,F,1-URGENT,Customer#000094318,BUILDING,FRANCE,EUROPE
4829444,1992-01-14,326142.54,F,5-LOW,Customer#000040303,MACHINERY,IRAN,MIDDLE EAST
1741092,1992-01-14,341810.61,F,1-URGENT,Customer#000043510,AUTOMOBILE,ARGENTINA,AMERICA
3845412,1992-01-14,120451.57,F,4-NOT SPECIFIED,Customer#000038725,FURNITURE,INDIA,ASIA
3697024,1992-01-14,62325.66,F,3-MEDIUM,Customer#000056827,MACHINERY,ARGENTINA,AMERICA
1435943,1992-01-14,69254.09,F,4-NOT SPECIFIED,Customer#000097675,FURNITURE,GERMANY,EUROPE
697638,1992-01-14,225230.83,F,1-URGENT,Customer#000032293,MACHINERY,INDONESIA,ASIA
4092580,1992-01-14,197519.79,F,1-URGENT,Customer#000070727,AUTOMOBILE,ARGENTINA,AMERICA
1679684,1992-01-14,17007.83,F,4-NOT SPECIFIED,Customer#000080489,AUTOMOBILE,IRAQ,MIDDLE EAST
3626791,1992-01-14,98094.09,F,2-HIGH,Customer#000059143,MACHINERY,CHINA,ASIA
4181830,1992-01-14,41236.43,F,1-URGENT,Customer#000029029,AUTOMOBILE,EGYPT,MIDDLE EAST
4011649,1992-01-14,208852.31,F,4-NOT SPECIFIED,Customer#000004258,BUILDING,UNITED KINGDOM,EUROPE
1536102,1992-01-14,160657.14,F,2-HIGH,Customer#000091831,MACHINERY,INDONESIA,ASIA
1418242,1992-01-14,95191.40,F,1-URGENT,Customer#000019192,FURNITURE,IRAQ,MIDDLE EAST
1004423,1992-01-14,295346.06,F,1-URGENT,Customer#000054982,FURNITURE,VIETNAM,ASIA
1090533,1992-01-14,153718.36,F,1-URGENT,Customer#000067762,BUILDING,VIETNAM,ASIA
645376,1992-01-14,5451.65,F,1-URGENT,Customer#000035194,BUILDING,RUSSIA,EUROPE
3602694,1992-01-14,53194.56,F,4-NOT SPECIFIED,Customer#000017329,AUTOMOBILE,UNITED KINGDOM,EUROPE
678338,1992-01-14,27968.22,F,1-URGENT,Customer#000133661,AUTOMOBILE,UNITED STATES,AMERICA
912352,1992-01-14,138026.40,F,1-URGENT,Customer#000073249,FURNITURE,MOROCCO,AFRICA
3827299,1992-01-14,241491.86,F,3-MEDIUM,Customer#000040909,FURNITURE,MOZAMBIQUE,AFRICA
797152,1992-01-14,59880.66,F,2-HIGH,Customer#000099817,MACHINERY,MOROCCO,AFRICA
841923,1992-01-14,271544.67,F,4-NOT SPECIFIED,Customer#000095284,FURNITURE,UNITED STATES,AMERICA
1055617,1992-01-14,10436.92,F,3-MEDIUM,Customer#000113539,MACHINERY,UNITED KINGDOM,EUROPE
824707,1992-01-14,95642.74,F,5-LOW,Customer#000016405,BUILDING,SAUDI ARABIA,MIDDLE EAST
863207,1992-01-14,134681.98,F,5-LOW,Customer#000032074,MACHINERY,ALGERIA,AFRICA
1099426,1992-01-14,88365.29,F,4-NOT SPECIFIED,Customer#000078898,MACHINERY,KENYA,AFRICA
1137255,1992-01-14,130361.47,F,2-HIGH,Customer#000040991,BUILDING,FRANCE,EUROPE
679521,1992-01-14,87097.85,F,2-HIGH,Customer#000091438,BUILDING,BRAZIL,AMERICA
1419174,1992-01-14,241875.39,F,4-NOT SPECIFIED,Customer#000102541,BUILDING,INDIA,ASIA
1068359,1992-01-14,192437.13,F,5-LOW,Customer#000038422,FURNITURE,EGYPT,MIDDLE EAST
994436,1992-01-14,14520.23,F,4-NOT SPECIFIED,Customer#000107882,BUILDING,ALGERIA,AFRICA
976195,1992-01-14,77408.01,F,2-HIGH,Customer#000100354,BUILDING,MOZAMBIQUE,AFRICA
679553,1992-01-14,85994.46,F,5-LOW,Customer#000078793,FURNITURE,SAUDI ARABIA,MIDDLE EAST
739012,1992-01-14,68571.87,F,5-LOW,Customer#000073783,MACHINERY,MOROCCO,AFRICA
666720,1992-01-14,279579.25,F,4-NOT SPECIFIED,Customer#000139852,AUTOMOBILE,IRAQ,MIDDLE EAST
1110851,1992-01-14,48862.50,F,3-MEDIUM,Customer#000090544,FURNITURE,MOROCCO,AFRICA
962855,1992-01-14,7993.25,F,4-NOT SPECIFIED,Customer#000060409,BUILDING,JORDAN,MIDDLE EAST
1116129,1992-01-14,231274.96,F,2-HIGH,Customer#000093343,FURNITURE,PERU,AMERICA
844482,1992-01-14,221945.79,F,5-LOW,Customer#000067114,AUTOMOBILE,KENYA,AFRICA
898242,1992-01-14,338531.33,F,1-URGENT,Customer#000049399,BUILDING,UNITED STATES,AMERICA
972709,1992-01-14,205175.31,F,2-HIGH,Customer#000057280,AUTOMOBILE,CHINA,ASIA
5137024,1992-01-14,229952.39,F,3-MEDIUM,Customer#000129620,BUILDING,CANADA,AMERICA
3520708,1992-01-14,104658.41,F,3-MEDIUM,Customer#000108433,AUTOMOBILE,INDIA,ASIA
3710208,1992-01-14,191673.53,F,4-NOT SPECIFIED,Customer#000006589,HOUSEHOLD,BRAZIL,AMERICA
1532226,1992-01-14,81637.22,F,4-NOT SPECIFIED,Customer#000013570,MACHINERY,IRAN,MIDDLE EAST
4003909,1992-01-14,202261.50,F,1-URGENT,Customer#000040394,FURNITURE,FRANCE,EUROPE
1469221,1992-01-14,59844.75,F,5-LOW,Customer#000114988,FURNITURE,INDIA,ASIA
1300134,1992-01-14,48132.45,F,5-LOW,Customer#000029494,AUTOMOBILE,IRAQ,MIDDLE EAST
3785985,1992-01-14,144904.90,F,1-URGENT,Customer#000026005,HOUSEHOLD,FRANCE,EUROPE
1638467,1992-01-14,127747.91,F,5-LOW,Customer#000037426,HOUSEHOLD,MOZAMBIQUE,AFRICA
3416487,1992-01-14,220515.18,F,3-MEDIUM,Customer#000120154,AUTOMOBILE,ALGERIA,AFRICA
3731206,1992-01-14,413051.31,F,3-MEDIUM,Customer#000087640,FURNITURE,RUSSIA,EUROPE
3720678,1992-01-14,153137.27,F,3-MEDIUM,Customer#000139576,MACHINERY,IRAN,MIDDLE EAST
1227043,1992-01-14,97470.68,F,2-HIGH,Customer#000122530,FURNITURE,EGYPT,MIDDLE EAST
1794660,1992-01-14,137759.85,F,2-HIGH,Customer#000140251,FURNITURE,SAUDI ARABIA,MIDDLE EAST
1252005,1992-01-14,287241.12,F,4-NOT SPECIFIED,Customer#000000034,HOUSEHOLD,MOROCCO,AFRICA
1693890,1992-01-14,74713.95,F,2-HIGH,Customer#000066394,FURNITURE,EGYPT,MIDDLE EAST
3765664,1992-01-14,294749.09,F,1-URGENT,Customer#000117850,BUILDING,IRAN,MIDDLE EAST
3070469,1992-01-14,263730.54,F,2-HIGH,Customer#000017710,FURNITURE,UNITED KINGDOM,EUROPE
3639650,1992-01-14,237755.39,F,2-HIGH,Customer#000148549,AUTOMOBILE,UNITED STATES,AMERICA
3227047,1992-01-14,261143.71,F,5-LOW,Customer#000103982,FURNITURE,ETHIOPIA,AFRICA
4058689,1992-01-14,250833.87,F,2-HIGH,Customer#000056860,HOUSEHOLD,IRAN,MIDDLE EAST
4119462,1992-01-14,204595.17,F,4-NOT SPECIFIED,Customer#000081322,MACHINERY,CHINA,ASIA
1686083,1992-01-14,105939.51,F,5-LOW,Customer#000054091,BUILDING,SAUDI ARABIA,MIDDLE EAST
1664580,1992-01-14,219730.24,F,3-MEDIUM,Customer#000025340,FURNITURE,PERU,AMERICA
1507203,1992-01-14,50233.62,F,3-MEDIUM,Customer#000105791,AUTOMOBILE,RUSSIA,EUROPE
4041667,1992-01-14,55681.26,F,2-HIGH,Customer#000048313,AUTOMOBILE,SAUDI ARABIA,MIDDLE EAST
1541955,1992-01-14,123449.60,F,2-HIGH,Customer#000102793,FURNITURE,BRAZIL,AMERICA
3800738,1992-01-14,97731.79,F,5-LOW,Customer#000149722,HOUSEHOLD,UNITED STATES,AMERICA
4092583,1992-01-14,158861.62,F,3-MEDIUM,Customer#000116233,BUILDING,SAUDI ARABIA,MIDDLE EAST
1356864,1992-01-14,132465.13,F,4-NOT SPECIFIED,Customer#000037333,BUILDING,BRAZIL,AMERICA
1750533,1992-01-14,211524.86,F,1-URGENT,Customer#000128474,MACHINERY,IRAN,MIDDLE EAST
3584007,1992-01-14,175376.49,F,4-NOT SPECIFIED,Customer#000117490,MACHINERY,BRAZIL,AMERICA
457414,1992-01-14,10886.78,F,2-HIGH,Customer#000042998,AUTOMOBILE,GERMANY,EUROPE
3153445,1992-01-14,21531.08,F,2-HIGH,Customer#000127054,AUTOMOBILE,MOROCCO,AFRICA
3364545,1992-01-14,60829.15,F,1-URGENT,Customer#000030586,HOUSEHOLD,GERMANY,EUROPE
544421,1992-01-14,50720.97,F,3-MEDIUM,Customer#000010249,HOUSEHOLD,ETHIOPIA,AFRICA
382786,1992-01-14,153195.58,F,1-URGENT,Customer#000042076,BUILDING,RUSSIA,EUROPE
48326,1992-01-14,62159.25,F,4-NOT SPECIFIED,Customer#000149890,AUTOMOBILE,UNITED STATES,AMERICA
4983620,1992-01-14,175151.72,F,3-MEDIUM,Customer#000086164,MACHINERY,VIETNAM,ASIA
4801954,1992-01-14,107911.97,F,4-NOT SPECIFIED,Customer#000050971,AUTOMOBILE,MOZAMBIQUE,AFRICA
507687,1992-01-14,291357.49,F,4-NOT SPECIFIED,Customer#000114422,AUTOMOBILE,UNITED KINGDOM,EUROPE
5256800,1992-01-14,80013.70,F,3-MEDIUM,Customer#000052106,HOUSEHOLD,ETHIOPIA,AFRICA
5114471,1992-01-14,23459.47,F,2-HIGH,Customer#000070462,BUILDING,BRAZIL,AMERICA
5591203,1992-01-14,10743.34,F,1-URGENT,Customer#000136354,BUILDING,IRAQ,MIDDLE EAST
5548194,1992-01-14,132399.39,F,5-LOW,Customer#000045460,HOUSEHOLD,CHINA,ASIA
4997697,1992-01-14,274803.12,F,1-URGENT,Customer#000024757,AUTOMOBILE,GERMANY,EUROPE
477830,1992-01-14,25416.26,F,1-URGENT,Customer#000124969,MACHINERY,UNITED KINGDOM,EUROPE
5600326,1992-01-14,234572.35,F,2-HIGH,Customer#000084899,HOUSEHOLD,EGYPT,MIDDLE EAST
4938721,1992-01-14,77442.64,F,4-NOT SPECIFIED,Customer#000120169,HOUSEHOLD,GERMANY,EUROPE
172928,1992-01-14,69101.70,F,4-NOT SPECIFIED,Customer#000104851,BUILDING,ETHIOPIA,AFRICA
5806214,1992-01-14,66338.42,F,3-MEDIUM,Customer#000035767,BUILDING,CANADA,AMERICA
5774246,1992-01-14,123655.49,F,2-HIGH,Customer#000116258,HOUSEHOLD,IRAN,MIDDLE EAST
5185318,1992-01-14,39518.34,F,5-LOW,Customer#000083413,FURNITURE,ARGENTINA,AMERICA
5248515,1992-01-14,108554.50,F,1-URGENT,Customer#000073223,MACHINERY,ROMANIA,EUROPE
5567779,1992-01-14,43976.87,F,1-URGENT,Customer#000049285,MACHINERY,MOZAMBIQUE,AFRICA
5351872,1992-01-14,136020.49,F,5-LOW,Customer#000110221,BUILDING,SAUDI ARABIA,MIDDLE EAST
5189248,1992-01-14,124541.57,F,5-LOW,Customer#000047153,FURNITURE,ROMANIA,EUROPE
5232097,1992-01-14,211122.56,F,2-HIGH,Customer#000099631,BUILDING,VIETNAM,ASIA
5470119,1992-01-14,203471.21,F,3-MEDIUM,Customer#000012946,FURNITURE,INDIA,ASIA
4895751,1992-01-14,72845.30,F,2-HIGH,Customer#000115885,HOUSEHOLD,EGYPT,MIDDLE EAST
5119554,1992-01-14,289772.96,F,4-NOT SPECIFIED,Customer#000058318,FURNITURE,ALGERIA,AFRICA
5350754,1992-01-14,254815.13,F,4-NOT SPECIFIED,Customer#000001991,FURNITURE,INDONESIA,ASIA
5780261,1992-01-14,99190.53,F,1-URGENT,Customer#000109981,MACHINERY,MOZAMBIQUE,AFRICA
5408677,1992-01-14,204407.38,F,3-MEDIUM,Customer#000019033,AUTOMOBILE,CANADA,AMERICA
5315651,1992-01-14,273324.37,F,2-HIGH,Customer#000148966,BUILDING,ALGERIA,AFRICA
5984229,1992-01-14,140817.36,F,5-LOW,Customer#000125912,HOUSEHOLD,RUSSIA,EUROPE
5099808,1992-01-14,68514.34,F,5-LOW,Customer#000087605,BUILDING,IRAN,MIDDLE EAST
5906534,1992-01-14,253224.81,F,2-HIGH,Customer#000036082,AUTOMOBILE,CANADA,AMERICA
5625091,1992-01-14,99862.15,F,2-HIGH,Customer#000141469,MACHINERY,FRANCE,EUROPE
5918146,1992-01-14,353046.58,F,3-MEDIUM,Customer#000143933,AUTOMOBILE,IRAN,MIDDLE EAST
5074563,1992-01-14,40962.12,F,1-URGENT,Customer#000081868,FURNITURE,UNITED STATES,AMERICA
5408257,1992-01-14,42247.02,F,2-HIGH,Customer#000052879,HOUSEHOLD,ALGERIA,AFRICA
5786279,1992-01-14,145543.13,F,5-LOW,Customer#000111472,HOUSEHOLD,FRANCE,EUROPE
5994246,1992-01-14,99250.76,F,1-URGENT,Customer#000100804,HOUSEHOLD,IRAQ,MIDDLE EAST
5664034,1992-01-14,66384.85,F,3-MEDIUM,Customer#000012764,FURNITURE,ALGERIA,AFRICA
5244896,1992-01-14,163021.19,F,1-URGENT,Customer#000071698,HOUSEHOLD,INDONESIA,ASIA
5269987,1992-01-14,88863.65,F,1-URGENT,Customer#000006355,HOUSEHOLD,CANADA,AMERICA
5932356,1992-01-14,174242.95,F,3-MEDIUM,Customer#000070979,BUILDING,VIETNAM,ASIA
2193088,1992-01-15,71194.45,F,1-URGENT,Customer#000020213,HOUSEHOLD,INDONESIA,ASIA
3596487,1992-01-15,131704.79,F,2-HIGH,Customer#000002422,HOUSEHOLD,VIETNAM,ASIA
3247973,1992-01-15,111204.48,F,2-HIGH,Customer#000115895,AUTOMOBILE,SAUDI ARABIA,MIDDLE EAST
3532582,1992-01-15,226343.50,F,4-NOT SPECIFIED,Customer#000035864,HOUSEHOLD,PERU,AMERICA
3530695,1992-01-15,122477.91,F,3-MEDIUM,Customer#000060670,MACHINERY,INDONESIA,ASIA
3009156,1992-01-15,195482.98,F,5-LOW,Customer#000040279,FURNITURE,SAUDI ARABIA,MIDDLE EAST
3138439,1992-01-15,341860.43,F,5-LOW,Customer#000118420,HOUSEHOLD,PERU,AMERICA
3436679,1992-01-15,20386.81,F,1-URGENT,Customer#000043810,BUILDING,JAPAN,ASIA
3008548,1992-01-15,173132.52,F,3-MEDIUM,Customer#000125803,MACHINERY,ARGENTINA,AMERICA
3199298,1992-01-15,168522.75,F,2-HIGH,Customer#000083395,BUILDING,JAPAN,ASIA
3155109,1992-01-15,125005.44,F,2-HIGH,Customer#000122039,BUILDING,ROMANIA,EUROPE
3455877,1992-01-15,115283.92,F,2-HIGH,Customer#000074452,FURNITURE,EGYPT,MIDDLE EAST
3407683,1992-01-15,3605.27,F,1-URGENT,Customer#000036797,HOUSEHOLD,UNITED STATES,AMERICA
3301926,1992-01-15,117161.54,F,3-MEDIUM,Customer#000058919,AUTOMOBILE,CANADA,AMERICA
3310821,1992-01-15,145956.66,F,4-NOT SPECIFIED,Customer#000100249,BUILDING,INDIA,ASIA
3461125,1992-01-15,267904.83,F,3-MEDIUM,Customer#000109717,AUTOMOBILE,JORDAN,MIDDLE EAST
3361155,1992-01-15,75075.61,F,3-MEDIUM,Customer#000111380,MACHINERY,ARGENTINA,AMERICA
3460291,1992-01-15,304636.18,F,2-HIGH,Customer#000060484,FURNITURE,RUSSIA,EUROPE
3300512,1992-01-15,182790.55,F,5-LOW,Customer#000133799,HOUSEHOLD,SAUDI ARABIA,MIDDLE EAST
3204899,1992-01-15,37018.20,F,5-LOW,Customer#000079892,FURNITURE,RUSSIA,EUROPE
3282244,1992-01-15,69364.41,F,1-URGENT,Customer#000143804,AUTOMOBILE,INDONESIA,ASIA
3285701,1992-01-15,154940.91,F,2-HIGH,Customer#000079636,HOUSEHOLD,EGYPT,MIDDLE EAST
3216997,1992-01-15,11788.92,F,4-NOT SPECIFIED,Customer#000054568,BUILDING,GERMANY,EUROPE
3390178,1992-01-15,103615.27,F,3-MEDIUM,Customer#000009592,BUILDING,INDIA,ASIA
3147779,1992-01-15,151548.34,F,2-HIGH,Customer#000108844,FURNITURE,ALGERIA,AFRICA
3457281,1992-01-15,250467.32,F,5-LOW,Customer#000026254,BUILDING,ALGERIA,AFRICA
3219168,1992-01-15,217592.44,F,3-MEDIUM,Customer#000148741,MACHINERY,GERMANY,EUROPE
3437223,1992-01-15,383888.79,F,3-MEDIUM,Customer#000019453,HOUSEHOLD,UNITED KINGDOM,EUROPE
3164903,1992-01-15,73107.81,F,2-HIGH,Customer#000135163,HOUSEHOLD,ROMANIA,EUROPE
3010144,1992-01-15,292834.65,F,3-MEDIUM,Customer#000123403,FURNITURE,ARGENTINA,AMERICA
3503874,1992-01-15,125139.84,F,4-NOT SPECIFIED,Customer#000142801,BUILDING,JORDAN,MIDDLE EAST
3103717,1992-01-15,275969.69,F,3-MEDIUM,Customer#000136117,AUTOMOBILE,MOZAMBIQUE,AFRICA
3004933,1992-01-15,28037.07,F,4-NOT SPECIFIED,Customer#000093529,FURNITURE,RUSSIA,EUROPE
3199456,1992-01-15,163288.91,F,1-URGENT,Customer#000083221,AUTOMOBILE,ETHIOPIA,AFRICA
3213827,1992-01-15,241681.36,F,4-NOT SPECIFIED,Customer#000015937,HOUSEHOLD,ROMANIA,EUROPE
3388512,1992-01-15,81234.31,F,2-HIGH,Customer#000001600,BUILDING,SAUDI ARABIA,MIDDLE EAST
3321476,1992-01-15,59711.17,F,2-HIGH,Customer#000138494,BUILDING,GERMANY,EUROPE
3447268,1992-01-15,29562.82,F,4-NOT SPECIFIED,Customer#000136366,BUILDING,INDIA,ASIA
3268993,1992-01-15,161979.38,F,2-HIGH,Customer#000098560,AUTOMOBILE,CHINA,ASIA
3086596,1992-01-15,67401.23,F,3-MEDIUM,Customer#000030215,FURNITURE,GERMANY,EUROPE
3208614,1992-01-15,119593.16,F,2-HIGH,Customer#000003979,MACHINERY,UNITED KINGDOM,EUROPE
3105666,1992-01-15,63725.41,F,1-URGENT,Customer#000035683,HOUSEHOLD,VIETNAM,ASIA
3490308,1992-01-15,169002.79,F,5-LOW,Customer#000018413,MACHINERY,VIETNAM,ASIA
3590055,1992-01-15,231298.00,F,1-URGENT,Customer#000041873,BUILDING,JAPAN,ASIA
3536453,1992-01-15,300900.15,F,2-HIGH,Customer#000118042,MACHINERY,MOROCCO,AFRICA
3038597,1992-01-15,46032.28,F,3-MEDIUM,Customer#000118480,MACHINERY,JAPAN,ASIA
3292678,1992-01-15,239249.38,F,3-MEDIUM,Customer#000101468,MACHINERY,EGYPT,MIDDLE EAST
3046915,1992-01-15,96050.97,F,1-URGENT,Customer#000149849,BUILDING,IRAN,MIDDLE EAST
3242402,1992-01-15,68056.12,F,2-HIGH,Customer#000105638,AUTOMOBILE,FRANCE,EUROPE
3560545,1992-01-15,49072.16,F,3-MEDIUM,Customer#000135673,BUILDING,CANADA,AMERICA
3506309,1992-01-15,20110.96,F,1-URGENT,Customer#000068819,MACHINERY,RUSSIA,EUROPE
3173415,1992-01-15,71922.44,F,2-HIGH,Customer#000125087,AUTOMOBILE,FRANCE,EUROPE
3238182,1992-01-15,148651.29,F,2-HIGH,Customer#000067514,AUTOMOBILE,BRAZIL,AMERICA
3176901,1992-01-15,8075.49,F,1-URGENT,Customer#000130805,AUTOMOBILE,BRAZIL,AMERICA
3074594,1992-01-15,29292.35,F,5-LOW,Customer#000147343,BUILDING,UNITED KINGDOM,EUROPE
3286886,1992-01-15,131803.43,F,2-HIGH,Customer#000076480,HOUSEHOLD,GERMANY,EUROPE
3107588,1992-01-15,25981.63,F,4-NOT SPECIFIED,Customer#000104750,FURNITURE,MOROCCO,AFRICA
3041476,1992-01-15,14784.49,F,1-URGENT,Customer#000074327,BUILDING,UNITED STATES,AMERICA
3186816,1992-01-15,229028.02,F,4-NOT SPECIFIED,Customer#000133030,HOUSEHOLD,ROMANIA,EUROPE
3490176,1992-01-15,43203.27,F,1-URGENT,Customer#000059662,HOUSEHOLD,INDIA,ASIA
3454758,1992-01-15,37548.90,F,3-MEDIUM,Customer#000086384,FURNITURE,UNITED KINGDOM,EUROPE
3134240,1992-01-15,94937.04,F,4-NOT SPECIFIED,Customer#000026564,BUILDING,ARGENTINA,AMERICA
3252416,1992-01-15,385999.15,F,2-HIGH,Customer#000047509,FURNITURE,EGYPT,MIDDLE EAST
3196486,1992-01-15,164870.83,F,3-MEDIUM,Customer#000147457,HOUSEHOLD,SAUDI ARABIA,MIDDLE EAST
3145604,1992-01-15,47593.86,F,5-LOW,Customer#000009415,AUTOMOBILE,INDONESIA,ASIA
3191651,1992-01-15,65500.17,F,5-LOW,Customer#000101660,AUTOMOBILE,UNITED KINGDOM,EUROPE
2079810,1992-01-15,123942.84,F,3-MEDIUM,Customer#000072578,AUTOMOBILE,MOROCCO,AFRICA
2524066,1992-01-15,126781.13,F,5-LOW,Customer#000043175,BUILDING,ARGENTINA,AMERICA
2487203,1992-01-15,185936.03,F,1-URGENT,Customer#000132320,HOUSEHOLD,MOZAMBIQUE,AFRICA
2751520,1992-01-15,70980.26,F,4-NOT SPECIFIED,Customer#000034742,BUILDING,CHINA,ASIA
2433667,1992-01-15,189628.05,F,1-URGENT,Customer#000133216,FURNITURE,INDONESIA,ASIA
2910178,1992-01-15,153359.54,F,1-URGENT,Customer#000012718,MACHINERY,JAPAN,ASIA
2423457,1992-01-15,123302.62,F,2-HIGH,Customer#000002845,MACHINERY,UNITED KINGDOM,EUROPE
2848038,1992-01-15,51046.80,F,1-URGENT,Customer#000006052,FURNITURE,VIETNAM,ASIA
2848229,1992-01-15,193452.51,F,4-NOT SPECIFIED,Customer#000142715,HOUSEHOLD,EGYPT,MIDDLE EAST
2419717,1992-01-15,71826.04,F,2-HIGH,Customer#000052472,AUTOMOBILE,IRAQ,MIDDLE EAST
2515361,1992-01-15,113621.61,F,5-LOW,Customer#000052990,FURNITURE,KENYA,AFRICA
2747681,1992-01-15,208184.00,F,1-URGENT,Customer#000085088,AUTOMOBILE,ETHIOPIA,AFRICA
2401668,1992-01-15,128876.06,F,1-URGENT,Customer#000063679,AUTOMOBILE,INDONESIA,ASIA
2555200,1992-01-15,251488.64,F,5-LOW,Customer#000061351,MACHINERY,ALGERIA,AFRICA
2448677,1992-01-15,305870.22,F,4-NOT SPECIFIED,Customer#000114382,HOUSEHOLD,PERU,AMERICA
2447072,1992-01-15,64573.78,F,4-NOT SPECIFIED,Customer#000013888,MACHINERY,IRAQ,MIDDLE EAST
2922080,1992-01-15,100163.80,F,5-LOW,Customer#000093196,BUILDING,INDIA,ASIA
2919234,1992-01-15,251500.97,F,5-LOW,Customer#000065872,FURNITURE,CHINA,ASIA
2460805,1992-01-15,27457.69,F,3-MEDIUM,Customer#000094174,MACHINERY,KENYA,AFRICA
2554340,1992-01-15,227502.01,F,2-HIGH,Customer#000146719,BUILDING,BRAZIL,AMERICA
2489664,1992-01-15,109783.30,F,3-MEDIUM,Customer#000041324,FURNITURE,SAUDI ARABIA,MIDDLE EAST
2805222,1992-01-15,166875.52,F,4-NOT SPECIFIED,Customer#000111029,FURNITURE,CHINA,ASIA
2717443,1992-01-15,173777.78,F,3-MEDIUM,Customer#000096124,BUILDING,FRANCE,EUROPE
2990469,1992-01-15,76009.61,F,2-HIGH,Customer#000039566,FURNITURE,ROMANIA,EUROPE
2593572,1992-01-15,5350.72,F,1-URGENT,Customer#000028003,HOUSEHOLD,JORDAN,MIDDLE EAST
2960449,1992-01-15,118839.18,F,5-LOW,Customer#000071086,HOUSEHOLD,RUSSIA,EUROPE
2794113,1992-01-15,124054.89,F,2-HIGH,Customer#000019003,AUTOMOBILE,MOZAMBIQUE,AFRICA
2818564,1992-01-15,35761.89,F,5-LOW,Customer#000083488,MACHINERY,UNITED KINGDOM,EUROPE
2799715,1992-01-15,88610.92,F,1-URGENT,Customer#000142661,MACHINERY,INDIA,ASIA
2732837,1992-01-15,337108.02,F,3-MEDIUM,Customer#000025624,AUTOMOBILE,JORDAN,MIDDLE EAST
5688807,1992-01-15,177342.49,F,4-NOT SPECIFIED,Customer#000077902,MACHINERY,ALGERIA,AFRICA
5639745,1992-01-15,180091.70,F,5-LOW,Customer#000010820,MACHINERY,KENYA,AFRICA
1803301,1992-01-15,34407.63,F,5-LOW,Customer#000099140,HOUSEHOLD,CHINA,ASIA
2336934,1992-01-15,29360.68,F,1-URGENT,Customer#000137042,MACHINERY,MOROCCO,AFRICA
2343489,1992-01-15,89275.59,F,5-LOW,Customer#000051178,HOUSEHOLD,UNITED KINGDOM,EUROPE
2074848,1992-01-15,193392.33,F,2-HIGH,Customer#000128383,HOUSEHOLD,UNITED KINGDOM,EUROPE
1915140,1992-01-15,272737.67,F,4-NOT SPECIFIED,Customer#000128257,MACHINERY,MOZAMBIQUE,AFRICA
2139524,1992-01-15,116628.34,F,2-HIGH,Customer#000114826,BUILDING,RUSSIA,EUROPE
2199684,1992-01-15,210293.00,F,5-LOW,Customer#000006818,HOUSEHOLD,CHINA,ASIA
2371233,1992-01-15,275138.25,F,2-HIGH,Customer#000058381,MACHINERY,GERMANY,EUROPE
1941858,1992-01-15,217127.26,F,1-URGENT,Customer#000119329,AUTOMOBILE,EGYPT,MIDDLE EAST
2218532,1992-01-15,157624.20,F,2-HIGH,Customer#000120517,HOUSEHOLD,UNITED STATES,AMERICA
2203808,1992-01-15,38916.46,F,5-LOW,Customer#000057176,BUILDING,ARGENTINA,AMERICA
2272807,1992-01-15,123858.76,F,1-URGENT,Customer#000061243,MACHINERY,GERMANY,EUROPE
1873733,1992-01-15,439679.30,F,1-URGENT,Customer#000103931,BUILDING,MOROCCO,AFRICA
1933732,1992-01-15,35090.70,F,5-LOW,Customer#000091543,BUILDING,JORDAN,MIDDLE EAST
2240001,1992-01-15,141290.95,F,4-NOT SPECIFIED,Customer#000020917,BUILDING,IRAN,MIDDLE EAST
1985154,1992-01-15,96568.33,F,1-URGENT,Customer#000128848,MACHINERY,PERU,AMERICA
1918464,1992-01-15,46942.37,F,4-NOT SPECIFIED,Customer#000078553,HOUSEHOLD,PERU,AMERICA
1825379,1992-01-15,142714.41,F,1-URGENT,Customer#000145400,BUILDING,RUSSIA,EUROPE
1835043,1992-01-15,199762.73,F,2-HIGH,Customer#000070156,BUILDING,ARGENTINA,AMERICA
1863748,1992-01-15,224960.83,F,3-MEDIUM,Customer#000035048,MACHINERY,SAUDI ARABIA,MIDDLE EAST
1873410,1992-01-15,147623.04,F,5-LOW,Customer#000096049,MACHINERY,INDIA,ASIA
2179911,1992-01-15,212434.75,F,1-URGENT,Customer#000042397,HOUSEHOLD,IRAQ,MIDDLE EAST
1979174,1992-01-15,61186.04,F,2-HIGH,Customer#000121282,HOUSEHOLD,PERU,AMERICA
2376423,1992-01-15,102129.96,F,3-MEDIUM,Customer#000051493,HOUSEHOLD,INDONESIA,ASIA
2550340,1992-01-15,252766.28,F,1-URGENT,Customer#000022312,HOUSEHOLD,ROMANIA,EUROPE
2207748,1992-01-15,168119.27,F,3-MEDIUM,Customer#000050764,FURNITURE,IRAN,MIDDLE EAST
2369760,1992-01-15,76298.77,F,2-HIGH,Customer#000136684,FURNITURE,EGYPT,MIDDLE EAST
1811877,1992-01-15,54195.57,F,5-LOW,Customer#000101257,BUILDING,CANADA,AMERICA
2257536,1992-01-15,298333.42,F,5-LOW,Customer#000055681,AUTOMOBILE,CANADA,AMERICA
1827556,1992-01-15,66709.58,F,1-URGENT,Customer#000131143,HOUSEHOLD,KENYA,AFRICA
1840165,1992-01-15,47930.73,F,1-URGENT,Customer#000091909,AUTOMOBILE,BRAZIL,AMERICA
1893794,1992-01-15,137207.78,F,2-HIGH,Customer#000125596,FURNITURE,KENYA,AFRICA
2284960,1992-01-15,218832.79,F,1-URGENT,Customer#000118426,MACHINERY,JORDAN,MIDDLE EAST
1920326,1992-01-15,126108.52,F,2-HIGH,Customer#000057097,BUILDING,CHINA,ASIA
2437857,1992-01-15,264724.37,F,5-LOW,Customer#000105817,AUTOMOBILE,JAPAN,ASIA
2503712,1992-01-15,107326.61,F,4-NOT SPECIFIED,Customer#000074500,HOUSEHOLD,ALGERIA,AFRICA
2291840,1992-01-15,175984.34,F,5-LOW,Customer#000043171,BUILDING,SAUDI ARABIA,MIDDLE EAST
1929958,1992-01-15,101652.99,F,1-URGENT,Customer#000139285,FURNITURE,PERU,AMERICA
1800772,1992-01-15,16709.37,F,5-LOW,Customer#000098491,MACHINERY,FRANCE,EUROPE
1814817,1992-01-15,63718.29,F,3-MEDIUM,Customer#000083645,HOUSEHOLD,MOROCCO,AFRICA
1933987,1992-01-15,147347.23,F,2-HIGH,Customer#000061954,BUILDING,SAUDI ARABIA,MIDDLE EAST
2454049,1992-01-15,126519.66,F,5-LOW,Customer#000134644,FURNITURE,ETHIOPIA,AFRICA
2371808,1992-01-15,327115.12,F,3-MEDIUM,Customer#000132346,BUILDING,JAPAN,ASIA
1919430,1992-01-15,200039.48,F,5-LOW,Customer#000123106,HOUSEHOLD,UNITED STATES,AMERICA
1943365,1992-01-15,82088.48,F,1-URGENT,Customer#000103480,HOUSEHOLD,IRAN,MIDDLE EAST
2186435,1992-01-15,105801.85,F,4-NOT SPECIFIED,Customer#000053302,AUTOMOBILE,INDONESIA,ASIA
2209027,1992-01-15,280710.98,F,2-HIGH,Customer#000144890,HOUSEHOLD,MOROCCO,AFRICA
2174596,1992-01-15,101288.45,F,5-LOW,Customer#000124531,BUILDING,INDONESIA,ASIA
1818341,1992-01-15,275660.42,F,5-LOW,Customer#000141226,HOUSEHOLD,EGYPT,MIDDLE EAST
2589254,1992-01-15,141750.53,F,4-NOT SPECIFIED,Customer#000081700,FURNITURE,BRAZIL,AMERICA
2481094,1992-01-15,98122.17,F,2-HIGH,Customer#000036313,FURNITURE,JORDAN,MIDDLE EAST
2159906,1992-01-15,149030.02,F,4-NOT SPECIFIED,Customer#000031784,AUTOMOBILE,SAUDI ARABIA,MIDDLE EAST
2318695,1992-01-15,146944.49,F,4-NOT SPECIFIED,Customer#000075826,BUILDING,UNITED KINGDOM,EUROPE
2227396,1992-01-15,27978.41,F,4-NOT SPECIFIED,Customer#000001444,HOUSEHOLD,GERMANY,EUROPE
2345799,1992-01-15,172003.81,F,5-LOW,Customer#000139198,FURNITURE,UNITED KINGDOM,EUROPE
2195523,1992-01-15,144300.99,F,1-URGENT,Customer#000031867,BUILDING,INDIA,ASIA
2320480,1992-01-15,38379.73,F,5-LOW,Customer#000001388,FURNITURE,JORDAN,MIDDLE EAST
2109636,1992-01-15,62062.87,F,5-LOW,Customer#000114106,FURNITURE,KENYA,AFRICA
2387686,1992-01-15,257271.18,F,2-HIGH,Customer#000049414,FURNITURE,IRAN,MIDDLE EAST
1928646,1992-01-15,236655.75,F,3-MEDIUM,Customer#000077423,MACHINERY,EGYPT,MIDDLE EAST
5507712,1992-01-15,174686.66,F,2-HIGH,Customer#000142964,HOUSEHOLD,VIETNAM,ASIA
5884387,1992-01-15,182579.27,F,3-MEDIUM,Customer#000078835,BUILDING,ARGENTINA,AMERICA
5924324,1992-01-15,66499.44,F,5-LOW,Customer#000098791,AUTOMOBILE,CHINA,ASIA
5252583,1992-01-15,302305.01,F,5-LOW,Customer#000128605,HOUSEHOLD,FRANCE,EUROPE
5976134,1992-01-15,35293.00,F,3-MEDIUM,Customer#000038923,AUTOMOBILE,CANADA,AMERICA
5604482,1992-01-15,138325.13,F,1-URGENT,Customer#000140959,BUILDING,MOZAMBIQUE,AFRICA
5342081,1992-01-15,119899.36,F,1-URGENT,Customer#000085531,FURNITURE,JAPAN,ASIA
5004580,1992-01-15,191869.21,F,1-URGENT,Customer#000050015,MACHINERY,EGYPT,MIDDLE EAST
5294241,1992-01-15,109957.69,F,5-LOW,Customer#000119014,BUILDING,ARGENTINA,AMERICA
5286914,1992-01-15,313830.51,F,5-LOW,Customer#000117580,FURNITURE,RUSSIA,EUROPE
5238374,1992-01-15,136414.05,F,5-LOW,Customer#000043813,FURNITURE,JORDAN,MIDDLE EAST
5827713,1992-01-15,161483.42,F,1-URGENT,Customer#000042523,AUTOMOBILE,ARGENTINA,AMERICA
5706438,1992-01-15,156415.32,F,3-MEDIUM,Customer#000038017,FURNITURE,VIETNAM,ASIA
4492514,1992-01-15,217070.11,F,4-NOT SPECIFIED,Customer#000140494,BUILDING,IRAN,MIDDLE EAST
4248869,1992-01-15,114296.97,F,3-MEDIUM,Customer#000036727,FURNITURE,IRAQ,MIDDLE EAST
4509573,1992-01-15,194527.33,F,1-URGENT,Customer#000002902,BUILDING,ALGERIA,AFRICA
4721029,1992-01-15,118488.22,F,3-MEDIUM,Customer#000074911,MACHINERY,INDIA,ASIA
4416384,1992-01-15,17058.63,F,1-URGENT,Customer#000136249,BUILDING,UNITED STATES,AMERICA
4757926,1992-01-15,17411.91,F,5-LOW,Customer#000025835,BUILDING,MOZAMBIQUE,AFRICA
4612385,1992-01-15,107145.57,F,3-MEDIUM,Customer#000067273,FURNITURE,FRANCE,EUROPE
4688710,1992-01-15,98368.56,F,4-NOT SPECIFIED,Customer#000018400,FURNITURE,GERMANY,EUROPE
4654084,1992-01-15,155094.63,F,2-HIGH,Customer#000104083,FURNITURE,CHINA,ASIA
4778565,1992-01-15,163269.77,F,1-URGENT,Customer#000019607,AUTOMOBILE,ETHIOPIA,AFRICA
4657794,1992-01-15,54639.89,F,1-URGENT,Customer#000052834,BUILDING,UNITED STATES,AMERICA
4409862,1992-01-15,228331.30,F,5-LOW,Customer#000068444,MACHINERY,CANADA,AMERICA
4442756,1992-01-15,35562.53,F,2-HIGH,Customer#000037502,BUILDING,CHINA,ASIA
4487175,1992-01-15,64125.57,F,2-HIGH,Customer#000084539,AUTOMOBILE,MOROCCO,AFRICA
4733345,1992-01-15,92681.90,F,3-MEDIUM,Customer#000074113,BUILDING,PERU,AMERICA
4752194,1992-01-15,194701.57,F,3-MEDIUM,Customer#000060994,HOUSEHOLD,BRAZIL,AMERICA
4433831,1992-01-15,158192.67,F,3-MEDIUM,Customer#000115162,BUILDING,EGYPT,MIDDLE EAST
4611906,1992-01-15,91798.74,F,4-NOT SPECIFIED,Customer#000141022,BUILDING,MOZAMBIQUE,AFRICA
4490439,1992-01-15,139033.48,F,4-NOT SPECIFIED,Customer#000062269,FURNITURE,SAUDI ARABIA,MIDDLE EAST
4284898,1992-01-15,158637.70,F,5-LOW,Customer#000115520,FURNITURE,EGYPT,MIDDLE EAST
4580006,1992-01-15,266888.79,F,5-LOW,Customer#000050381,HOUSEHOLD,ETHIOPIA,AFRICA
4688738,1992-01-15,53100.37,F,4-NOT SPECIFIED,Customer#000043585,FURNITURE,VIETNAM,ASIA
4318373,1992-01-15,132854.75,F,4-NOT SPECIFIED,Customer#000136762,BUILDING,IRAN,MIDDLE EAST
4565184,1992-01-15,118806.99,F,1-URGENT,Customer#000140809,MACHINERY,MOROCCO,AFRICA
4548196,1992-01-15,90408.22,F,4-NOT SPECIFIED,Customer#000014942,BUILDING,RUSSIA,EUROPE
4225921,1992-01-15,140741.21,F,1-URGENT,Customer#000004619,AUTOMOBILE,PERU,AMERICA
4703938,1992-01-15,14632.20,F,5-LOW,Customer#000035452,FURNITURE,GERMANY,EUROPE
4412131,1992-01-15,235653.22,F,5-LOW,Customer#000103216,HOUSEHOLD,KENYA,AFRICA
4203268,1992-01-15,58507.00,F,4-NOT SPECIFIED,Customer#000129908,MACHINERY,PERU,AMERICA
4281829,1992-01-15,217807.61,F,2-HIGH,Customer#000147572,HOUSEHOLD,INDONESIA,ASIA
4322850,1992-01-15,235036.98,F,2-HIGH,Customer#000086608,AUTOMOBILE,MOZAMBIQUE,AFRICA
4491106,1992-01-15,33058.35,F,2-HIGH,Customer#000109484,BUILDING,INDONESIA,ASIA
4533952,1992-01-15,383632.91,F,2-HIGH,Customer#000016819,AUTOMOBILE,JAPAN,ASIA
4333059,1992-01-15,185483.27,F,5-LOW,Customer#000079900,AUTOMOBILE,MOZAMBIQUE,AFRICA
4735331,1992-01-15,173356.22,F,4-NOT SPECIFIED,Customer#000127949,FURNITURE,GERMANY,EUROPE
4637280,1992-01-15,42283.86,F,4-NOT SPECIFIED,Customer#000021496,BUILDING,EGYPT,MIDDLE EAST
4647813,1992-01-15,168420.94,F,3-MEDIUM,Customer#000048496,HOUSEHOLD,BRAZIL,AMERICA
4306277,1992-01-15,163815.44,F,4-NOT SPECIFIED,Customer#000088360,BUILDING,ROMANIA,EUROPE
4502405,1992-01-15,155910.22,F,5-LOW,Customer#000028084,BUILDING,UNITED STATES,AMERICA
4385894,1992-01-15,88002.16,F,3-MEDIUM,Customer#000121723,BUILDING,FRANCE,EUROPE
4520996,1992-01-15,63495.35,F,3-MEDIUM,Customer#000044407,AUTOMOBILE,UNITED STATES,AMERICA
4698241,1992-01-15,179420.87,F,1-URGENT,Customer#000122647,AUTOMOBILE,UNITED STATES,AMERICA
4376805,1992-01-15,138841.96,F,4-NOT SPECIFIED,Customer#000130805,AUTOMOBILE,BRAZIL,AMERICA
4671744,1992-01-15,300267.34,F,5-LOW,Customer#000149701,MACHINERY,INDIA,ASIA
4787429,1992-01-15,8699.91,F,5-LOW,Customer#000146519,AUTOMOBILE,JORDAN,MIDDLE EAST
4266402,1992-01-15,59876.26,F,5-LOW,Customer#000122858,FURNITURE,INDONESIA,ASIA
4457408,1992-01-15,20239.64,F,3-MEDIUM,Customer#000040696,FURNITURE,BRAZIL,AMERICA
4426498,1992-01-15,29965.91,F,3-MEDIUM,Customer#000137824,MACHINERY,ALGERIA,AFRICA
4573638,1992-01-15,130720.64,F,5-LOW,Customer#000079189,AUTOMOBILE,MOROCCO,AFRICA
4571427,1992-01-15,431026.83,F,5-LOW,Customer#000079759,BUILDING,IRAQ,MIDDLE EAST
4565251,1992-01-15,96210.84,F,5-LOW,Customer#000119879,FURNITURE,JORDAN,MIDDLE EAST
4641318,1992-01-15,263784.35,F,3-MEDIUM,Customer#000137158,AUTOMOBILE,ROMANIA,EUROPE
4277668,1992-01-15,171758.44,F,2-HIGH,Customer#000061999,HOUSEHOLD,IRAN,MIDDLE EAST
2429475,1992-01-15,1277.08,F,2-HIGH,Customer#000046507,BUILDING,JAPAN,ASIA
2916834,1992-01-15,31922.70,F,4-NOT SPECIFIED,Customer#000029447,AUTOMOBILE,JORDAN,MIDDLE EAST
2926723,1992-01-15,49976.36,F,4-NOT SPECIFIED,Customer#000052513,BUILDING,BRAZIL,AMERICA
2559331,1992-01-15,214613.95,F,5-LOW,Customer#000100697,MACHINERY,JORDAN,MIDDLE EAST
2985089,1992-01-15,227783.01,F,4-NOT SPECIFIED,Customer#000135047,BUILDING,INDONESIA,ASIA
2445217,1992-01-15,25005.49,F,2-HIGH,Customer#000074057,AUTOMOBILE,SAUDI ARABIA,MIDDLE EAST
2421248,1992-01-15,189525.96,F,4-NOT SPECIFIED,Customer#000148789,FURNITURE,IRAQ,MIDDLE EAST
2717700,1992-01-15,101153.65,F,3-MEDIUM,Customer#000010279,HOUSEHOLD,FRANCE,EUROPE
2911910,1992-01-15,96329.62,F,5-LOW,Customer#000002350,MACHINERY,RUSSIA,EUROPE
2419745,1992-01-15,123959.86,F,4-NOT SPECIFIED,Customer#000014726,HOUSEHOLD,VIETNAM,ASIA
2552549,1992-01-15,62339.26,F,4-NOT SPECIFIED,Customer#000054268,FURNITURE,MOZAMBIQUE,AFRICA
2933216,1992-01-15,80003.35,F,2-HIGH,Customer#000016715,FURNITURE,CANADA,AMERICA
2644736,1992-01-15,84998.87,F,2-HIGH,Customer#000146036,FURNITURE,ALGERIA,AFRICA
2745824,1992-01-15,133704.85,F,2-HIGH,Customer#000042265,AUTOMOBILE,IRAN,MIDDLE EAST
2850566,1992-01-15,219952.09,F,2-HIGH,Customer#000062755,HOUSEHOLD,INDIA,ASIA
2400678,1992-01-15,155842.78,F,1-URGENT,Customer#000057316,HOUSEHOLD,ARGENTINA,AMERICA
2637927,1992-01-15,191164.40,F,4-NOT SPECIFIED,Customer#000116335,MACHINERY,EGYPT,MIDDLE EAST
2463559,1992-01-15,83316.17,F,3-MEDIUM,Customer#000113342,MACHINERY,BRAZIL,AMERICA
2490817,1992-01-15,3374.67,F,5-LOW,Customer#000101086,FURNITURE,INDIA,ASIA
2685157,1992-01-15,114572.66,F,4-NOT SPECIFIED,Customer#000115765,HOUSEHOLD,ROMANIA,EUROPE
2752609,1992-01-15,298779.79,F,3-MEDIUM,Customer#000148753,MACHINERY,VIETNAM,ASIA
2691431,1992-01-15,143559.82,F,3-MEDIUM,Customer#000125162,BUILDING,ROMANIA,EUROPE
2635876,1992-01-15,42940.21,F,2-HIGH,Customer#000052141,BUILDING,ETHIOPIA,AFRICA
2740866,1992-01-15,29150.49,F,3-MEDIUM,Customer#000093250,MACHINERY,PERU,AMERICA
2688768,1992-01-15,255406.58,F,4-NOT SPECIFIED,Customer#000069799,BUILDING,VIETNAM,ASIA
2077056,1992-01-15,70790.78,F,5-LOW,Customer#000047608,MACHINERY,INDIA,ASIA
2528933,1992-01-15,216886.89,F,3-MEDIUM,Customer#000026857,AUTOMOBILE,ETHIOPIA,AFRICA
2458789,1992-01-15,249116.95,F,4-NOT SPECIFIED,Customer#000118025,FURNITURE,SAUDI ARABIA,MIDDLE EAST
2761735,1992-01-15,207257.95,F,5-LOW,Customer#000055742,BUILDING,EGYPT,MIDDLE EAST
2763970,1992-01-15,292861.46,F,5-LOW,Customer#000133009,AUTOMOBILE,ETHIOPIA,AFRICA
2935079,1992-01-15,320960.74,F,4-NOT SPECIFIED,Customer#000010955,FURNITURE,INDONESIA,ASIA
2493860,1992-01-15,214077.30,F,1-URGENT,Customer#000143305,AUTOMOBILE,INDONESIA,ASIA
2484160,1992-01-15,62073.34,F,3-MEDIUM,Customer#000004648,MACHINERY,JAPAN,ASIA
2612263,1992-01-15,58061.79,F,2-HIGH,Customer#000098977,HOUSEHOLD,ALGERIA,AFRICA
2929890,1992-01-15,96644.56,F,2-HIGH,Customer#000099208,MACHINERY,VIETNAM,ASIA
2711364,1992-01-15,152797.62,F,5-LOW,Customer#000114493,HOUSEHOLD,ALGERIA,AFRICA
4172805,1992-01-15,209116.75,F,2-HIGH,Customer#000024598,FURNITURE,EGYPT,MIDDLE EAST
4120034,1992-01-15,188410.20,F,1-URGENT,Customer#000118841,AUTOMOBILE,FRANCE,EUROPE
1232544,1992-01-15,182086.96,F,5-LOW,Customer#000022393,AUTOMOBILE,IRAQ,MIDDLE EAST
3844290,1992-01-15,178421.12,F,5-LOW,Customer#000080677,BUILDING,SAUDI ARABIA,MIDDLE EAST
1663873,1992-01-15,182055.98,F,2-HIGH,Customer#000034564,AUTOMOBILE,CANADA,AMERICA
1656263,1992-01-15,256189.51,F,2-HIGH,Customer#000014077,HOUSEHOLD,IRAN,MIDDLE EAST
3872641,1992-01-15,144262.46,F,2-HIGH,Customer#000089029,HOUSEHOLD,KENYA,AFRICA
1410435,1992-01-15,29931.37,F,5-LOW,Customer#000070342,HOUSEHOLD,SAUDI ARABIA,MIDDLE EAST
1289796,1992-01-15,249688.04,F,4-NOT SPECIFIED,Customer#000000109,BUILDING,MOZAMBIQUE,AFRICA
3828580,1992-01-15,130323.25,F,5-LOW,Customer#000016966,FURNITURE,RUSSIA,EUROPE
4135462,1992-01-15,64992.47,F,3-MEDIUM,Customer#000097543,AUTOMOBILE,JORDAN,MIDDLE EAST
1379682,1992-01-15,298758.26,F,5-LOW,Customer#000082066,FURNITURE,MOZAMBIQUE,AFRICA
1445314,1992-01-15,105946.62,F,5-LOW,Customer#000048710,FURNITURE,MOZAMBIQUE,AFRICA
3704068,1992-01-15,96915.23,F,1-URGENT,Customer#000014431,MACHINERY,IRAN,MIDDLE EAST
1799303,1992-01-15,230859.01,F,4-NOT SPECIFIED,Customer#000039010,BUILDING,JAPAN,ASIA
1369537,1992-01-15,115189.33,F,4-NOT SPECIFIED,Customer#000004214,AUTOMOBILE,KENYA,AFRICA
1327076,1992-01-15,215175.17,F,5-LOW,Customer#000104689,HOUSEHOLD,JORDAN,MIDDLE EAST
3906976,1992-01-15,104074.51,F,2-HIGH,Customer#000032554,MACHINERY,IRAQ,MIDDLE EAST
1552166,1992-01-15,258998.60,F,5-LOW,Customer#000074425,FURNITURE,IRAQ,MIDDLE EAST
1341574,1992-01-15,75425.17,F,1-URGENT,Customer#000071083,HOUSEHOLD,GERMANY,EUROPE
1766275,1992-01-15,49878.91,F,5-LOW,Customer#000042901,AUTOMOBILE,BRAZIL,AMERICA
1314083,1992-01-15,151682.06,F,2-HIGH,Customer#000053551,FURNITURE,ETHIOPIA,AFRICA
1361378,1992-01-15,226269.82,F,2-HIGH,Customer#000084629,BUILDING,ARGENTINA,AMERICA
3786854,1992-01-15,201786.28,F,4-NOT SPECIFIED,Customer#000069137,FURNITURE,GERMANY,EUROPE
1753251,1992-01-15,107744.98,F,3-MEDIUM,Customer#000087643,AUTOMOBILE,CHINA,ASIA
3836640,1992-01-15,16318.13,F,1-URGENT,Customer#000008558,BUILDING,CANADA,AMERICA
1669543,1992-01-15,194337.71,F,3-MEDIUM,Customer#000083246,AUTOMOBILE,SAUDI ARABIA,MIDDLE EAST
1412960,1992-01-15,307572.32,F,3-MEDIUM,Customer#000139286,BUILDING,INDONESIA,ASIA
1251491,1992-01-15,244372.29,F,2-HIGH,Customer#000103865,HOUSEHOLD,INDIA,ASIA
3787905,1992-01-15,155867.57,F,1-URGENT,Customer#000102925,FURNITURE,BRAZIL,AMERICA
1348997,1992-01-15,231457.43,F,4-NOT SPECIFIED,Customer#000002866,HOUSEHOLD,PERU,AMERICA
3623138,1992-01-15,196263.55,F,1-URGENT,Customer#000100637,BUILDING,CHINA,ASIA
1513574,1992-01-15,213065.03,F,5-LOW,Customer#000120988,MACHINERY,JAPAN,ASIA
1315940,1992-01-15,227288.57,F,3-MEDIUM,Customer#000060743,AUTOMOBILE,ROMANIA,EUROPE
1637984,1992-01-15,33688.76,F,4-NOT SPECIFIED,Customer#000137959,AUTOMOBILE,CHINA,ASIA
3740736,1992-01-15,266204.94,F,5-LOW,Customer#000100312,AUTOMOBILE,ROMANIA,EUROPE
1740672,1992-01-15,86062.43,F,2-HIGH,Customer#000091975,AUTOMOBILE,JORDAN,MIDDLE EAST
3762181,1992-01-15,150889.87,F,1-URGENT,Customer#000030263,AUTOMOBILE,JORDAN,MIDDLE EAST
5124256,1992-01-15,63365.63,F,1-URGENT,Customer#000111229,HOUSEHOLD,EGYPT,MIDDLE EAST
4941287,1992-01-15,225961.35,F,4-NOT SPECIFIED,Customer#000041387,FURNITURE,CHINA,ASIA
5276772,1992-01-15,174359.79,F,4-NOT SPECIFIED,Customer#000129659,HOUSEHOLD,SAUDI ARABIA,MIDDLE EAST
5415681,1992-01-15,18994.47,F,3-MEDIUM,Customer#000086248,BUILDING,JORDAN,MIDDLE EAST
5909569,1992-01-15,170102.19,F,3-MEDIUM,Customer#000022226,BUILDING,ALGERIA,AFRICA
5293956,1992-01-15,240438.63,F,2-HIGH,Customer#000062480,AUTOMOBILE,UNITED STATES,AMERICA
5679488,1992-01-15,254761.82,F,1-URGENT,Customer#000002461,FURNITURE,ARGENTINA,AMERICA
5850656,1992-01-15,24089.82,F,2-HIGH,Customer#000113506,AUTOMOBILE,UNITED KINGDOM,EUROPE
5657986,1992-01-15,95520.34,F,2-HIGH,Customer#000082519,BUILDING,CHINA,ASIA
5360196,1992-01-15,222897.24,F,3-MEDIUM,Customer#000104750,FURNITURE,MOROCCO,AFRICA
5427299,1992-01-15,144053.39,F,1-URGENT,Customer#000014596,MACHINERY,VIETNAM,ASIA
5871682,1992-01-15,168776.93,F,2-HIGH,Customer#000102649,MACHINERY,MOZAMBIQUE,AFRICA
4933475,1992-01-15,148392.49,F,4-NOT SPECIFIED,Customer#000003343,AUTOMOBILE,RUSSIA,EUROPE
5624194,1992-01-15,88997.48,F,3-MEDIUM,Customer#000141407,FURNITURE,JORDAN,MIDDLE EAST
4860998,1992-01-15,149842.85,F,1-URGENT,Customer#000050428,FURNITURE,IRAN,MIDDLE EAST
5960422,1992-01-15,211421.14,F,4-NOT SPECIFIED,Customer#000035878,MACHINERY,UNITED STATES,AMERICA
5610624,1992-01-15,178275.15,F,2-HIGH,Customer#000084940,BUILDING,GERMANY,EUROPE
4864707,1992-01-15,144208.79,F,5-LOW,Customer#000027118,AUTOMOBILE,IRAQ,MIDDLE EAST
5314886,1992-01-15,192361.44,F,4-NOT SPECIFIED,Customer#000128621,FURNITURE,BRAZIL,AMERICA
5219777,1992-01-15,105938.59,F,3-MEDIUM,Customer#000098078,AUTOMOBILE,KENYA,AFRICA
5473990,1992-01-15,183532.69,F,2-HIGH,Customer#000126811,BUILDING,MOROCCO,AFRICA
5827079,1992-01-15,147470.45,F,5-LOW,Customer#000113651,BUILDING,FRANCE,EUROPE
4902209,1992-01-15,217842.51,F,2-HIGH,Customer#000019409,BUILDING,ALGERIA,AFRICA
5647105,1992-01-15,23842.45,F,1-URGENT,Customer#000085636,BUILDING,BRAZIL,AMERICA
5957510,1992-01-15,229807.38,F,3-MEDIUM,Customer#000088330,BUILDING,ALGERIA,AFRICA
5743043,1992-01-15,152412.08,F,4-NOT SPECIFIED,Customer#000105293,BUILDING,JAPAN,ASIA
5448582,1992-01-15,87409.18,F,5-LOW,Customer#000148357,FURNITURE,JORDAN,MIDDLE EAST
4856039,1992-01-15,216208.56,F,4-NOT SPECIFIED,Customer#000093169,MACHINERY,UNITED KINGDOM,EUROPE
5921638,1992-01-15,114474.51,F,2-HIGH,Customer#000136367,HOUSEHOLD,GERMANY,EUROPE
5272903,1992-01-15,250763.49,F,2-HIGH,Customer#000091453,HOUSEHOLD,IRAQ,MIDDLE EAST
4865830,1992-01-15,243279.41,F,4-NOT SPECIFIED,Customer#000065000,AUTOMOBILE,JORDAN,MIDDLE EAST
5988258,1992-01-15,105778.59,F,4-NOT SPECIFIED,Customer#000094243,HOUSEHOLD,CANADA,AMERICA
5770562,1992-01-15,101247.67,F,2-HIGH,Customer#000103909,HOUSEHOLD,ROMANIA,EUROPE
5288192,1992-01-15,73810.33,F,4-NOT SPECIFIED,Customer#000041404,MACHINERY,KENYA,AFRICA
5814276,1992-01-15,93151.05,F,2-HIGH,Customer#000008105,FURNITURE,MOZAMBIQUE,AFRICA
5818915,1992-01-15,251042.34,F,4-NOT SPECIFIED,Customer#000061597,HOUSEHOLD,ARGENTINA,AMERICA
5268835,1992-01-15,125071.42,F,2-HIGH,Customer#000091886,MACHINERY,ARGENTINA,AMERICA
5429476,1992-01-15,156437.12,F,2-HIGH,Customer#000106846,HOUSEHOLD,VIETNAM,ASIA
5037953,1992-01-15,79929.05,F,5-LOW,Customer#000124433,AUTOMOBILE,CHINA,ASIA
5169536,1992-01-15,220712.35,F,3-MEDIUM,Customer#000134954,FURNITURE,EGYPT,MIDDLE EAST
5196034,1992-01-15,313909.07,F,2-HIGH,Customer#000024244,AUTOMOBILE,CHINA,ASIA
5618722,1992-01-15,85297.91,F,1-URGENT,Customer#000078172,BUILDING,BRAZIL,AMERICA
5397250,1992-01-15,342789.30,F,5-LOW,Customer#000071311,HOUSEHOLD,CANADA,AMERICA
5963555,1992-01-15,272264.37,F,3-MEDIUM,Customer#000070646,FURNITURE,INDONESIA,ASIA
3603559,1992-01-15,179092.91,F,2-HIGH,Customer#000087422,FURNITURE,RUSSIA,EUROPE
5322242,1992-01-15,178929.71,F,3-MEDIUM,Customer#000001898,MACHINERY,MOZAMBIQUE,AFRICA
5609446,1992-01-15,1595.62,F,1-URGENT,Customer#000145709,AUTOMOBILE,KENYA,AFRICA
5679046,1992-01-15,91318.52,F,1-URGENT,Customer#000062177,BUILDING,BRAZIL,AMERICA
5079942,1992-01-15,181434.18,F,1-URGENT,Customer#000094549,HOUSEHOLD,MOROCCO,AFRICA
5993507,1992-01-15,130704.52,F,3-MEDIUM,Customer#000070453,BUILDING,ROMANIA,EUROPE
5356608,1992-01-15,91530.59,F,5-LOW,Customer#000132163,BUILDING,CANADA,AMERICA
5326470,1992-01-15,340275.94,F,1-URGENT,Customer#000024878,FURNITURE,ROMANIA,EUROPE
4811524,1992-01-15,117200.86,F,4-NOT SPECIFIED,Customer#000028090,FURNITURE,ARGENTINA,AMERICA
5743430,1992-01-15,232920.18,F,3-MEDIUM,Customer#000119020,AUTOMOBILE,CANADA,AMERICA
5010021,1992-01-15,78616.98,F,4-NOT SPECIFIED,Customer#000022081,HOUSEHOLD,UNITED KINGDOM,EUROPE
5278755,1992-01-15,81817.15,F,3-MEDIUM,Customer#000118045,AUTOMOBILE,ARGENTINA,AMERICA
5135397,1992-01-15,65812.04,F,5-LOW,Customer#000012367,FURNITURE,UNITED STATES,AMERICA
5724867,1992-01-15,74945.01,F,3-MEDIUM,Customer#000129563,MACHINERY,RUSSIA,EUROPE
5432068,1992-01-15,72486.85,F,3-MEDIUM,Customer#000109351,FURNITURE,VIETNAM,ASIA
4872804,1992-01-15,70647.16,F,3-MEDIUM,Customer#000116164,BUILDING,ARGENTINA,AMERICA
5932068,1992-01-15,51983.81,F,2-HIGH,Customer#000145414,AUTOMOBILE,CANADA,AMERICA
5519298,1992-01-15,327129.87,F,3-MEDIUM,Customer#000058588,MACHINERY,INDIA,ASIA
5401413,1992-01-15,39954.62,F,2-HIGH,Customer#000024638,HOUSEHOLD,FRANCE,EUROPE
5116615,1992-01-15,366332.49,F,4-NOT SPECIFIED,Customer#000055336,HOUSEHOLD,SAUDI ARABIA,MIDDLE EAST
5134690,1992-01-15,9040.23,F,3-MEDIUM,Customer#000130091,MACHINERY,INDONESIA,ASIA
4848357,1992-01-15,200733.94,F,3-MEDIUM,Customer#000065803,BUILDING,INDIA,ASIA
4950753,1992-01-15,112568.38,F,2-HIGH,Customer#000143255,AUTOMOBILE,UNITED STATES,AMERICA
5678592,1992-01-15,103446.43,F,2-HIGH,Customer#000136504,FURNITURE,CANADA,AMERICA
5256672,1992-01-15,31310.91,F,4-NOT SPECIFIED,Customer#000089206,FURNITURE,FRANCE,EUROPE
5432007,1992-01-15,97679.15,F,1-URGENT,Customer#000124978,HOUSEHOLD,JORDAN,MIDDLE EAST
5146304,1992-01-15,149822.02,F,2-HIGH,Customer#000093626,FURNITURE,JORDAN,MIDDLE EAST
5872036,1992-01-15,147757.31,F,4-NOT SPECIFIED,Customer#000097165,FURNITURE,IRAN,MIDDLE EAST
5411457,1992-01-15,152836.49,F,4-NOT SPECIFIED,Customer#000029918,BUILDING,CHINA,ASIA
5529507,1992-01-15,174834.11,F,1-URGENT,Customer#000136351,AUTOMOBILE,MOZAMBIQUE,AFRICA
5562080,1992-01-15,63125.48,F,3-MEDIUM,Customer#000063365,HOUSEHOLD,UNITED STATES,AMERICA
5788482,1992-01-15,288555.40,F,3-MEDIUM,Customer#000117635,BUILDING,ETHIOPIA,AFRICA
876167,1992-01-15,232198.74,F,3-MEDIUM,Customer#000022685,HOUSEHOLD,FRANCE,EUROPE
5296199,1992-01-15,29027.16,F,3-MEDIUM,Customer#000023621,HOUSEHOLD,INDONESIA,ASIA
5415303,1992-01-15,194330.81,F,2-HIGH,Customer#000143015,MACHINERY,ALGERIA,AFRICA
4943619,1992-01-15,153259.19,F,2-HIGH,Customer#000057847,MACHINERY,RUSSIA,EUROPE
5542439,1992-01-15,164078.55,F,1-URGENT,Customer#000004469,BUILDING,PERU,AMERICA
4993411,1992-01-15,145562.64,F,3-MEDIUM,Customer#000014986,HOUSEHOLD,SAUDI ARABIA,MIDDLE EAST
4885895,1992-01-15,97150.66,F,3-MEDIUM,Customer#000146923,FURNITURE,FRANCE,EUROPE
5880997,1992-01-15,241985.81,F,1-URGENT,Customer#000120862,MACHINERY,SAUDI ARABIA,MIDDLE EAST
5139136,1992-01-15,77606.26,F,3-MEDIUM,Customer#000031246,BUILDING,RUSSIA,EUROPE
5996417,1992-01-15,115596.01,F,1-URGENT,Customer#000123415,BUILDING,GERMANY,EUROPE
4923461,1992-01-15,194427.53,F,2-HIGH,Customer#000051448,FURNITURE,EGYPT,MIDDLE EAST
5825921,1992-01-15,97923.14,F,4-NOT SPECIFIED,Customer#000050573,HOUSEHOLD,JORDAN,MIDDLE EAST
5545158,1992-01-15,86864.99,F,3-MEDIUM,Customer#000143327,HOUSEHOLD,SAUDI ARABIA,MIDDLE EAST
5599076,1992-01-15,36240.36,F,1-URGENT,Customer#000005149,MACHINERY,KENYA,AFRICA
5361283,1992-01-15,141597.91,F,1-URGENT,Customer#000080129,MACHINERY,FRANCE,EUROPE
4874565,1992-01-15,90944.70,F,5-LOW,Customer#000021995,MACHINERY,ALGERIA,AFRICA
5665027,1992-01-15,313100.52,F,4-NOT SPECIFIED,Customer#000090299,HOUSEHOLD,UNITED KINGDOM,EUROPE
5656708,1992-01-15,122896.87,F,4-NOT SPECIFIED,Customer#000088489,BUILDING,CHINA,ASIA
5061733,1992-01-15,75079.92,F,2-HIGH,Customer#000056359,FURNITURE,MOROCCO,AFRICA
5614177,1992-01-15,276603.06,F,3-MEDIUM,Customer#000050695,FURNITURE,IRAN,MIDDLE EAST
5109446,1992-01-15,18170.97,F,2-HIGH,Customer#000138335,FURNITURE,EGYPT,MIDDLE EAST
4904801,1992-01-15,176060.26,F,4-NOT SPECIFIED,Customer#000029821,HOUSEHOLD,IRAN,MIDDLE EAST
5582599,1992-01-15,141037.89,F,2-HIGH,Customer#000039833,BUILDING,MOZAMBIQUE,AFRICA
5911328,1992-01-15,59458.50,F,2-HIGH,Customer#000004789,MACHINERY,ALGERIA,AFRICA
5031559,1992-01-15,42099.32,F,5-LOW,Customer#000120730,HOUSEHOLD,UNITED STATES,AMERICA
5392258,1992-01-15,32758.64,F,3-MEDIUM,Customer#000064745,AUTOMOBILE,INDIA,ASIA
5724737,1992-01-15,169706.68,F,1-URGENT,Customer#000149431,AUTOMOBILE,FRANCE,EUROPE
5847619,1992-01-15,298947.93,F,4-NOT SPECIFIED,Customer#000001427,AUTOMOBILE,IRAQ,MIDDLE EAST
4860928,1992-01-15,121498.70,F,5-LOW,Customer#000048884,FURNITURE,EGYPT,MIDDLE EAST
5066022,1992-01-15,199320.42,F,2-HIGH,Customer#000108979,MACHINERY,MOROCCO,AFRICA
5460007,1992-01-15,262099.64,F,5-LOW,Customer#000023030,FURNITURE,EGYPT,MIDDLE EAST
5232037,1992-01-15,4999.21,F,1-URGENT,Customer#000095689,BUILDING,IRAQ,MIDDLE EAST
4802724,1992-01-15,199491.40,F,5-LOW,Customer#000052103,AUTOMOBILE,INDONESIA,ASIA
1017281,1992-01-15,101317.96,F,4-NOT SPECIFIED,Customer#000137167,AUTOMOBILE,VIETNAM,ASIA
3690752,1992-01-15,275790.79,F,4-NOT SPECIFIED,Customer#000030076,AUTOMOBILE,CHINA,ASIA
1614980,1992-01-15,270316.43,F,4-NOT SPECIFIED,Customer#000145412,HOUSEHOLD,INDIA,ASIA
4153287,1992-01-15,171093.70,F,1-URGENT,Customer#000018835,BUILDING,IRAN,MIDDLE EAST
3735079,1992-01-15,62315.26,F,1-URGENT,Customer#000042781,MACHINERY,RUSSIA,EUROPE
3860384,1992-01-15,238669.17,F,4-NOT SPECIFIED,Customer#000140780,BUILDING,IRAQ,MIDDLE EAST
3726242,1992-01-15,182853.16,F,3-MEDIUM,Customer#000003968,MACHINERY,MOROCCO,AFRICA
3740707,1992-01-15,216217.93,F,3-MEDIUM,Customer#000102329,FURNITURE,CHINA,ASIA
3670020,1992-01-15,173878.59,F,4-NOT SPECIFIED,Customer#000085232,AUTOMOBILE,CHINA,ASIA
3612741,1992-01-15,281690.96,F,5-LOW,Customer#000005990,BUILDING,INDONESIA,ASIA
3741441,1992-01-15,178425.10,F,5-LOW,Customer#000063910,AUTOMOBILE,RUSSIA,EUROPE
1210181,1992-01-15,295603.31,F,5-LOW,Customer#000023971,MACHINERY,EGYPT,MIDDLE EAST
1306629,1992-01-15,114818.06,F,1-URGENT,Customer#000080323,BUILDING,INDONESIA,ASIA
1229344,1992-01-15,141310.35,F,5-LOW,Customer#000010387,BUILDING,UNITED STATES,AMERICA
4036002,1992-01-15,133442.37,F,4-NOT SPECIFIED,Customer#000070444,HOUSEHOLD,JORDAN,MIDDLE EAST
1782369,1992-01-15,79918.58,F,5-LOW,Customer#000000509,FURNITURE,EGYPT,MIDDLE EAST
1322688,1992-01-15,35608.64,F,2-HIGH,Customer#000032182,FURNITURE,ETHIOPIA,AFRICA
3625541,1992-01-15,115836.51,F,1-URGENT,Customer#000149888,HOUSEHOLD,ROMANIA,EUROPE
3710336,1992-01-15,70167.27,F,4-NOT SPECIFIED,Customer#000132947,FURNITURE,CHINA,ASIA
3726210,1992-01-15,15784.80,F,5-LOW,Customer#000092509,BUILDING,PERU,AMERICA
4158176,1992-01-15,89305.03,F,4-NOT SPECIFIED,Customer#000139096,HOUSEHOLD,MOZAMBIQUE,AFRICA
4087590,1992-01-15,102920.48,F,4-NOT SPECIFIED,Customer#000104542,MACHINERY,PERU,AMERICA
1307014,1992-01-15,126911.84,F,5-LOW,Customer#000051214,MACHINERY,VIETNAM,ASIA
4088449,1992-01-15,384248.61,F,1-URGENT,Customer#000129481,BUILDING,FRANCE,EUROPE
4091137,1992-01-15,34007.12,F,3-MEDIUM,Customer#000134899,HOUSEHOLD,RUSSIA,EUROPE
3720839,1992-01-15,45026.86,F,5-LOW,Customer#000110791,AUTOMOBILE,IRAQ,MIDDLE EAST
4190758,1992-01-15,173854.84,F,2-HIGH,Customer#000061649,FURNITURE,INDONESIA,ASIA
4053058,1992-01-15,175710.58,F,4-NOT SPECIFIED,Customer#000132365,HOUSEHOLD,KENYA,AFRICA
3715206,1992-01-15,70321.69,F,2-HIGH,Customer#000105415,FURNITURE,ALGERIA,AFRICA
3758533,1992-01-15,86482.37,F,5-LOW,Customer#000091345,BUILDING,INDONESIA,ASIA
1510592,1992-01-15,126547.91,F,2-HIGH,Customer#000125560,HOUSEHOLD,BRAZIL,AMERICA
3847616,1992-01-15,166069.30,F,4-NOT SPECIFIED,Customer#000001310,HOUSEHOLD,PERU,AMERICA
1258470,1992-01-15,196178.97,F,4-NOT SPECIFIED,Customer#000140174,HOUSEHOLD,UNITED STATES,AMERICA
1211847,1992-01-15,243201.11,F,4-NOT SPECIFIED,Customer#000122870,MACHINERY,RUSSIA,EUROPE
4006054,1992-01-15,111332.32,F,2-HIGH,Customer#000120866,MACHINERY,CHINA,ASIA
1301604,1992-01-15,144321.42,F,1-URGENT,Customer#000042212,HOUSEHOLD,KENYA,AFRICA
1418946,1992-01-15,286574.05,F,4-NOT SPECIFIED,Customer#000061561,AUTOMOBILE,BRAZIL,AMERICA
1341056,1992-01-15,131348.19,F,4-NOT SPECIFIED,Customer#000062530,HOUSEHOLD,GERMANY,EUROPE
1246080,1992-01-15,295135.25,F,5-LOW,Customer#000082657,MACHINERY,ROMANIA,EUROPE
4017959,1992-01-15,50426.56,F,3-MEDIUM,Customer#000092078,MACHINERY,JAPAN,ASIA
3947744,1992-01-15,235639.81,F,1-URGENT,Customer#000017114,HOUSEHOLD,FRANCE,EUROPE
1785570,1992-01-15,80610.18,F,4-NOT SPECIFIED,Customer#000067015,BUILDING,INDONESIA,ASIA
3683879,1992-01-15,89662.43,F,1-URGENT,Customer#000081424,FURNITURE,RUSSIA,EUROPE
3779911,1992-01-15,56376.80,F,5-LOW,Customer#000092128,MACHINERY,RUSSIA,EUROPE
1384480,1992-01-15,158295.59,F,5-LOW,Customer#000114958,FURNITURE,IRAQ,MIDDLE EAST
3631426,1992-01-15,52448.74,F,3-MEDIUM,Customer#000008363,FURNITURE,JAPAN,ASIA
1681378,1992-01-15,90544.93,F,4-NOT SPECIFIED,Customer#000033733,BUILDING,ROMANIA,EUROPE
3691363,1992-01-15,168150.71,F,3-MEDIUM,Customer#000008474,AUTOMOBILE,KENYA,AFRICA
3604709,1992-01-15,91359.01,F,2-HIGH,Customer#000034810,FURNITURE,ROMANIA,EUROPE
3786053,1992-01-15,245927.16,F,4-NOT SPECIFIED,Customer#000051553,AUTOMOBILE,ARGENTINA,AMERICA
1201666,1992-01-15,310580.04,F,5-LOW,Customer#000079922,FURNITURE,INDIA,ASIA
1212646,1992-01-15,18817.05,F,5-LOW,Customer#000052471,BUILDING,INDIA,ASIA
3734144,1992-01-15,98030.36,F,4-NOT SPECIFIED,Customer#000080548,HOUSEHOLD,CANADA,AMERICA
3774307,1992-01-15,325223.12,F,4-NOT SPECIFIED,Customer#000093442,BUILDING,IRAN,MIDDLE EAST
1499174,1992-01-15,90006.75,F,2-HIGH,Customer#000081893,AUTOMOBILE,INDONESIA,ASIA
3849441,1992-01-15,4475.69,F,1-URGENT,Customer#000050311,FURNITURE,UNITED STATES,AMERICA
1566720,1992-01-15,27968.11,F,2-HIGH,Customer#000100156,AUTOMOBILE,JORDAN,MIDDLE EAST
3767751,1992-01-15,131277.14,F,5-LOW,Customer#000084286,FURNITURE,UNITED KINGDOM,EUROPE
1467750,1992-01-15,273754.59,F,2-HIGH,Customer#000009040,HOUSEHOLD,PERU,AMERICA
1327846,1992-01-15,80315.87,F,5-LOW,Customer#000056875,FURNITURE,UNITED KINGDOM,EUROPE
1439297,1992-01-15,108381.55,F,1-URGENT,Customer#000048172,AUTOMOBILE,PERU,AMERICA
717956,1992-01-15,78950.44,F,1-URGENT,Customer#000014341,FURNITURE,MOROCCO,AFRICA
964100,1992-01-15,129427.66,F,4-NOT SPECIFIED,Customer#000092363,HOUSEHOLD,IRAQ,MIDDLE EAST
1155365,1992-01-15,65585.06,F,1-URGENT,Customer#000058501,AUTOMOBILE,ETHIOPIA,AFRICA
953380,1992-01-15,218377.71,F,5-LOW,Customer#000086150,BUILDING,MOROCCO,AFRICA
634949,1992-01-15,46583.24,F,1-URGENT,Customer#000002986,FURNITURE,INDONESIA,ASIA
1065508,1992-01-15,57097.13,F,4-NOT SPECIFIED,Customer#000148603,BUILDING,RUSSIA,EUROPE
806176,1992-01-15,158302.37,F,1-URGENT,Customer#000139807,MACHINERY,INDONESIA,ASIA
864963,1992-01-15,230602.28,F,5-LOW,Customer#000062519,FURNITURE,JORDAN,MIDDLE EAST
808677,1992-01-15,223607.33,F,2-HIGH,Customer#000043357,FURNITURE,JORDAN,MIDDLE EAST
834016,1992-01-15,154973.33,F,1-URGENT,Customer#000124450,FURNITURE,EGYPT,MIDDLE EAST
1020323,1992-01-15,174446.33,F,4-NOT SPECIFIED,Customer#000000622,FURNITURE,JORDAN,MIDDLE EAST
663876,1992-01-15,123632.96,F,5-LOW,Customer#000067954,HOUSEHOLD,ROMANIA,EUROPE
634722,1992-01-15,183056.84,F,5-LOW,Customer#000025963,HOUSEHOLD,IRAN,MIDDLE EAST
600967,1992-01-15,202429.26,F,1-URGENT,Customer#000020530,MACHINERY,KENYA,AFRICA
696194,1992-01-15,241171.75,F,2-HIGH,Customer#000037093,MACHINERY,CANADA,AMERICA
1028480,1992-01-15,137107.52,F,3-MEDIUM,Customer#000006268,BUILDING,ETHIOPIA,AFRICA
884100,1992-01-15,115385.26,F,5-LOW,Customer#000121819,AUTOMOBILE,UNITED STATES,AMERICA
917154,1992-01-15,36634.74,F,1-URGENT,Customer#000129292,HOUSEHOLD,GERMANY,EUROPE
664864,1992-01-15,207842.47,F,5-LOW,Customer#000140965,AUTOMOBILE,JAPAN,ASIA
809636,1992-01-15,74919.69,F,2-HIGH,Customer#000071149,BUILDING,INDIA,ASIA
1126117,1992-01-15,293701.17,F,3-MEDIUM,Customer#000149438,AUTOMOBILE,SAUDI ARABIA,MIDDLE EAST
868868,1992-01-15,221792.91,F,4-NOT SPECIFIED,Customer#000002737,HOUSEHOLD,INDONESIA,ASIA
725984,1992-01-15,209711.23,F,3-MEDIUM,Customer#000065803,BUILDING,INDIA,ASIA
1262914,1992-01-15,110829.35,F,5-LOW,Customer#000140152,BUILDING,INDONESIA,ASIA
1126791,1992-01-15,227642.01,F,1-URGENT,Customer#000121418,FURNITURE,ETHIOPIA,AFRICA
1087651,1992-01-15,167593.12,F,1-URGENT,Customer#000054859,FURNITURE,UNITED STATES,AMERICA
701859,1992-01-15,123389.40,F,3-MEDIUM,Customer#000065533,AUTOMOBILE,EGYPT,MIDDLE EAST
660353,1992-01-15,202124.03,F,5-LOW,Customer#000047201,BUILDING,EGYPT,MIDDLE EAST
1095556,1992-01-15,36044.44,F,1-URGENT,Customer#000042766,MACHINERY,RUSSIA,EUROPE
957472,1992-01-15,126434.78,F,1-URGENT,Customer#000024368,MACHINERY,UNITED KINGDOM,EUROPE
816416,1992-01-15,247242.19,F,4-NOT SPECIFIED,Customer#000018880,MACHINERY,MOZAMBIQUE,AFRICA
806021,1992-01-15,151670.10,F,3-MEDIUM,Customer#000022825,MACHINERY,CHINA,ASIA
3834112,1992-01-15,5195.84,F,1-URGENT,Customer#000053353,MACHINERY,ARGENTINA,AMERICA
659364,1992-01-15,103220.22,F,4-NOT SPECIFIED,Customer#000024586,BUILDING,MOZAMBIQUE,AFRICA
1249410,1992-01-15,40426.62,F,1-URGENT,Customer#000066599,MACHINERY,GERMANY,EUROPE
3742117,1992-01-15,226747.65,F,1-URGENT,Customer#000144508,BUILDING,ALGERIA,AFRICA
922052,1992-01-15,241000.48,F,2-HIGH,Customer#000021013,BUILDING,UNITED STATES,AMERICA
680416,1992-01-15,197628.97,F,4-NOT SPECIFIED,Customer#000115886,AUTOMOBILE,INDONESIA,ASIA
1498848,1992-01-15,233351.28,F,1-URGENT,Customer#000010498,BUILDING,JAPAN,ASIA
1626855,1992-01-15,153350.18,F,5-LOW,Customer#000011395,FURNITURE,ARGENTINA,AMERICA
3894372,1992-01-15,1969.74,F,1-URGENT,Customer#000145006,AUTOMOBILE,INDONESIA,ASIA
1714437,1992-01-15,391803.51,F,5-LOW,Customer#000051445,BUILDING,CHINA,ASIA
1528899,1992-01-15,93220.96,F,1-URGENT,Customer#000024886,AUTOMOBILE,VIETNAM,ASIA
1378273,1992-01-15,221887.90,F,5-LOW,Customer#000123709,BUILDING,INDONESIA,ASIA
1455713,1992-01-15,83598.61,F,3-MEDIUM,Customer#000046825,HOUSEHOLD,INDONESIA,ASIA
1364004,1992-01-15,279259.68,F,2-HIGH,Customer#000036940,MACHINERY,IRAN,MIDDLE EAST
1246880,1992-01-15,78129.05,F,1-URGENT,Customer#000001069,BUILDING,VIETNAM,ASIA
1036033,1992-01-15,60797.57,F,5-LOW,Customer#000126257,AUTOMOBILE,FRANCE,EUROPE
3754112,1992-01-15,217189.80,F,3-MEDIUM,Customer#000099064,HOUSEHOLD,ALGERIA,AFRICA
3887879,1992-01-15,208237.44,F,3-MEDIUM,Customer#000058300,FURNITURE,VIETNAM,ASIA
731009,1992-01-15,219069.42,F,5-LOW,Customer#000065632,BUILDING,GERMANY,EUROPE
4045152,1992-01-15,182377.37,F,1-URGENT,Customer#000022498,HOUSEHOLD,RUSSIA,EUROPE
1286439,1992-01-15,236265.92,F,5-LOW,Customer#000021544,MACHINERY,KENYA,AFRICA
4126657,1992-01-15,44614.94,F,5-LOW,Customer#000008539,AUTOMOBILE,FRANCE,EUROPE
1713409,1992-01-15,141273.05,F,4-NOT SPECIFIED,Customer#000057328,AUTOMOBILE,INDONESIA,ASIA
646215,1992-01-15,336527.99,F,3-MEDIUM,Customer#000097630,BUILDING,IRAQ,MIDDLE EAST
1657888,1992-01-15,190435.57,F,4-NOT SPECIFIED,Customer#000091993,MACHINERY,MOROCCO,AFRICA
3902562,1992-01-15,47808.95,F,5-LOW,Customer#000011671,MACHINERY,JORDAN,MIDDLE EAST
791684,1992-01-15,36021.10,F,5-LOW,Customer#000051955,AUTOMOBILE,ROMANIA,EUROPE
1326437,1992-01-15,186358.94,F,3-MEDIUM,Customer#000073477,AUTOMOBILE,UNITED KINGDOM,EUROPE
3760929,1992-01-15,196945.84,F,2-HIGH,Customer#000117152,FURNITURE,JORDAN,MIDDLE EAST
3946117,1992-01-15,57545.20,F,3-MEDIUM,Customer#000060536,BUILDING,JAPAN,ASIA
671814,1992-01-15,319912.93,F,1-URGENT,Customer#000013996,FURNITURE,SAUDI ARABIA,MIDDLE EAST
1017952,1992-01-15,127223.80,F,3-MEDIUM,Customer#000053509,HOUSEHOLD,IRAN,MIDDLE EAST
3872774,1992-01-15,53726.47,F,4-NOT SPECIFIED,Customer#000142192,AUTOMOBILE,PERU,AMERICA
1761888,1992-01-15,180762.44,F,2-HIGH,Customer#000048965,MACHINERY,GERMANY,EUROPE
998597,1992-01-15,157031.87,F,2-HIGH,Customer#000089552,FURNITURE,INDIA,ASIA
1069317,1992-01-15,30848.52,F,4-NOT SPECIFIED,Customer#000071578,HOUSEHOLD,ROMANIA,EUROPE
4039591,1992-01-15,195561.35,F,3-MEDIUM,Customer#000110483,BUILDING,IRAQ,MIDDLE EAST
933989,1992-01-15,18471.12,F,3-MEDIUM,Customer#000043781,HOUSEHOLD,INDONESIA,ASIA
1121026,1992-01-15,310062.08,F,5-LOW,Customer#000054646,HOUSEHOLD,MOZAMBIQUE,AFRICA
1012614,1992-01-15,103837.99,F,1-URGENT,Customer#000051739,FURNITURE,UNITED KINGDOM,EUROPE
1476645,1992-01-15,191868.92,F,5-LOW,Customer#000075191,BUILDING,INDONESIA,ASIA
4186081,1992-01-15,126382.93,F,1-URGENT,Customer#000077878,MACHINERY,PERU,AMERICA
1109217,1992-01-15,213857.72,F,1-URGENT,Customer#000132691,AUTOMOBILE,MOROCCO,AFRICA
782593,1992-01-15,5370.23,F,5-LOW,Customer#000091190,MACHINERY,GERMANY,EUROPE
1178757,1992-01-15,317987.27,F,3-MEDIUM,Customer#000038359,FURNITURE,JORDAN,MIDDLE EAST
847395,1992-01-15,80054.12,F,3-MEDIUM,Customer#000025585,BUILDING,IRAN,MIDDLE EAST
824038,1992-01-15,122234.99,F,4-NOT SPECIFIED,Customer#000085556,FURNITURE,MOROCCO,AFRICA
1064065,1992-01-15,82892.32,F,4-NOT SPECIFIED,Customer#000106784,MACHINERY,UNITED STATES,AMERICA
914661,1992-01-15,153031.92,F,3-MEDIUM,Customer#000085870,AUTOMOBILE,JORDAN,MIDDLE EAST
1011648,1992-01-15,153479.12,F,5-LOW,Customer#000071377,FURNITURE,GERMANY,EUROPE
84645,1992-01-15,59420.96,F,2-HIGH,Customer#000101344,MACHINERY,JORDAN,MIDDLE EAST
214245,1992-01-15,178841.25,F,3-MEDIUM,Customer#000023063,HOUSEHOLD,INDONESIA,ASIA
269729,1992-01-15,350941.60,F,3-MEDIUM,Customer#000000982,FURNITURE,UNITED KINGDOM,EUROPE
49543,1992-01-15,136745.69,F,4-NOT SPECIFIED,Customer#000039148,MACHINERY,FRANCE,EUROPE
418882,1992-01-15,198244.46,F,2-HIGH,Customer#000107375,BUILDING,JAPAN,ASIA
451011,1992-01-15,269315.39,F,5-LOW,Customer#000139660,FURNITURE,VIETNAM,ASIA
388225,1992-01-15,268483.06,F,5-LOW,Customer#000051808,FURNITURE,IRAN,MIDDLE EAST
393443,1992-01-15,135761.01,F,4-NOT SPECIFIED,Customer#000045715,BUILDING,UNITED KINGDOM,EUROPE
201153,1992-01-15,214181.47,F,4-NOT SPECIFIED,Customer#000080570,HOUSEHOLD,ETHIOPIA,AFRICA
101856,1992-01-15,91846.95,F,3-MEDIUM,Customer#000069425,AUTOMOBILE,CANADA,AMERICA
142946,1992-01-15,180012.65,F,5-LOW,Customer#000007024,AUTOMOBILE,EGYPT,MIDDLE EAST
36357,1992-01-15,217556.82,F,4-NOT SPECIFIED,Customer#000066919,BUILDING,KENYA,AFRICA
281281,1992-01-15,208076.86,F,3-MEDIUM,Customer#000021173,MACHINERY,SAUDI ARABIA,MIDDLE EAST
247168,1992-01-15,96002.91,F,5-LOW,Customer#000071765,HOUSEHOLD,ARGENTINA,AMERICA
72487,1992-01-15,275514.07,F,5-LOW,Customer#000111730,HOUSEHOLD,KENYA,AFRICA
234055,1992-01-15,268271.08,F,2-HIGH,Customer#000069590,FURNITURE,RUSSIA,EUROPE
480967,1992-01-15,127769.32,F,3-MEDIUM,Customer#000011234,BUILDING,ALGERIA,AFRICA
388802,1992-01-15,56150.18,F,3-MEDIUM,Customer#000070606,AUTOMOBILE,JAPAN,ASIA
417056,1992-01-15,301531.86,F,1-URGENT,Customer#000092755,AUTOMOBILE,GERMANY,EUROPE
117735,1992-01-15,174807.88,F,4-NOT SPECIFIED,Customer#000098668,HOUSEHOLD,IRAN,MIDDLE EAST
535393,1992-01-15,20655.93,F,2-HIGH,Customer#000084553,HOUSEHOLD,INDIA,ASIA
265925,1992-01-15,247272.77,F,3-MEDIUM,Customer#000119527,AUTOMOBILE,PERU,AMERICA
352736,1992-01-15,237329.15,F,1-URGENT,Customer#000043549,AUTOMOBILE,GERMANY,EUROPE
585603,1992-01-15,225854.89,F,1-URGENT,Customer#000148054,MACHINERY,UNITED STATES,AMERICA
522343,1992-01-15,225929.26,F,5-LOW,Customer#000147149,AUTOMOBILE,FRANCE,EUROPE
198304,1992-01-15,327375.94,F,1-URGENT,Customer#000025955,BUILDING,UNITED KINGDOM,EUROPE
517571,1992-01-15,288666.46,F,1-URGENT,Customer#000105829,BUILDING,IRAN,MIDDLE EAST
440995,1992-01-15,149008.55,F,5-LOW,Customer#000138634,MACHINERY,IRAQ,MIDDLE EAST
10151,1992-01-15,13703.11,F,1-URGENT,Customer#000058786,HOUSEHOLD,PERU,AMERICA
81603,1992-01-15,108222.78,F,5-LOW,Customer#000092902,FURNITURE,UNITED KINGDOM,EUROPE
171938,1992-01-15,233712.44,F,5-LOW,Customer#000058864,HOUSEHOLD,CHINA,ASIA
395584,1992-01-15,33574.42,F,3-MEDIUM,Customer#000095800,BUILDING,IRAN,MIDDLE EAST
537216,1992-01-15,132556.88,F,3-MEDIUM,Customer#000091630,FURNITURE,CANADA,AMERICA
327975,1992-01-15,329095.70,F,3-MEDIUM,Customer#000091747,AUTOMOBILE,RUSSIA,EUROPE
32615,1992-01-15,24657.22,F,4-NOT SPECIFIED,Customer#000134614,BUILDING,GERMANY,EUROPE
377346,1992-01-15,96905.62,F,5-LOW,Customer#000012682,AUTOMOBILE,RUSSIA,EUROPE
583879,1992-01-15,162015.20,F,4-NOT SPECIFIED,Customer#000093229,BUILDING,BRAZIL,AMERICA
20834,1992-01-15,35634.63,F,3-MEDIUM,Customer#000116689,HOUSEHOLD,JAPAN,ASIA
191270,1992-01-15,90616.78,F,3-MEDIUM,Customer#000087187,BUILDING,UNITED KINGDOM,EUROPE
200039,1992-01-15,61314.48,F,3-MEDIUM,Customer#000022639,BUILDING,EGYPT,MIDDLE EAST
95203,1992-01-15,202914.50,F,2-HIGH,Customer#000013175,AUTOMOBILE,INDONESIA,ASIA
258215,1992-01-15,111439.29,F,1-URGENT,Customer#000129925,HOUSEHOLD,FRANCE,EUROPE
190848,1992-01-15,284210.38,F,1-URGENT,Customer#000013007,BUILDING,CANADA,AMERICA
516135,1992-01-15,150725.30,F,2-HIGH,Customer#000092510,MACHINERY,JORDAN,MIDDLE EAST
3999171,1992-01-15,84060.26,F,3-MEDIUM,Customer#000145945,FURNITURE,JORDAN,MIDDLE EAST
352705,1992-01-15,151038.04,F,2-HIGH,Customer#000105289,BUILDING,CANADA,AMERICA
124676,1992-01-15,37837.65,F,3-MEDIUM,Customer#000005785,BUILDING,KENYA,AFRICA
394407,1992-01-15,75519.91,F,1-URGENT,Customer#000049007,MACHINERY,CHINA,ASIA
163843,1992-01-15,200670.74,F,2-HIGH,Customer#000115864,HOUSEHOLD,IRAN,MIDDLE EAST
93319,1992-01-15,377667.25,F,3-MEDIUM,Customer#000098231,BUILDING,GERMANY,EUROPE
2385255,1992-01-15,89266.15,F,5-LOW,Customer#000104110,BUILDING,JORDAN,MIDDLE EAST
2119108,1992-01-15,149069.34,F,1-URGENT,Customer#000017183,BUILDING,ALGERIA,AFRICA
1724676,1992-01-15,75804.58,F,3-MEDIUM,Customer#000108299,AUTOMOBILE,JORDAN,MIDDLE EAST
1476965,1992-01-15,178416.79,F,1-URGENT,Customer#000022724,HOUSEHOLD,IRAQ,MIDDLE EAST
122530,1992-01-15,158392.06,F,3-MEDIUM,Customer#000041999,BUILDING,EGYPT,MIDDLE EAST
566467,1992-01-15,44438.83,F,4-NOT SPECIFIED,Customer#000092221,MACHINERY,FRANCE,EUROPE
266147,1992-01-15,162107.51,F,4-NOT SPECIFIED,Customer#000071959,FURNITURE,ALGERIA,AFRICA
5711879,1992-01-15,221758.59,F,3-MEDIUM,Customer#000089392,HOUSEHOLD,GERMANY,EUROPE
2979812,1992-01-16,282097.41,F,1-URGENT,Customer#000051487,FURNITURE,CHINA,ASIA
2781888,1992-01-16,232723.05,F,3-MEDIUM,Customer#000076843,BUILDING,INDONESIA,ASIA
2780704,1992-01-16,163121.29,F,5-LOW,Customer#000089893,FURNITURE,ARGENTINA,AMERICA
2779910,1992-01-16,228388.08,F,4-NOT SPECIFIED,Customer#000101179,AUTOMOBILE,JORDAN,MIDDLE EAST
2947109,1992-01-16,271230.34,F,4-NOT SPECIFIED,Customer#000113431,AUTOMOBILE,VIETNAM,ASIA
2431264,1992-01-16,114705.39,F,4-NOT SPECIFIED,Customer#000134246,HOUSEHOLD,KENYA,AFRICA
2873350,1992-01-16,108760.98,F,4-NOT SPECIFIED,Customer#000061264,MACHINERY,FRANCE,EUROPE
2639206,1992-01-16,195413.04,F,1-URGENT,Customer#000075731,FURNITURE,IRAN,MIDDLE EAST
2453477,1992-01-16,103282.28,F,4-NOT SPECIFIED,Customer#000088084,FURNITURE,VIETNAM,ASIA
2902786,1992-01-16,58124.85,F,4-NOT SPECIFIED,Customer#000011839,FURNITURE,INDIA,ASIA
2896769,1992-01-16,56492.39,F,3-MEDIUM,Customer#000129811,HOUSEHOLD,BRAZIL,AMERICA
2550049,1992-01-16,218672.61,F,1-URGENT,Customer#000032365,AUTOMOBILE,FRANCE,EUROPE
2834278,1992-01-16,61953.69,F,1-URGENT,Customer#000026935,FURNITURE,RUSSIA,EUROPE
2634914,1992-01-16,315439.03,F,3-MEDIUM,Customer#000047755,HOUSEHOLD,JAPAN,ASIA
2561063,1992-01-16,222346.59,F,2-HIGH,Customer#000088771,HOUSEHOLD,VIETNAM,ASIA
2733249,1992-01-16,42739.87,F,2-HIGH,Customer#000004451,HOUSEHOLD,CANADA,AMERICA
2626242,1992-01-16,99750.29,F,1-URGENT,Customer#000111979,FURNITURE,KENYA,AFRICA
2948483,1992-01-16,159125.38,F,5-LOW,Customer#000056807,MACHINERY,UNITED KINGDOM,EUROPE
2787619,1992-01-16,249198.63,F,1-URGENT,Customer#000025088,MACHINERY,PERU,AMERICA
2991713,1992-01-16,122485.24,F,3-MEDIUM,Customer#000041459,BUILDING,IRAQ,MIDDLE EAST
2464067,1992-01-16,43550.04,F,5-LOW,Customer#000070375,BUILDING,SAUDI ARABIA,MIDDLE EAST
2464258,1992-01-16,241462.13,F,1-URGENT,Customer#000025681,HOUSEHOLD,UNITED KINGDOM,EUROPE
2615558,1992-01-16,292501.00,F,5-LOW,Customer#000056602,AUTOMOBILE,UNITED STATES,AMERICA
1861894,1992-01-16,24384.98,F,4-NOT SPECIFIED,Customer#000147002,AUTOMOBILE,CHINA,ASIA
3326372,1992-01-16,263415.51,F,5-LOW,Customer#000032510,MACHINERY,PERU,AMERICA
3181094,1992-01-16,194580.44,F,4-NOT SPECIFIED,Customer#000030454,BUILDING,MOROCCO,AFRICA
3002723,1992-01-16,68196.91,F,2-HIGH,Customer#000088045,AUTOMOBILE,CHINA,ASIA
3355684,1992-01-16,112940.82,F,3-MEDIUM,Customer#000106939,MACHINERY,ETHIOPIA,AFRICA
3176866,1992-01-16,211974.21,F,2-HIGH,Customer#000036736,BUILDING,ARGENTINA,AMERICA
3221316,1992-01-16,244325.96,F,4-NOT SPECIFIED,Customer#000117436,MACHINERY,EGYPT,MIDDLE EAST
3364483,1992-01-16,155286.09,F,4-NOT SPECIFIED,Customer#000085949,FURNITURE,CANADA,AMERICA
3331815,1992-01-16,22215.90,F,5-LOW,Customer#000130873,FURNITURE,VIETNAM,ASIA
3508548,1992-01-16,277406.24,F,3-MEDIUM,Customer#000012953,MACHINERY,BRAZIL,AMERICA
3158695,1992-01-16,102996.50,F,3-MEDIUM,Customer#000094831,FURNITURE,IRAQ,MIDDLE EAST
3429031,1992-01-16,37803.20,F,1-URGENT,Customer#000036332,BUILDING,JORDAN,MIDDLE EAST
3032005,1992-01-16,268312.70,F,2-HIGH,Customer#000003976,HOUSEHOLD,ARGENTINA,AMERICA
3020583,1992-01-16,338543.88,F,1-URGENT,Customer#000027592,FURNITURE,INDONESIA,ASIA
3381892,1992-01-16,182742.27,F,5-LOW,Customer#000004304,HOUSEHOLD,ETHIOPIA,AFRICA
3035714,1992-01-16,191615.15,F,4-NOT SPECIFIED,Customer#000083740,MACHINERY,UNITED KINGDOM,EUROPE
3538689,1992-01-16,89873.36,F,2-HIGH,Customer#000147097,HOUSEHOLD,JORDAN,MIDDLE EAST
3085024,1992-01-16,176758.36,F,3-MEDIUM,Customer#000129632,HOUSEHOLD,VIETNAM,ASIA
3160933,1992-01-16,188078.91,F,1-URGENT,Customer#000024089,AUTOMOBILE,PERU,AMERICA
3502241,1992-01-16,148065.10,F,5-LOW,Customer#000098795,AUTOMOBILE,ARGENTINA,AMERICA
3383623,1992-01-16,163445.79,F,2-HIGH,Customer#000117313,FURNITURE,KENYA,AFRICA
3152544,1992-01-16,90810.29,F,1-URGENT,Customer#000123052,BUILDING,KENYA,AFRICA
3024419,1992-01-16,131602.46,F,5-LOW,Customer#000095380,BUILDING,EGYPT,MIDDLE EAST
3252929,1992-01-16,173899.98,F,4-NOT SPECIFIED,Customer#000007963,AUTOMOBILE,JORDAN,MIDDLE EAST
3488418,1992-01-16,182512.91,F,2-HIGH,Customer#000005252,MACHINERY,UNITED KINGDOM,EUROPE
3394528,1992-01-16,55758.57,F,3-MEDIUM,Customer#000118003,AUTOMOBILE,RUSSIA,EUROPE
3253152,1992-01-16,63753.88,F,4-NOT SPECIFIED,Customer#000012121,MACHINERY,MOROCCO,AFRICA
3176611,1992-01-16,121535.47,F,4-NOT SPECIFIED,Customer#000001780,FURNITURE,PERU,AMERICA
3525893,1992-01-16,128748.75,F,4-NOT SPECIFIED,Customer#000076552,MACHINERY,ETHIOPIA,AFRICA
3544225,1992-01-16,225173.70,F,2-HIGH,Customer#000008191,BUILDING,BRAZIL,AMERICA
3487686,1992-01-16,43681.31,F,4-NOT SPECIFIED,Customer#000132257,AUTOMOBILE,MOZAMBIQUE,AFRICA
3259655,1992-01-16,49801.22,F,1-URGENT,Customer#000064558,MACHINERY,ALGERIA,AFRICA
3414245,1992-01-16,273422.13,F,1-URGENT,Customer#000125026,HOUSEHOLD,UNITED STATES,AMERICA
3010273,1992-01-16,157755.83,F,3-MEDIUM,Customer#000047710,AUTOMOBILE,ARGENTINA,AMERICA
3067847,1992-01-16,155709.44,F,1-URGENT,Customer#000080167,BUILDING,IRAN,MIDDLE EAST
3063171,1992-01-16,313210.91,F,5-LOW,Customer#000042391,HOUSEHOLD,BRAZIL,AMERICA
3291077,1992-01-16,65970.71,F,4-NOT SPECIFIED,Customer#000052600,HOUSEHOLD,ROMANIA,EUROPE
3084773,1992-01-16,57061.62,F,1-URGENT,Customer#000029176,BUILDING,PERU,AMERICA
3022212,1992-01-16,239217.34,F,3-MEDIUM,Customer#000000928,HOUSEHOLD,VIETNAM,ASIA
3508672,1992-01-16,3479.87,F,1-URGENT,Customer#000038498,HOUSEHOLD,RUSSIA,EUROPE
3069315,1992-01-16,179223.15,F,4-NOT SPECIFIED,Customer#000008353,BUILDING,ALGERIA,AFRICA
3458340,1992-01-16,182182.29,F,4-NOT SPECIFIED,Customer#000124565,HOUSEHOLD,ETHIOPIA,AFRICA
3336768,1992-01-16,310988.12,F,1-URGENT,Customer#000102017,MACHINERY,CHINA,ASIA
3430592,1992-01-16,154988.05,F,4-NOT SPECIFIED,Customer#000120380,AUTOMOBILE,SAUDI ARABIA,MIDDLE EAST
3560419,1992-01-16,304318.73,F,1-URGENT,Customer#000107632,HOUSEHOLD,UNITED KINGDOM,EUROPE
3425927,1992-01-16,258243.50,F,3-MEDIUM,Customer#000113824,BUILDING,ETHIOPIA,AFRICA
3246851,1992-01-16,234836.78,F,3-MEDIUM,Customer#000140651,HOUSEHOLD,IRAQ,MIDDLE EAST
3445124,1992-01-16,19279.97,F,1-URGENT,Customer#000119461,BUILDING,UNITED STATES,AMERICA
3582401,1992-01-16,184983.12,F,4-NOT SPECIFIED,Customer#000039383,HOUSEHOLD,IRAQ,MIDDLE EAST
3021026,1992-01-16,59823.03,F,3-MEDIUM,Customer#000103453,AUTOMOBILE,EGYPT,MIDDLE EAST
3342884,1992-01-16,208010.38,F,1-URGENT,Customer#000043414,MACHINERY,IRAN,MIDDLE EAST
3556545,1992-01-16,93498.43,F,4-NOT SPECIFIED,Customer#000113870,AUTOMOBILE,FRANCE,EUROPE
3538022,1992-01-16,257944.14,F,3-MEDIUM,Customer#000145231,HOUSEHOLD,PERU,AMERICA
3388706,1992-01-16,364262.08,F,5-LOW,Customer#000009565,MACHINERY,VIETNAM,ASIA
3366339,1992-01-16,299251.34,F,5-LOW,Customer#000123116,AUTOMOBILE,ALGERIA,AFRICA
3451651,1992-01-16,241708.21,F,5-LOW,Customer#000021367,HOUSEHOLD,ALGERIA,AFRICA
3437639,1992-01-16,301724.76,F,1-URGENT,Customer#000027394,FURNITURE,SAUDI ARABIA,MIDDLE EAST
3089056,1992-01-16,103295.40,F,2-HIGH,Customer#000117146,FURNITURE,EGYPT,MIDDLE EAST
3411590,1992-01-16,274652.70,F,3-MEDIUM,Customer#000031570,HOUSEHOLD,ETHIOPIA,AFRICA
3054247,1992-01-16,317472.01,F,3-MEDIUM,Customer#000126599,MACHINERY,ALGERIA,AFRICA
2216295,1992-01-16,279007.79,F,4-NOT SPECIFIED,Customer#000001396,BUILDING,CANADA,AMERICA
3129830,1992-01-16,70270.50,F,1-URGENT,Customer#000079625,BUILDING,CANADA,AMERICA
3181637,1992-01-16,223168.59,F,5-LOW,Customer#000044473,BUILDING,ARGENTINA,AMERICA
3403559,1992-01-16,239358.85,F,2-HIGH,Customer#000101044,FURNITURE,JAPAN,ASIA
3061734,1992-01-16,36329.87,F,3-MEDIUM,Customer#000017695,MACHINERY,VIETNAM,ASIA
3363813,1992-01-16,26190.78,F,1-URGENT,Customer#000004936,MACHINERY,RUSSIA,EUROPE
3170885,1992-01-16,365673.83,F,5-LOW,Customer#000115135,HOUSEHOLD,IRAN,MIDDLE EAST
3317250,1992-01-16,63584.91,F,2-HIGH,Customer#000071749,MACHINERY,ROMANIA,EUROPE
3531011,1992-01-16,312622.22,F,5-LOW,Customer#000024685,FURNITURE,UNITED KINGDOM,EUROPE
3319975,1992-01-16,214252.79,F,4-NOT SPECIFIED,Customer#000006988,BUILDING,CANADA,AMERICA
3222688,1992-01-16,117920.68,F,3-MEDIUM,Customer#000107053,FURNITURE,FRANCE,EUROPE
3462660,1992-01-16,76681.71,F,4-NOT SPECIFIED,Customer#000121528,MACHINERY,ROMANIA,EUROPE
3052738,1992-01-16,55953.32,F,5-LOW,Customer#000054949,AUTOMOBILE,ROMANIA,EUROPE
2649187,1992-01-16,57770.31,F,3-MEDIUM,Customer#000057466,BUILDING,FRANCE,EUROPE
2645731,1992-01-16,74573.70,F,3-MEDIUM,Customer#000058445,AUTOMOBILE,INDONESIA,ASIA
2648039,1992-01-16,146210.39,F,4-NOT SPECIFIED,Customer#000104912,HOUSEHOLD,JAPAN,ASIA
2727457,1992-01-16,45832.29,F,1-URGENT,Customer#000063928,BUILDING,UNITED KINGDOM,EUROPE
2796960,1992-01-16,288487.42,F,2-HIGH,Customer#000095389,MACHINERY,BRAZIL,AMERICA
2701570,1992-01-16,138626.41,F,2-HIGH,Customer#000142862,BUILDING,FRANCE,EUROPE
2834785,1992-01-16,286117.72,F,5-LOW,Customer#000027190,FURNITURE,FRANCE,EUROPE
2452807,1992-01-16,159679.17,F,4-NOT SPECIFIED,Customer#000045769,BUILDING,KENYA,AFRICA
2796996,1992-01-16,227591.62,F,5-LOW,Customer#000133385,HOUSEHOLD,INDONESIA,ASIA
2602917,1992-01-16,211320.41,F,3-MEDIUM,Customer#000090064,HOUSEHOLD,INDONESIA,ASIA
2457831,1992-01-16,173034.23,F,3-MEDIUM,Customer#000035573,HOUSEHOLD,JORDAN,MIDDLE EAST
2761958,1992-01-16,96476.31,F,4-NOT SPECIFIED,Customer#000068414,MACHINERY,INDONESIA,ASIA
2404963,1992-01-16,12376.54,F,4-NOT SPECIFIED,Customer#000128593,HOUSEHOLD,ROMANIA,EUROPE
2699140,1992-01-16,68287.29,F,3-MEDIUM,Customer#000103385,AUTOMOBILE,ETHIOPIA,AFRICA
2602853,1992-01-16,247761.40,F,1-URGENT,Customer#000096143,BUILDING,JORDAN,MIDDLE EAST
2491622,1992-01-16,98591.14,F,1-URGENT,Customer#000145630,HOUSEHOLD,INDIA,ASIA
2278371,1992-01-16,246843.68,F,1-URGENT,Customer#000067915,MACHINERY,MOZAMBIQUE,AFRICA
2903108,1992-01-16,207362.66,F,2-HIGH,Customer#000004997,FURNITURE,INDONESIA,ASIA
2944260,1992-01-16,278499.80,F,2-HIGH,Customer#000100423,BUILDING,KENYA,AFRICA
2057063,1992-01-16,161873.25,F,4-NOT SPECIFIED,Customer#000062423,FURNITURE,GERMANY,EUROPE
2545669,1992-01-16,201773.09,F,1-URGENT,Customer#000016499,FURNITURE,VIETNAM,ASIA
2864227,1992-01-16,143549.87,F,3-MEDIUM,Customer#000048382,AUTOMOBILE,MOZAMBIQUE,AFRICA
2539747,1992-01-16,43894.69,F,2-HIGH,Customer#000048821,MACHINERY,SAUDI ARABIA,MIDDLE EAST
2207329,1992-01-16,258950.73,F,3-MEDIUM,Customer#000076603,BUILDING,CANADA,AMERICA
1959367,1992-01-16,27539.96,F,5-LOW,Customer#000092752,BUILDING,ROMANIA,EUROPE
1813920,1992-01-16,68349.23,F,3-MEDIUM,Customer#000135772,BUILDING,CANADA,AMERICA
2179776,1992-01-16,143615.00,F,5-LOW,Customer#000053524,FURNITURE,IRAN,MIDDLE EAST
2273344,1992-01-16,159045.59,F,2-HIGH,Customer#000111784,BUILDING,FRANCE,EUROPE
2078944,1992-01-16,105139.35,F,4-NOT SPECIFIED,Customer#000056344,MACHINERY,ETHIOPIA,AFRICA
1989377,1992-01-16,162423.90,F,5-LOW,Customer#000041216,HOUSEHOLD,UNITED STATES,AMERICA
5095302,1992-01-16,303171.03,F,3-MEDIUM,Customer#000036667,MACHINERY,VIETNAM,ASIA
1890854,1992-01-16,226275.35,F,5-LOW,Customer#000051491,FURNITURE,INDONESIA,ASIA
2077222,1992-01-16,193852.21,F,5-LOW,Customer#000125455,BUILDING,EGYPT,MIDDLE EAST
5314208,1992-01-16,33282.28,F,1-URGENT,Customer#000085274,HOUSEHOLD,FRANCE,EUROPE
2245863,1992-01-16,188553.98,F,4-NOT SPECIFIED,Customer#000116185,AUTOMOBILE,GERMANY,EUROPE
2223941,1992-01-16,15956.88,F,3-MEDIUM,Customer#000132503,BUILDING,RUSSIA,EUROPE
2112352,1992-01-16,199055.35,F,1-URGENT,Customer#000053320,HOUSEHOLD,SAUDI ARABIA,MIDDLE EAST
2312162,1992-01-16,184698.43,F,2-HIGH,Customer#000064337,HOUSEHOLD,MOZAMBIQUE,AFRICA
2107140,1992-01-16,84717.34,F,5-LOW,Customer#000134000,AUTOMOBILE,GERMANY,EUROPE
1855329,1992-01-16,307592.48,F,3-MEDIUM,Customer#000109552,BUILDING,UNITED KINGDOM,EUROPE
2101732,1992-01-16,129187.80,F,5-LOW,Customer#000107449,BUILDING,EGYPT,MIDDLE EAST
2076384,1992-01-16,169206.67,F,4-NOT SPECIFIED,Customer#000131128,AUTOMOBILE,CHINA,ASIA
2139207,1992-01-16,260190.92,F,5-LOW,Customer#000141385,HOUSEHOLD,SAUDI ARABIA,MIDDLE EAST
1953543,1992-01-16,146354.71,F,1-URGENT,Customer#000054199,BUILDING,PERU,AMERICA
2222533,1992-01-16,160824.89,F,3-MEDIUM,Customer#000026665,HOUSEHOLD,IRAQ,MIDDLE EAST
1875556,1992-01-16,297743.80,F,2-HIGH,Customer#000097061,FURNITURE,UNITED STATES,AMERICA
2248166,1992-01-16,169240.59,F,3-MEDIUM,Customer#000149054,FURNITURE,PERU,AMERICA
2038433,1992-01-16,167248.31,F,4-NOT SPECIFIED,Customer#000056440,HOUSEHOLD,GERMANY,EUROPE
5189351,1992-01-16,70623.42,F,2-HIGH,Customer#000096319,FURNITURE,INDONESIA,ASIA
5710213,1992-01-16,58549.67,F,4-NOT SPECIFIED,Customer#000098357,MACHINERY,FRANCE,EUROPE
2158951,1992-01-16,238276.63,F,2-HIGH,Customer#000135047,BUILDING,INDONESIA,ASIA
2037378,1992-01-16,143655.93,F,3-MEDIUM,Customer#000072247,BUILDING,JORDAN,MIDDLE EAST
2315585,1992-01-16,252909.55,F,3-MEDIUM,Customer#000093514,MACHINERY,IRAN,MIDDLE EAST
2115077,1992-01-16,86042.72,F,5-LOW,Customer#000009791,FURNITURE,BRAZIL,AMERICA
1972896,1992-01-16,55420.51,F,1-URGENT,Customer#000123187,HOUSEHOLD,UNITED STATES,AMERICA
2072550,1992-01-16,206887.10,F,2-HIGH,Customer#000024004,HOUSEHOLD,ROMANIA,EUROPE
2142853,1992-01-16,395025.67,F,1-URGENT,Customer#000146509,MACHINERY,JORDAN,MIDDLE EAST
2071590,1992-01-16,111837.70,F,5-LOW,Customer#000114091,BUILDING,GERMANY,EUROPE
2200229,1992-01-16,28501.70,F,5-LOW,Customer#000112390,BUILDING,UNITED STATES,AMERICA
5341824,1992-01-16,46770.07,F,5-LOW,Customer#000064477,BUILDING,PERU,AMERICA
1853383,1992-01-16,251812.88,F,5-LOW,Customer#000138971,MACHINERY,UNITED KINGDOM,EUROPE
1975713,1992-01-16,208750.68,F,5-LOW,Customer#000017417,MACHINERY,MOZAMBIQUE,AFRICA
1891622,1992-01-16,217309.29,F,2-HIGH,Customer#000034099,HOUSEHOLD,KENYA,AFRICA
2189508,1992-01-16,103071.98,F,1-URGENT,Customer#000101699,MACHINERY,INDIA,ASIA
2146599,1992-01-16,160621.54,F,1-URGENT,Customer#000006160,FURNITURE,JORDAN,MIDDLE EAST
5465862,1992-01-16,46328.56,F,3-MEDIUM,Customer#000028051,HOUSEHOLD,FRANCE,EUROPE
4898944,1992-01-16,20568.23,F,4-NOT SPECIFIED,Customer#000095728,AUTOMOBILE,UNITED KINGDOM,EUROPE
2236740,1992-01-16,182770.22,F,2-HIGH,Customer#000111256,MACHINERY,RUSSIA,EUROPE
2235943,1992-01-16,237231.49,F,4-NOT SPECIFIED,Customer#000100819,HOUSEHOLD,JORDAN,MIDDLE EAST
2319105,1992-01-16,118732.95,F,1-URGENT,Customer#000140104,FURNITURE,VIETNAM,ASIA
5584391,1992-01-16,48141.83,F,4-NOT SPECIFIED,Customer#000032422,BUILDING,VIETNAM,ASIA
5415616,1992-01-16,204384.55,F,2-HIGH,Customer#000116938,FURNITURE,EGYPT,MIDDLE EAST
2135686,1992-01-16,170651.39,F,4-NOT SPECIFIED,Customer#000122308,BUILDING,BRAZIL,AMERICA
1930054,1992-01-16,118565.46,F,1-URGENT,Customer#000148975,FURNITURE,INDONESIA,ASIA
2083303,1992-01-16,150908.46,F,5-LOW,Customer#000121567,AUTOMOBILE,VIETNAM,ASIA
2225636,1992-01-16,116494.76,F,5-LOW,Customer#000024788,FURNITURE,CANADA,AMERICA
2120133,1992-01-16,262934.75,F,3-MEDIUM,Customer#000001342,MACHINERY,MOZAMBIQUE,AFRICA
2014433,1992-01-16,47641.50,F,4-NOT SPECIFIED,Customer#000031388,AUTOMOBILE,VIETNAM,ASIA
2377794,1992-01-16,304537.98,F,3-MEDIUM,Customer#000110542,MACHINERY,BRAZIL,AMERICA
1904608,1992-01-16,145258.21,F,2-HIGH,Customer#000112165,HOUSEHOLD,INDONESIA,ASIA
1861153,1992-01-16,34562.11,F,3-MEDIUM,Customer#000021988,MACHINERY,UNITED STATES,AMERICA
2266016,1992-01-16,13454.76,F,3-MEDIUM,Customer#000095963,MACHINERY,UNITED STATES,AMERICA
1991174,1992-01-16,390127.15,F,1-URGENT,Customer#000087701,HOUSEHOLD,INDONESIA,ASIA
2288897,1992-01-16,58948.90,F,5-LOW,Customer#000075884,BUILDING,IRAN,MIDDLE EAST
2140327,1992-01-16,24012.07,F,1-URGENT,Customer#000137239,AUTOMOBILE,MOROCCO,AFRICA
2312739,1992-01-16,263840.86,F,1-URGENT,Customer#000148567,FURNITURE,INDONESIA,ASIA
2345478,1992-01-16,14610.37,F,4-NOT SPECIFIED,Customer#000101516,AUTOMOBILE,RUSSIA,EUROPE
1984901,1992-01-16,349925.41,F,2-HIGH,Customer#000011104,HOUSEHOLD,IRAN,MIDDLE EAST
2277826,1992-01-16,40913.04,F,1-URGENT,Customer#000029132,MACHINERY,UNITED STATES,AMERICA
1931392,1992-01-16,1347.42,F,4-NOT SPECIFIED,Customer#000029962,HOUSEHOLD,ETHIOPIA,AFRICA
2184967,1992-01-16,24494.43,F,5-LOW,Customer#000125512,BUILDING,VIETNAM,ASIA
1945414,1992-01-16,318274.77,F,5-LOW,Customer#000116365,HOUSEHOLD,RUSSIA,EUROPE
1995527,1992-01-16,64576.57,F,1-URGENT,Customer#000146617,BUILDING,ROMANIA,EUROPE
1963424,1992-01-16,301255.91,F,1-URGENT,Customer#000032815,AUTOMOBILE,UNITED KINGDOM,EUROPE
2047810,1992-01-16,340403.26,F,3-MEDIUM,Customer#000064348,AUTOMOBILE,ALGERIA,AFRICA
2261926,1992-01-16,185103.11,F,3-MEDIUM,Customer#000070621,BUILDING,MOROCCO,AFRICA
5099777,1992-01-16,177065.65,F,4-NOT SPECIFIED,Customer#000145976,AUTOMOBILE,INDIA,ASIA
1836225,1992-01-16,302914.13,F,3-MEDIUM,Customer#000033298,MACHINERY,PERU,AMERICA
1864133,1992-01-16,227687.10,F,2-HIGH,Customer#000147233,MACHINERY,KENYA,AFRICA
2054370,1992-01-16,231720.57,F,3-MEDIUM,Customer#000047206,BUILDING,PERU,AMERICA
2041026,1992-01-16,79394.40,F,3-MEDIUM,Customer#000139153,AUTOMOBILE,CANADA,AMERICA
5733922,1992-01-16,129761.47,F,5-LOW,Customer#000055883,AUTOMOBILE,CHINA,ASIA
2729221,1992-01-16,319231.73,F,5-LOW,Customer#000133268,BUILDING,ARGENTINA,AMERICA
2783364,1992-01-16,93503.90,F,5-LOW,Customer#000032479,HOUSEHOLD,RUSSIA,EUROPE
4812453,1992-01-16,191421.70,F,1-URGENT,Customer#000030925,FURNITURE,IRAN,MIDDLE EAST
1855047,1992-01-16,38923.87,F,4-NOT SPECIFIED,Customer#000047075,FURNITURE,MOZAMBIQUE,AFRICA
5077031,1992-01-16,70653.69,F,5-LOW,Customer#000074959,BUILDING,FRANCE,EUROPE
5167910,1992-01-16,193917.80,F,4-NOT SPECIFIED,Customer#000045055,AUTOMOBILE,MOZAMBIQUE,AFRICA
5989703,1992-01-16,123990.11,F,3-MEDIUM,Customer#000039304,BUILDING,FRANCE,EUROPE
5731651,1992-01-16,91268.36,F,5-LOW,Customer#000113932,AUTOMOBILE,KENYA,AFRICA
5111078,1992-01-16,288454.45,F,1-URGENT,Customer#000024398,HOUSEHOLD,CHINA,ASIA
4844997,1992-01-16,180324.74,F,4-NOT SPECIFIED,Customer#000096550,MACHINERY,CANADA,AMERICA
5633509,1992-01-16,45633.10,F,5-LOW,Customer#000005059,MACHINERY,FRANCE,EUROPE
5249414,1992-01-16,157190.84,F,4-NOT SPECIFIED,Customer#000066058,HOUSEHOLD,UNITED KINGDOM,EUROPE
5286310,1992-01-16,45533.04,F,4-NOT SPECIFIED,Customer#000100021,FURNITURE,UNITED STATES,AMERICA
5728354,1992-01-16,90392.69,F,3-MEDIUM,Customer#000031466,FURNITURE,JORDAN,MIDDLE EAST
5873797,1992-01-16,179945.15,F,5-LOW,Customer#000084932,FURNITURE,ETHIOPIA,AFRICA
5848611,1992-01-16,147813.72,F,2-HIGH,Customer#000027130,FURNITURE,UNITED STATES,AMERICA
5393764,1992-01-16,152737.21,F,3-MEDIUM,Customer#000060545,BUILDING,MOROCCO,AFRICA
5212227,1992-01-16,177479.19,F,2-HIGH,Customer#000038360,HOUSEHOLD,RUSSIA,EUROPE
5376101,1992-01-16,198217.39,F,1-URGENT,Customer#000100865,BUILDING,INDONESIA,ASIA
4917895,1992-01-16,211058.20,F,1-URGENT,Customer#000110963,MACHINERY,ARGENTINA,AMERICA
5895777,1992-01-16,82582.81,F,2-HIGH,Customer#000043043,FURNITURE,ARGENTINA,AMERICA
5741472,1992-01-16,195037.86,F,3-MEDIUM,Customer#000089495,AUTOMOBILE,CANADA,AMERICA
5405510,1992-01-16,7399.47,F,5-LOW,Customer#000125929,HOUSEHOLD,ETHIOPIA,AFRICA
5963942,1992-01-16,128519.77,F,5-LOW,Customer#000040693,MACHINERY,GERMANY,EUROPE
5952453,1992-01-16,103608.18,F,5-LOW,Customer#000096133,BUILDING,VIETNAM,ASIA
4806976,1992-01-16,91632.05,F,2-HIGH,Customer#000126751,FURNITURE,UNITED KINGDOM,EUROPE
5900961,1992-01-16,44286.63,F,3-MEDIUM,Customer#000041788,FURNITURE,ETHIOPIA,AFRICA
5814918,1992-01-16,20338.99,F,5-LOW,Customer#000110839,AUTOMOBILE,ETHIOPIA,AFRICA
5789665,1992-01-16,152310.39,F,1-URGENT,Customer#000089305,BUILDING,UNITED KINGDOM,EUROPE
4840866,1992-01-16,91286.53,F,5-LOW,Customer#000096172,BUILDING,FRANCE,EUROPE
4997729,1992-01-16,279132.15,F,2-HIGH,Customer#000034234,FURNITURE,UNITED KINGDOM,EUROPE
5053863,1992-01-16,249896.42,F,1-URGENT,Customer#000041507,AUTOMOBILE,UNITED KINGDOM,EUROPE
4873414,1992-01-16,263598.18,F,5-LOW,Customer#000010781,AUTOMOBILE,MOZAMBIQUE,AFRICA
5042785,1992-01-16,12719.30,F,4-NOT SPECIFIED,Customer#000098701,FURNITURE,FRANCE,EUROPE
5623522,1992-01-16,234544.64,F,4-NOT SPECIFIED,Customer#000040099,HOUSEHOLD,CHINA,ASIA
5014790,1992-01-16,50102.53,F,3-MEDIUM,Customer#000143500,FURNITURE,IRAN,MIDDLE EAST
5832290,1992-01-16,306946.20,F,4-NOT SPECIFIED,Customer#000105826,AUTOMOBILE,IRAN,MIDDLE EAST
5155300,1992-01-16,94616.53,F,4-NOT SPECIFIED,Customer#000142622,BUILDING,ALGERIA,AFRICA
5344935,1992-01-16,92469.91,F,5-LOW,Customer#000006406,AUTOMOBILE,VIETNAM,ASIA
5254919,1992-01-16,20577.17,F,2-HIGH,Customer#000128255,HOUSEHOLD,SAUDI ARABIA,MIDDLE EAST
5728516,1992-01-16,65176.20,F,4-NOT SPECIFIED,Customer#000087943,FURNITURE,GERMANY,EUROPE
5386594,1992-01-16,369883.09,F,3-MEDIUM,Customer#000004501,HOUSEHOLD,CANADA,AMERICA
5923714,1992-01-16,312471.38,F,5-LOW,Customer#000118841,AUTOMOBILE,FRANCE,EUROPE
5945347,1992-01-16,13159.04,F,2-HIGH,Customer#000021746,MACHINERY,ALGERIA,AFRICA
5401798,1992-01-16,186824.18,F,4-NOT SPECIFIED,Customer#000136301,MACHINERY,ETHIOPIA,AFRICA
5108293,1992-01-16,249910.48,F,5-LOW,Customer#000109994,FURNITURE,EGYPT,MIDDLE EAST
5348673,1992-01-16,208550.93,F,5-LOW,Customer#000006787,BUILDING,EGYPT,MIDDLE EAST
5733732,1992-01-16,45655.54,F,5-LOW,Customer#000133300,MACHINERY,CHINA,ASIA
4908612,1992-01-16,169172.59,F,5-LOW,Customer#000080563,BUILDING,JAPAN,ASIA
4825283,1992-01-16,38350.81,F,2-HIGH,Customer#000005933,FURNITURE,RUSSIA,EUROPE
5861569,1992-01-16,190244.99,F,2-HIGH,Customer#000033163,MACHINERY,ALGERIA,AFRICA
5091141,1992-01-16,269805.45,F,4-NOT SPECIFIED,Customer#000146348,BUILDING,INDONESIA,ASIA
4834055,1992-01-16,2461.67,F,5-LOW,Customer#000041197,FURNITURE,CHINA,ASIA
5375141,1992-01-16,184475.29,F,4-NOT SPECIFIED,Customer#000006124,MACHINERY,GERMANY,EUROPE
5215747,1992-01-16,339074.18,F,1-URGENT,Customer#000063739,MACHINERY,CHINA,ASIA
5336867,1992-01-16,158279.84,F,3-MEDIUM,Customer#000081619,FURNITURE,RUSSIA,EUROPE
5748480,1992-01-16,158776.07,F,4-NOT SPECIFIED,Customer#000055390,FURNITURE,BRAZIL,AMERICA
5996256,1992-01-16,217200.71,F,5-LOW,Customer#000103091,HOUSEHOLD,UNITED KINGDOM,EUROPE
5802435,1992-01-16,30060.03,F,3-MEDIUM,Customer#000042361,FURNITURE,EGYPT,MIDDLE EAST
4225509,1992-01-16,227822.07,F,2-HIGH,Customer#000058447,BUILDING,CANADA,AMERICA
4777509,1992-01-16,95315.11,F,2-HIGH,Customer#000130018,FURNITURE,GERMANY,EUROPE
4363681,1992-01-16,93005.74,F,3-MEDIUM,Customer#000003301,BUILDING,FRANCE,EUROPE
4674466,1992-01-16,125607.62,F,4-NOT SPECIFIED,Customer#000077137,HOUSEHOLD,GERMANY,EUROPE
4618850,1992-01-16,300110.08,F,2-HIGH,Customer#000060785,AUTOMOBILE,KENYA,AFRICA
4284800,1992-01-16,208086.85,F,5-LOW,Customer#000045347,HOUSEHOLD,FRANCE,EUROPE
4465830,1992-01-16,170776.09,F,3-MEDIUM,Customer#000110267,AUTOMOBILE,JORDAN,MIDDLE EAST
4425447,1992-01-16,221856.48,F,5-LOW,Customer#000112199,AUTOMOBILE,MOROCCO,AFRICA
4639363,1992-01-16,159689.62,F,4-NOT SPECIFIED,Customer#000090685,MACHINERY,MOROCCO,AFRICA
4544263,1992-01-16,184127.70,F,5-LOW,Customer#000020503,HOUSEHOLD,INDIA,ASIA
4646273,1992-01-16,93958.53,F,4-NOT SPECIFIED,Customer#000065372,BUILDING,INDIA,ASIA
4317831,1992-01-16,225623.57,F,2-HIGH,Customer#000097522,MACHINERY,UNITED KINGDOM,EUROPE
4564483,1992-01-16,31953.76,F,1-URGENT,Customer#000045986,MACHINERY,SAUDI ARABIA,MIDDLE EAST
4768966,1992-01-16,123311.32,F,2-HIGH,Customer#000027356,MACHINERY,ETHIOPIA,AFRICA
4637412,1992-01-16,64307.49,F,1-URGENT,Customer#000038950,AUTOMOBILE,MOZAMBIQUE,AFRICA
4249474,1992-01-16,136393.22,F,4-NOT SPECIFIED,Customer#000125992,BUILDING,RUSSIA,EUROPE
4472933,1992-01-16,205462.24,F,1-URGENT,Customer#000091523,BUILDING,PERU,AMERICA
4485255,1992-01-16,184632.22,F,1-URGENT,Customer#000135032,HOUSEHOLD,JAPAN,ASIA
4784357,1992-01-16,226503.98,F,3-MEDIUM,Customer#000020101,HOUSEHOLD,JORDAN,MIDDLE EAST
4256291,1992-01-16,271089.89,F,2-HIGH,Customer#000075157,FURNITURE,IRAQ,MIDDLE EAST
4719047,1992-01-16,285589.16,F,2-HIGH,Customer#000073958,FURNITURE,ARGENTINA,AMERICA
4303329,1992-01-16,283618.79,F,5-LOW,Customer#000060334,HOUSEHOLD,PERU,AMERICA
4285507,1992-01-16,193266.32,F,4-NOT SPECIFIED,Customer#000072922,HOUSEHOLD,GERMANY,EUROPE
4447971,1992-01-16,140449.27,F,4-NOT SPECIFIED,Customer#000000554,HOUSEHOLD,BRAZIL,AMERICA
4245504,1992-01-16,203067.36,F,3-MEDIUM,Customer#000015662,MACHINERY,INDIA,ASIA
4312836,1992-01-16,28600.95,F,3-MEDIUM,Customer#000051004,MACHINERY,VIETNAM,ASIA
4201537,1992-01-16,73663.20,F,2-HIGH,Customer#000039016,FURNITURE,BRAZIL,AMERICA
4381892,1992-01-16,131607.58,F,3-MEDIUM,Customer#000124265,HOUSEHOLD,SAUDI ARABIA,MIDDLE EAST
4544965,1992-01-16,235405.06,F,3-MEDIUM,Customer#000011950,FURNITURE,PERU,AMERICA
4689222,1992-01-16,96909.76,F,2-HIGH,Customer#000130795,FURNITURE,ROMANIA,EUROPE
4236960,1992-01-16,151220.57,F,5-LOW,Customer#000027137,FURNITURE,ARGENTINA,AMERICA
4665764,1992-01-16,162464.90,F,2-HIGH,Customer#000019175,BUILDING,ALGERIA,AFRICA
4273764,1992-01-16,217187.15,F,2-HIGH,Customer#000029404,AUTOMOBILE,BRAZIL,AMERICA
4776992,1992-01-16,8663.62,F,2-HIGH,Customer#000117109,MACHINERY,ALGERIA,AFRICA
4499783,1992-01-16,1449.95,F,2-HIGH,Customer#000080992,FURNITURE,UNITED KINGDOM,EUROPE
4244673,1992-01-16,89296.05,F,2-HIGH,Customer#000144907,MACHINERY,JORDAN,MIDDLE EAST
4401761,1992-01-16,204314.46,F,5-LOW,Customer#000079198,MACHINERY,JAPAN,ASIA
4453095,1992-01-16,107108.99,F,5-LOW,Customer#000020341,BUILDING,VIETNAM,ASIA
4578689,1992-01-16,249811.16,F,5-LOW,Customer#000026887,FURNITURE,ALGERIA,AFRICA
4206018,1992-01-16,163333.44,F,2-HIGH,Customer#000066796,FURNITURE,ROMANIA,EUROPE
4633895,1992-01-16,180419.12,F,5-LOW,Customer#000107375,BUILDING,JAPAN,ASIA
4349795,1992-01-16,187698.01,F,5-LOW,Customer#000130061,AUTOMOBILE,JORDAN,MIDDLE EAST
4526405,1992-01-16,240431.11,F,1-URGENT,Customer#000122654,MACHINERY,UNITED KINGDOM,EUROPE
4670465,1992-01-16,34611.53,F,1-URGENT,Customer#000057245,FURNITURE,ARGENTINA,AMERICA
4611591,1992-01-16,304635.13,F,2-HIGH,Customer#000034810,FURNITURE,ROMANIA,EUROPE
4660839,1992-01-16,248293.93,F,1-URGENT,Customer#000050461,AUTOMOBILE,UNITED STATES,AMERICA
4311588,1992-01-16,73003.18,F,2-HIGH,Customer#000128179,FURNITURE,INDONESIA,ASIA
4440672,1992-01-16,47866.96,F,1-URGENT,Customer#000130531,MACHINERY,SAUDI ARABIA,MIDDLE EAST
4206918,1992-01-16,115393.34,F,4-NOT SPECIFIED,Customer#000013927,MACHINERY,CANADA,AMERICA
4468101,1992-01-16,279930.05,F,3-MEDIUM,Customer#000031798,HOUSEHOLD,GERMANY,EUROPE
4723652,1992-01-16,224234.09,F,5-LOW,Customer#000035218,AUTOMOBILE,FRANCE,EUROPE
4315619,1992-01-16,33207.29,F,5-LOW,Customer#000045943,MACHINERY,CHINA,ASIA
4574144,1992-01-16,101996.91,F,3-MEDIUM,Customer#000089774,BUILDING,UNITED KINGDOM,EUROPE
4629571,1992-01-16,126192.77,F,1-URGENT,Customer#000095660,AUTOMOBILE,UNITED STATES,AMERICA
4492995,1992-01-16,74126.19,F,2-HIGH,Customer#000138463,MACHINERY,SAUDI ARABIA,MIDDLE EAST
4717703,1992-01-16,211002.95,F,1-URGENT,Customer#000047047,HOUSEHOLD,MOZAMBIQUE,AFRICA
4268419,1992-01-16,111356.94,F,4-NOT SPECIFIED,Customer#000076379,BUILDING,KENYA,AFRICA
4666277,1992-01-16,64896.63,F,1-URGENT,Customer#000060296,BUILDING,MOROCCO,AFRICA
4783520,1992-01-16,120126.13,F,1-URGENT,Customer#000133207,BUILDING,FRANCE,EUROPE
4226502,1992-01-16,106881.87,F,2-HIGH,Customer#000101743,AUTOMOBILE,EGYPT,MIDDLE EAST
4695971,1992-01-16,155598.57,F,5-LOW,Customer#000068066,MACHINERY,ARGENTINA,AMERICA
2831271,1992-01-16,54202.33,F,1-URGENT,Customer#000092471,MACHINERY,JAPAN,ASIA
2504868,1992-01-16,47303.52,F,5-LOW,Customer#000071011,BUILDING,SAUDI ARABIA,MIDDLE EAST
2599781,1992-01-16,225406.32,F,4-NOT SPECIFIED,Customer#000011666,AUTOMOBILE,EGYPT,MIDDLE EAST
2553031,1992-01-16,280677.55,F,2-HIGH,Customer#000036667,MACHINERY,VIETNAM,ASIA
2644518,1992-01-16,277248.60,F,4-NOT SPECIFIED,Customer#000046582,MACHINERY,PERU,AMERICA
2729824,1992-01-16,245017.84,F,5-LOW,Customer#000119053,BUILDING,MOZAMBIQUE,AFRICA
2512677,1992-01-16,200903.51,F,4-NOT SPECIFIED,Customer#000052420,HOUSEHOLD,UNITED KINGDOM,EUROPE
2694309,1992-01-16,163380.22,F,3-MEDIUM,Customer#000081569,HOUSEHOLD,SAUDI ARABIA,MIDDLE EAST
4465381,1992-01-16,210447.49,F,3-MEDIUM,Customer#000093223,HOUSEHOLD,SAUDI ARABIA,MIDDLE EAST
5703333,1992-01-16,213584.61,F,4-NOT SPECIFIED,Customer#000074846,BUILDING,MOROCCO,AFRICA
3638055,1992-01-16,291088.20,F,4-NOT SPECIFIED,Customer#000016315,AUTOMOBILE,CHINA,ASIA
3664135,1992-01-16,143361.69,F,5-LOW,Customer#000110509,FURNITURE,MOZAMBIQUE,AFRICA
4176101,1992-01-16,234268.16,F,1-URGENT,Customer#000042802,BUILDING,PERU,AMERICA
1362627,1992-01-16,217937.76,F,3-MEDIUM,Customer#000027526,MACHINERY,JAPAN,ASIA
1620391,1992-01-16,21353.08,F,3-MEDIUM,Customer#000060736,HOUSEHOLD,GERMANY,EUROPE
1515332,1992-01-16,131353.97,F,2-HIGH,Customer#000046261,BUILDING,JAPAN,ASIA
3765634,1992-01-16,90547.69,F,2-HIGH,Customer#000120145,AUTOMOBILE,PERU,AMERICA
3671653,1992-01-16,6468.45,F,5-LOW,Customer#000100081,AUTOMOBILE,EGYPT,MIDDLE EAST
1254406,1992-01-16,91740.54,F,5-LOW,Customer#000113825,AUTOMOBILE,BRAZIL,AMERICA
3847911,1992-01-16,210944.19,F,4-NOT SPECIFIED,Customer#000051904,BUILDING,SAUDI ARABIA,MIDDLE EAST
1240839,1992-01-16,67252.13,F,3-MEDIUM,Customer#000049087,HOUSEHOLD,ETHIOPIA,AFRICA
3970182,1992-01-16,89532.56,F,3-MEDIUM,Customer#000064960,FURNITURE,EGYPT,MIDDLE EAST
1723394,1992-01-16,159486.79,F,4-NOT SPECIFIED,Customer#000073682,HOUSEHOLD,ROMANIA,EUROPE
3916582,1992-01-16,57669.96,F,1-URGENT,Customer#000012901,MACHINERY,CANADA,AMERICA
1771778,1992-01-16,153292.33,F,2-HIGH,Customer#000099976,BUILDING,VIETNAM,ASIA
4034755,1992-01-16,152016.75,F,4-NOT SPECIFIED,Customer#000075202,MACHINERY,BRAZIL,AMERICA
3936262,1992-01-16,147521.71,F,5-LOW,Customer#000024688,BUILDING,VIETNAM,ASIA
1701796,1992-01-16,175810.85,F,3-MEDIUM,Customer#000136015,AUTOMOBILE,INDONESIA,ASIA
1486340,1992-01-16,47617.91,F,1-URGENT,Customer#000120308,MACHINERY,ETHIOPIA,AFRICA
3659139,1992-01-16,5579.07,F,2-HIGH,Customer#000021220,BUILDING,GERMANY,EUROPE
3913764,1992-01-16,255445.43,F,5-LOW,Customer#000006136,BUILDING,ROMANIA,EUROPE
1308933,1992-01-16,63720.40,F,3-MEDIUM,Customer#000038269,FURNITURE,GERMANY,EUROPE
1772226,1992-01-16,63578.18,F,5-LOW,Customer#000111739,BUILDING,ARGENTINA,AMERICA
3818308,1992-01-16,39553.60,F,3-MEDIUM,Customer#000076390,MACHINERY,ARGENTINA,AMERICA
3877988,1992-01-16,281773.20,F,5-LOW,Customer#000005060,MACHINERY,JORDAN,MIDDLE EAST
1751875,1992-01-16,188274.53,F,5-LOW,Customer#000046024,FURNITURE,UNITED KINGDOM,EUROPE
4104422,1992-01-16,172100.08,F,1-URGENT,Customer#000082640,HOUSEHOLD,IRAN,MIDDLE EAST
3933095,1992-01-16,139545.34,F,5-LOW,Customer#000091813,BUILDING,ROMANIA,EUROPE
5236162,1992-01-16,21495.34,F,1-URGENT,Customer#000105649,AUTOMOBILE,IRAQ,MIDDLE EAST
3611872,1992-01-16,373574.26,F,1-URGENT,Customer#000060793,HOUSEHOLD,BRAZIL,AMERICA
4892580,1992-01-16,260149.33,F,3-MEDIUM,Customer#000080713,AUTOMOBILE,UNITED KINGDOM,EUROPE
5854725,1992-01-16,273958.09,F,5-LOW,Customer#000019922,MACHINERY,EGYPT,MIDDLE EAST
5458916,1992-01-16,163949.81,F,2-HIGH,Customer#000094930,MACHINERY,RUSSIA,EUROPE
5541858,1992-01-16,204397.04,F,3-MEDIUM,Customer#000139849,AUTOMOBILE,EGYPT,MIDDLE EAST
4921536,1992-01-16,256718.23,F,5-LOW,Customer#000041638,FURNITURE,ROMANIA,EUROPE
4802691,1992-01-16,206465.71,F,4-NOT SPECIFIED,Customer#000010003,AUTOMOBILE,ETHIOPIA,AFRICA
5827778,1992-01-16,346955.52,F,3-MEDIUM,Customer#000070193,AUTOMOBILE,ARGENTINA,AMERICA
5138978,1992-01-16,165122.50,F,3-MEDIUM,Customer#000040454,MACHINERY,UNITED STATES,AMERICA
5949862,1992-01-16,133488.69,F,4-NOT SPECIFIED,Customer#000040240,BUILDING,PERU,AMERICA
5214913,1992-01-16,297823.19,F,3-MEDIUM,Customer#000062507,BUILDING,MOROCCO,AFRICA
5168007,1992-01-16,305137.67,F,2-HIGH,Customer#000131191,AUTOMOBILE,ARGENTINA,AMERICA
5392770,1992-01-16,45492.41,F,5-LOW,Customer#000146000,FURNITURE,ROMANIA,EUROPE
5354339,1992-01-16,328820.92,F,4-NOT SPECIFIED,Customer#000111425,AUTOMOBILE,INDONESIA,ASIA
5826528,1992-01-16,283191.81,F,5-LOW,Customer#000010723,HOUSEHOLD,EGYPT,MIDDLE EAST
5101506,1992-01-16,159434.79,F,5-LOW,Customer#000061124,HOUSEHOLD,UNITED KINGDOM,EUROPE
5973223,1992-01-16,14790.38,F,1-URGENT,Customer#000118021,AUTOMOBILE,CHINA,ASIA
5645445,1992-01-16,131848.81,F,3-MEDIUM,Customer#000052969,HOUSEHOLD,UNITED STATES,AMERICA
5160899,1992-01-16,117697.88,F,5-LOW,Customer#000138862,MACHINERY,JAPAN,ASIA
4992357,1992-01-16,47294.01,F,3-MEDIUM,Customer#000123734,HOUSEHOLD,GERMANY,EUROPE
5811495,1992-01-16,38399.15,F,5-LOW,Customer#000071338,HOUSEHOLD,MOROCCO,AFRICA
5105542,1992-01-16,83527.44,F,1-URGENT,Customer#000068323,BUILDING,IRAN,MIDDLE EAST
5585923,1992-01-16,46343.81,F,5-LOW,Customer#000045005,BUILDING,ETHIOPIA,AFRICA
5459073,1992-01-16,36092.43,F,3-MEDIUM,Customer#000030691,AUTOMOBILE,KENYA,AFRICA
4902528,1992-01-16,172591.38,F,2-HIGH,Customer#000119042,FURNITURE,INDIA,ASIA
5560807,1992-01-16,220476.91,F,5-LOW,Customer#000087535,HOUSEHOLD,MOROCCO,AFRICA
5149764,1992-01-16,88709.04,F,2-HIGH,Customer#000008177,HOUSEHOLD,CHINA,ASIA
5016359,1992-01-16,140783.73,F,1-URGENT,Customer#000041758,MACHINERY,SAUDI ARABIA,MIDDLE EAST
5674177,1992-01-16,365049.79,F,1-URGENT,Customer#000071960,HOUSEHOLD,MOZAMBIQUE,AFRICA
5187173,1992-01-16,148301.31,F,5-LOW,Customer#000008206,AUTOMOBILE,ARGENTINA,AMERICA
5212547,1992-01-16,326071.30,F,5-LOW,Customer#000043546,MACHINERY,SAUDI ARABIA,MIDDLE EAST
5766724,1992-01-16,208658.81,F,1-URGENT,Customer#000136972,AUTOMOBILE,UNITED STATES,AMERICA
5633510,1992-01-16,149995.71,F,2-HIGH,Customer#000110815,AUTOMOBILE,VIETNAM,ASIA
4896037,1992-01-16,83308.51,F,4-NOT SPECIFIED,Customer#000140147,HOUSEHOLD,ARGENTINA,AMERICA
5811840,1992-01-16,175890.61,F,1-URGENT,Customer#000093805,BUILDING,CHINA,ASIA
5508836,1992-01-16,143703.93,F,2-HIGH,Customer#000085120,HOUSEHOLD,SAUDI ARABIA,MIDDLE EAST
5090209,1992-01-16,51031.79,F,3-MEDIUM,Customer#000078632,FURNITURE,CANADA,AMERICA
5063748,1992-01-16,107785.50,F,4-NOT SPECIFIED,Customer#000140236,AUTOMOBILE,PERU,AMERICA
5121890,1992-01-16,113729.17,F,1-URGENT,Customer#000060170,MACHINERY,UNITED STATES,AMERICA
520674,1992-01-16,197658.70,F,2-HIGH,Customer#000087857,AUTOMOBILE,UNITED KINGDOM,EUROPE
437089,1992-01-16,59141.51,F,5-LOW,Customer#000003538,MACHINERY,UNITED STATES,AMERICA
234627,1992-01-16,172532.12,F,4-NOT SPECIFIED,Customer#000065671,BUILDING,CHINA,ASIA
24864,1992-01-16,205549.21,F,1-URGENT,Customer#000039844,MACHINERY,ETHIOPIA,AFRICA
355587,1992-01-16,161779.66,F,5-LOW,Customer#000045073,HOUSEHOLD,ETHIOPIA,AFRICA
209729,1992-01-16,329024.13,F,1-URGENT,Customer#000130579,AUTOMOBILE,CHINA,ASIA
5057540,1992-01-16,289054.85,F,2-HIGH,Customer#000092341,AUTOMOBILE,RUSSIA,EUROPE
589699,1992-01-16,252557.05,F,3-MEDIUM,Customer#000119419,HOUSEHOLD,INDONESIA,ASIA
60101,1992-01-16,195069.37,F,1-URGENT,Customer#000032867,FURNITURE,SAUDI ARABIA,MIDDLE EAST
274851,1992-01-16,307037.41,F,1-URGENT,Customer#000028144,FURNITURE,ARGENTINA,AMERICA
493890,1992-01-16,171665.57,F,1-URGENT,Customer#000047171,HOUSEHOLD,CANADA,AMERICA
60292,1992-01-16,105560.31,F,3-MEDIUM,Customer#000146563,BUILDING,GERMANY,EUROPE
492641,1992-01-16,151348.51,F,4-NOT SPECIFIED,Customer#000038005,BUILDING,ARGENTINA,AMERICA
354119,1992-01-16,337880.06,F,3-MEDIUM,Customer#000092044,FURNITURE,ETHIOPIA,AFRICA
97602,1992-01-16,34657.71,F,3-MEDIUM,Customer#000131378,MACHINERY,MOZAMBIQUE,AFRICA
387651,1992-01-16,349166.54,F,5-LOW,Customer#000145567,AUTOMOBILE,VIETNAM,ASIA
424837,1992-01-16,47997.94,F,2-HIGH,Customer#000132223,HOUSEHOLD,INDONESIA,ASIA
160321,1992-01-16,129082.47,F,2-HIGH,Customer#000041620,MACHINERY,IRAQ,MIDDLE EAST
232098,1992-01-16,36741.18,F,2-HIGH,Customer#000018880,MACHINERY,MOZAMBIQUE,AFRICA
2210,1992-01-16,56433.02,F,2-HIGH,Customer#000031753,MACHINERY,IRAQ,MIDDLE EAST
255239,1992-01-16,125042.34,F,1-URGENT,Customer#000009850,MACHINERY,INDONESIA,ASIA
5330883,1992-01-16,316396.88,F,1-URGENT,Customer#000041077,AUTOMOBILE,FRANCE,EUROPE
308902,1992-01-16,130375.67,F,4-NOT SPECIFIED,Customer#000145486,FURNITURE,ETHIOPIA,AFRICA
311328,1992-01-16,224968.77,F,4-NOT SPECIFIED,Customer#000117026,HOUSEHOLD,ARGENTINA,AMERICA
240099,1992-01-16,119851.73,F,1-URGENT,Customer#000087686,FURNITURE,MOZAMBIQUE,AFRICA
249058,1992-01-16,75832.00,F,4-NOT SPECIFIED,Customer#000100162,HOUSEHOLD,IRAN,MIDDLE EAST
380771,1992-01-16,14052.66,F,3-MEDIUM,Customer#000026863,BUILDING,RUSSIA,EUROPE
466051,1992-01-16,164636.55,F,3-MEDIUM,Customer#000085351,AUTOMOBILE,PERU,AMERICA
554853,1992-01-16,333578.53,F,1-URGENT,Customer#000080741,FURNITURE,UNITED STATES,AMERICA
176454,1992-01-16,141949.34,F,1-URGENT,Customer#000036650,AUTOMOBILE,JORDAN,MIDDLE EAST
75655,1992-01-16,187888.64,F,3-MEDIUM,Customer#000116212,AUTOMOBILE,PERU,AMERICA
530308,1992-01-16,30477.57,F,4-NOT SPECIFIED,Customer#000065885,HOUSEHOLD,GERMANY,EUROPE
474564,1992-01-16,1235.04,F,2-HIGH,Customer#000047695,AUTOMOBILE,IRAQ,MIDDLE EAST
532007,1992-01-16,65210.76,F,3-MEDIUM,Customer#000031142,HOUSEHOLD,UNITED KINGDOM,EUROPE
144454,1992-01-16,265945.63,F,3-MEDIUM,Customer#000124720,MACHINERY,CANADA,AMERICA
580359,1992-01-16,174522.05,F,1-URGENT,Customer#000146449,BUILDING,MOROCCO,AFRICA
407042,1992-01-16,243624.54,F,1-URGENT,Customer#000006772,MACHINERY,IRAN,MIDDLE EAST
5884390,1992-01-16,172239.24,F,3-MEDIUM,Customer#000132370,AUTOMOBILE,IRAN,MIDDLE EAST
26883,1992-01-16,42947.05,F,5-LOW,Customer#000147781,MACHINERY,GERMANY,EUROPE
5253254,1992-01-16,55393.94,F,2-HIGH,Customer#000097223,MACHINERY,ETHIOPIA,AFRICA
5956418,1992-01-16,275561.78,F,3-MEDIUM,Customer#000148609,AUTOMOBILE,PERU,AMERICA
1677606,1992-01-16,150145.50,F,3-MEDIUM,Customer#000093854,HOUSEHOLD,INDONESIA,ASIA
3723651,1992-01-16,51823.34,F,2-HIGH,Customer#000087242,HOUSEHOLD,FRANCE,EUROPE
4175398,1992-01-16,307787.86,F,2-HIGH,Customer#000091291,FURNITURE,CHINA,ASIA
1282087,1992-01-16,320526.04,F,5-LOW,Customer#000007966,FURNITURE,MOZAMBIQUE,AFRICA
1667239,1992-01-16,46146.01,F,1-URGENT,Customer#000139247,MACHINERY,FRANCE,EUROPE
3967239,1992-01-16,78057.56,F,4-NOT SPECIFIED,Customer#000141662,HOUSEHOLD,INDONESIA,ASIA
1525184,1992-01-16,172039.78,F,3-MEDIUM,Customer#000074332,AUTOMOBILE,JORDAN,MIDDLE EAST
4104259,1992-01-16,115192.57,F,4-NOT SPECIFIED,Customer#000134833,BUILDING,IRAN,MIDDLE EAST
4116423,1992-01-16,259799.22,F,1-URGENT,Customer#000057362,FURNITURE,IRAQ,MIDDLE EAST
1235493,1992-01-16,144009.71,F,4-NOT SPECIFIED,Customer#000003754,FURNITURE,UNITED KINGDOM,EUROPE
1406786,1992-01-16,263390.15,F,4-NOT SPECIFIED,Customer#000084961,FURNITURE,INDIA,ASIA
3888389,1992-01-16,127566.33,F,2-HIGH,Customer#000050780,HOUSEHOLD,CANADA,AMERICA
4193985,1992-01-16,53804.02,F,1-URGENT,Customer#000049207,HOUSEHOLD,ETHIOPIA,AFRICA
1439654,1992-01-16,240759.38,F,3-MEDIUM,Customer#000028781,BUILDING,EGYPT,MIDDLE EAST
4183140,1992-01-16,133631.42,F,1-URGENT,Customer#000094505,FURNITURE,RUSSIA,EUROPE
3620103,1992-01-16,159966.25,F,3-MEDIUM,Customer#000112600,HOUSEHOLD,CHINA,ASIA
1047552,1992-01-16,131903.28,F,5-LOW,Customer#000045350,MACHINERY,UNITED STATES,AMERICA
3889761,1992-01-16,281295.48,F,1-URGENT,Customer#000018187,FURNITURE,MOROCCO,AFRICA
3714212,1992-01-16,47276.61,F,5-LOW,Customer#000095810,MACHINERY,UNITED KINGDOM,EUROPE
3719969,1992-01-16,34189.28,F,1-URGENT,Customer#000003298,AUTOMOBILE,ETHIOPIA,AFRICA
156418,1992-01-16,194387.59,F,4-NOT SPECIFIED,Customer#000143732,HOUSEHOLD,CHINA,ASIA
3719808,1992-01-16,110498.47,F,5-LOW,Customer#000074332,AUTOMOBILE,JORDAN,MIDDLE EAST
3734469,1992-01-16,27053.02,F,5-LOW,Customer#000097562,FURNITURE,UNITED STATES,AMERICA
3675207,1992-01-16,188845.75,F,5-LOW,Customer#000020999,HOUSEHOLD,BRAZIL,AMERICA
765569,1992-01-16,78026.67,F,5-LOW,Customer#000122467,FURNITURE,KENYA,AFRICA
638085,1992-01-16,159746.24,F,5-LOW,Customer#000088135,FURNITURE,BRAZIL,AMERICA
686149,1992-01-16,65699.30,F,4-NOT SPECIFIED,Customer#000036553,BUILDING,UNITED KINGDOM,EUROPE
1032993,1992-01-16,135138.04,F,2-HIGH,Customer#000118292,HOUSEHOLD,CANADA,AMERICA
807843,1992-01-16,41298.13,F,2-HIGH,Customer#000124760,AUTOMOBILE,UNITED KINGDOM,EUROPE
1661921,1992-01-16,68605.80,F,1-URGENT,Customer#000079106,MACHINERY,IRAQ,MIDDLE EAST
1569537,1992-01-16,73872.27,F,5-LOW,Customer#000122783,MACHINERY,ROMANIA,EUROPE
919239,1992-01-16,83507.24,F,4-NOT SPECIFIED,Customer#000076846,HOUSEHOLD,RUSSIA,EUROPE
816903,1992-01-16,172833.57,F,2-HIGH,Customer#000051907,FURNITURE,INDONESIA,ASIA
1017696,1992-01-16,219869.19,F,4-NOT SPECIFIED,Customer#000081721,BUILDING,JORDAN,MIDDLE EAST
960610,1992-01-16,28096.40,F,1-URGENT,Customer#000040363,MACHINERY,MOZAMBIQUE,AFRICA
858818,1992-01-16,275842.38,F,5-LOW,Customer#000114008,FURNITURE,SAUDI ARABIA,MIDDLE EAST
688162,1992-01-16,336262.15,F,1-URGENT,Customer#000059939,BUILDING,PERU,AMERICA
579904,1992-01-16,167317.09,F,2-HIGH,Customer#000092626,BUILDING,CHINA,ASIA
932483,1992-01-16,175607.60,F,5-LOW,Customer#000051979,HOUSEHOLD,ARGENTINA,AMERICA
109825,1992-01-16,75843.95,F,5-LOW,Customer#000072629,AUTOMOBILE,EGYPT,MIDDLE EAST
593154,1992-01-16,126626.87,F,3-MEDIUM,Customer#000010213,AUTOMOBILE,ETHIOPIA,AFRICA
613479,1992-01-16,50677.49,F,4-NOT SPECIFIED,Customer#000119155,AUTOMOBILE,ARGENTINA,AMERICA
556418,1992-01-16,199691.53,F,4-NOT SPECIFIED,Customer#000056302,HOUSEHOLD,CHINA,ASIA
269191,1992-01-16,31127.50,F,1-URGENT,Customer#000062219,BUILDING,MOZAMBIQUE,AFRICA
155908,1992-01-16,66046.49,F,4-NOT SPECIFIED,Customer#000080638,HOUSEHOLD,GERMANY,EUROPE
325027,1992-01-16,143588.75,F,2-HIGH,Customer#000040528,AUTOMOBILE,INDONESIA,ASIA
269824,1992-01-16,40700.50,F,3-MEDIUM,Customer#000098204,BUILDING,VIETNAM,ASIA
396327,1992-01-16,211818.38,F,1-URGENT,Customer#000072536,FURNITURE,INDONESIA,ASIA
333793,1992-01-16,99954.25,F,1-URGENT,Customer#000080093,AUTOMOBILE,INDONESIA,ASIA
1154851,1992-01-16,181750.41,F,4-NOT SPECIFIED,Customer#000109906,BUILDING,RUSSIA,EUROPE
559936,1992-01-16,174316.37,F,2-HIGH,Customer#000143638,AUTOMOBILE,BRAZIL,AMERICA
398787,1992-01-16,294073.65,F,3-MEDIUM,Customer#000121427,HOUSEHOLD,KENYA,AFRICA
212867,1992-01-16,307867.56,F,2-HIGH,Customer#000119164,MACHINERY,ROMANIA,EUROPE
687907,1992-01-16,371490.52,F,1-URGENT,Customer#000063259,BUILDING,GERMANY,EUROPE
56007,1992-01-16,10071.61,F,2-HIGH,Customer#000141944,BUILDING,IRAQ,MIDDLE EAST
16807,1992-01-16,152576.26,F,3-MEDIUM,Customer#000062947,HOUSEHOLD,CHINA,ASIA
216134,1992-01-16,186137.94,F,1-URGENT,Customer#000130573,HOUSEHOLD,PERU,AMERICA
25351,1992-01-16,46192.50,F,3-MEDIUM,Customer#000149662,AUTOMOBILE,UNITED KINGDOM,EUROPE
620385,1992-01-16,237312.64,F,5-LOW,Customer#000000394,MACHINERY,UNITED KINGDOM,EUROPE
13027,1992-01-16,166342.68,F,1-URGENT,Customer#000095456,MACHINERY,VIETNAM,ASIA
713254,1992-01-16,254902.34,F,3-MEDIUM,Customer#000117443,FURNITURE,RUSSIA,EUROPE
938918,1992-01-16,178917.99,F,5-LOW,Customer#000012625,FURNITURE,CANADA,AMERICA
69796,1992-01-16,175550.65,F,4-NOT SPECIFIED,Customer#000048862,HOUSEHOLD,CHINA,ASIA
1133735,1992-01-16,131150.68,F,1-URGENT,Customer#000097402,MACHINERY,JORDAN,MIDDLE EAST
490850,1992-01-16,182406.46,F,3-MEDIUM,Customer#000111098,HOUSEHOLD,VIETNAM,ASIA
896615,1992-01-16,152231.41,F,3-MEDIUM,Customer#000123482,AUTOMOBILE,UNITED STATES,AMERICA
1102501,1992-01-16,123239.38,F,1-URGENT,Customer#000038719,AUTOMOBILE,UNITED KINGDOM,EUROPE
402727,1992-01-16,71409.34,F,4-NOT SPECIFIED,Customer#000103996,AUTOMOBILE,MOROCCO,AFRICA
276354,1992-01-16,13902.83,F,4-NOT SPECIFIED,Customer#000099640,BUILDING,CANADA,AMERICA
749475,1992-01-16,113693.51,F,5-LOW,Customer#000122042,FURNITURE,ARGENTINA,AMERICA
470627,1992-01-16,36616.44,F,5-LOW,Customer#000143872,HOUSEHOLD,KENYA,AFRICA
1099520,1992-01-16,32226.69,F,5-LOW,Customer#000080882,MACHINERY,KENYA,AFRICA
708455,1992-01-16,122347.43,F,1-URGENT,Customer#000036463,FURNITURE,VIETNAM,ASIA
3778531,1992-01-16,235937.86,F,1-URGENT,Customer#000090685,MACHINERY,MOROCCO,AFRICA
1650118,1992-01-16,142961.97,F,1-URGENT,Customer#000102268,BUILDING,CHINA,ASIA
1203687,1992-01-16,265869.32,F,4-NOT SPECIFIED,Customer#000102445,AUTOMOBILE,PERU,AMERICA
1264454,1992-01-16,64474.17,F,5-LOW,Customer#000136822,MACHINERY,INDIA,ASIA
1393856,1992-01-16,200503.13,F,2-HIGH,Customer#000086323,BUILDING,JAPAN,ASIA
1197634,1992-01-16,258349.93,F,1-URGENT,Customer#000009637,BUILDING,MOZAMBIQUE,AFRICA
3750211,1992-01-16,161186.29,F,3-MEDIUM,Customer#000065738,AUTOMOBILE,FRANCE,EUROPE
3936740,1992-01-16,99651.19,F,3-MEDIUM,Customer#000039955,MACHINERY,ARGENTINA,AMERICA
3919139,1992-01-16,57111.59,F,2-HIGH,Customer#000073417,MACHINERY,UNITED KINGDOM,EUROPE
1734439,1992-01-16,30246.45,F,3-MEDIUM,Customer#000086881,HOUSEHOLD,ETHIOPIA,AFRICA
1514243,1992-01-16,132952.31,F,3-MEDIUM,Customer#000131752,MACHINERY,ROMANIA,EUROPE
4128354,1992-01-16,92658.42,F,1-URGENT,Customer#000053212,MACHINERY,UNITED STATES,AMERICA
3745863,1992-01-16,76619.99,F,1-URGENT,Customer#000096976,HOUSEHOLD,IRAQ,MIDDLE EAST
879651,1992-01-16,136224.68,F,2-HIGH,Customer#000116891,MACHINERY,ETHIOPIA,AFRICA
4072481,1992-01-16,1662.22,F,5-LOW,Customer#000097925,MACHINERY,ARGENTINA,AMERICA
3844289,1992-01-16,146064.42,F,2-HIGH,Customer#000028681,BUILDING,GERMANY,EUROPE
3948487,1992-01-16,21925.20,F,1-URGENT,Customer#000069277,BUILDING,INDONESIA,ASIA
4107239,1992-01-16,213107.62,F,2-HIGH,Customer#000005572,BUILDING,IRAQ,MIDDLE EAST
972132,1992-01-16,195157.08,F,5-LOW,Customer#000068756,BUILDING,INDIA,ASIA
1516103,1992-01-16,344213.50,F,2-HIGH,Customer#000124138,HOUSEHOLD,UNITED KINGDOM,EUROPE
1242503,1992-01-16,1600.09,F,2-HIGH,Customer#000147430,HOUSEHOLD,ROMANIA,EUROPE
4105506,1992-01-16,147854.48,F,5-LOW,Customer#000123982,MACHINERY,EGYPT,MIDDLE EAST
3993443,1992-01-16,132771.85,F,1-URGENT,Customer#000108035,AUTOMOBILE,MOROCCO,AFRICA
1600705,1992-01-16,127916.82,F,1-URGENT,Customer#000069940,BUILDING,IRAN,MIDDLE EAST
3982243,1992-01-16,17871.27,F,2-HIGH,Customer#000074596,BUILDING,UNITED STATES,AMERICA
3962947,1992-01-16,7819.00,F,3-MEDIUM,Customer#000044018,FURNITURE,VIETNAM,ASIA
1489571,1992-01-16,7519.11,F,3-MEDIUM,Customer#000130238,HOUSEHOLD,CANADA,AMERICA
4036995,1992-01-16,257164.78,F,2-HIGH,Customer#000021694,BUILDING,MOZAMBIQUE,AFRICA
757154,1992-01-16,251176.59,F,2-HIGH,Customer#000119732,BUILDING,UNITED KINGDOM,EUROPE
3922244,1992-01-16,212117.31,F,3-MEDIUM,Customer#000011779,FURNITURE,KENYA,AFRICA
1239175,1992-01-16,104050.63,F,4-NOT SPECIFIED,Customer#000131113,BUILDING,ETHIOPIA,AFRICA
712453,1992-01-16,241485.02,F,3-MEDIUM,Customer#000071260,BUILDING,JORDAN,MIDDLE EAST
4001666,1992-01-16,12448.20,F,5-LOW,Customer#000126844,BUILDING,ETHIOPIA,AFRICA
1570534,1992-01-16,354272.67,F,4-NOT SPECIFIED,Customer#000104686,BUILDING,INDIA,ASIA
1277156,1992-01-16,45263.96,F,5-LOW,Customer#000103925,BUILDING,SAUDI ARABIA,MIDDLE EAST
1644838,1992-01-16,20431.58,F,2-HIGH,Customer#000015739,BUILDING,MOROCCO,AFRICA
1546663,1992-01-16,162537.12,F,3-MEDIUM,Customer#000145264,HOUSEHOLD,GERMANY,EUROPE
1278341,1992-01-16,349041.26,F,3-MEDIUM,Customer#000073373,BUILDING,UNITED STATES,AMERICA
1200705,1992-01-16,54619.66,F,3-MEDIUM,Customer#000040726,MACHINERY,ROMANIA,EUROPE
3755558,1992-01-16,213880.55,F,1-URGENT,Customer#000072677,MACHINERY,IRAN,MIDDLE EAST
4109761,1992-01-16,318746.26,F,1-URGENT,Customer#000079477,HOUSEHOLD,IRAN,MIDDLE EAST
1754048,1992-01-16,153387.43,F,2-HIGH,Customer#000078730,FURNITURE,BRAZIL,AMERICA
1267748,1992-01-16,279652.39,F,5-LOW,Customer#000076528,HOUSEHOLD,KENYA,AFRICA
4044737,1992-01-16,201189.31,F,1-URGENT,Customer#000145010,MACHINERY,MOZAMBIQUE,AFRICA
1259749,1992-01-16,230683.46,F,2-HIGH,Customer#000074461,HOUSEHOLD,GERMANY,EUROPE
4119140,1992-01-16,157878.78,F,2-HIGH,Customer#000050405,HOUSEHOLD,MOZAMBIQUE,AFRICA
1531111,1992-01-16,17661.06,F,5-LOW,Customer#000066709,BUILDING,ETHIOPIA,AFRICA
3712037,1992-01-16,113560.24,F,5-LOW,Customer#000055271,BUILDING,ALGERIA,AFRICA
1707489,1992-01-16,210546.89,F,1-URGENT,Customer#000126487,FURNITURE,INDONESIA,ASIA
974566,1992-01-16,160890.48,F,3-MEDIUM,Customer#000087910,MACHINERY,FRANCE,EUROPE
1612547,1992-01-16,83836.66,F,4-NOT SPECIFIED,Customer#000061589,MACHINERY,EGYPT,MIDDLE EAST
4136103,1992-01-16,216792.54,F,2-HIGH,Customer#000095188,HOUSEHOLD,KENYA,AFRICA
1052032,1992-01-16,116842.81,F,5-LOW,Customer#000113611,FURNITURE,JORDAN,MIDDLE EAST
3820422,1992-01-16,21467.27,F,4-NOT SPECIFIED,Customer#000009787,HOUSEHOLD,EGYPT,MIDDLE EAST
1282784,1992-01-16,77317.82,F,2-HIGH,Customer#000080077,MACHINERY,CANADA,AMERICA
3925027,1992-01-16,154648.29,F,1-URGENT,Customer#000003415,FURNITURE,IRAN,MIDDLE EAST
4139488,1992-01-16,172402.53,F,2-HIGH,Customer#000043078,AUTOMOBILE,ARGENTINA,AMERICA
1331235,1992-01-16,35216.34,F,5-LOW,Customer#000061823,AUTOMOBILE,BRAZIL,AMERICA
967749,1992-01-16,104554.89,F,5-LOW,Customer#000141028,HOUSEHOLD,GERMANY,EUROPE
958342,1992-01-16,90567.26,F,2-HIGH,Customer#000130561,MACHINERY,MOROCCO,AFRICA
801223,1992-01-16,200010.68,F,1-URGENT,Customer#000016672,FURNITURE,ETHIOPIA,AFRICA
668100,1992-01-16,108416.78,F,2-HIGH,Customer#000140863,BUILDING,ETHIOPIA,AFRICA
4012256,1992-01-16,224959.29,F,3-MEDIUM,Customer#000007699,HOUSEHOLD,CHINA,ASIA
3778977,1992-01-16,302795.70,F,5-LOW,Customer#000020863,BUILDING,UNITED STATES,AMERICA
963873,1992-01-16,93719.88,F,4-NOT SPECIFIED,Customer#000048019,HOUSEHOLD,FRANCE,EUROPE
3679522,1992-01-16,3941.15,F,4-NOT SPECIFIED,Customer#000148826,FURNITURE,GERMANY,EUROPE
1383746,1992-01-16,306297.06,F,3-MEDIUM,Customer#000090307,MACHINERY,FRANCE,EUROPE
699942,1992-01-16,203982.39,F,1-URGENT,Customer#000056759,MACHINERY,IRAQ,MIDDLE EAST
550887,1992-01-16,269863.56,F,1-URGENT,Customer#000133213,MACHINERY,MOZAMBIQUE,AFRICA
1004484,1992-01-16,313732.12,F,1-URGENT,Customer#000102706,HOUSEHOLD,JORDAN,MIDDLE EAST
856386,1992-01-16,37302.20,F,3-MEDIUM,Customer#000042880,FURNITURE,ETHIOPIA,AFRICA
1034691,1992-01-16,46087.33,F,3-MEDIUM,Customer#000101497,HOUSEHOLD,RUSSIA,EUROPE
719911,1992-01-16,70266.01,F,3-MEDIUM,Customer#000095498,MACHINERY,GERMANY,EUROPE
1194821,1992-01-16,184303.13,F,4-NOT SPECIFIED,Customer#000042697,FURNITURE,EGYPT,MIDDLE EAST
687008,1992-01-16,76703.51,F,3-MEDIUM,Customer#000056567,HOUSEHOLD,CHINA,ASIA
1040098,1992-01-16,20493.98,F,5-LOW,Customer#000042913,MACHINERY,VIETNAM,ASIA
765186,1992-01-16,33322.46,F,4-NOT SPECIFIED,Customer#000030683,HOUSEHOLD,ROMANIA,EUROPE
1028582,1992-01-16,96771.11,F,5-LOW,Customer#000008684,FURNITURE,ARGENTINA,AMERICA
5620449,1992-01-16,246901.04,F,4-NOT SPECIFIED,Customer#000027775,FURNITURE,IRAQ,MIDDLE EAST
1154657,1992-01-16,206034.70,F,1-URGENT,Customer#000081032,AUTOMOBILE,IRAQ,MIDDLE EAST
5338529,1992-01-16,39241.25,F,5-LOW,Customer#000094321,MACHINERY,GERMANY,EUROPE
706148,1992-01-16,211206.94,F,1-URGENT,Customer#000074558,AUTOMOBILE,KENYA,AFRICA
1043975,1992-01-16,283194.64,F,1-URGENT,Customer#000037045,HOUSEHOLD,CANADA,AMERICA
1057990,1992-01-16,15174.79,F,3-MEDIUM,Customer#000080435,HOUSEHOLD,INDONESIA,ASIA
722594,1992-01-16,306876.43,F,3-MEDIUM,Customer#000066001,MACHINERY,ROMANIA,EUROPE
5658913,1992-01-16,91477.37,F,1-URGENT,Customer#000121561,FURNITURE,JAPAN,ASIA
5268099,1992-01-16,316127.04,F,3-MEDIUM,Customer#000115768,BUILDING,SAUDI ARABIA,MIDDLE EAST
5959751,1992-01-16,154243.74,F,2-HIGH,Customer#000121399,AUTOMOBILE,INDONESIA,ASIA
5397249,1992-01-16,333004.91,F,1-URGENT,Customer#000118447,FURNITURE,IRAQ,MIDDLE EAST
5486599,1992-01-16,166926.40,F,5-LOW,Customer#000098635,FURNITURE,CANADA,AMERICA
843782,1992-01-17,122271.24,F,3-MEDIUM,Customer#000116881,BUILDING,CANADA,AMERICA
624993,1992-01-17,103302.56,F,4-NOT SPECIFIED,Customer#000085757,AUTOMOBILE,SAUDI ARABIA,MIDDLE EAST
600448,1992-01-17,196611.36,F,5-LOW,Customer#000047941,MACHINERY,VIETNAM,ASIA
676615,1992-01-17,190265.37,F,2-HIGH,Customer#000072268,HOUSEHOLD,CANADA,AMERICA